REF_AREA,Reference area,Measure,UNIT_MEASURE,TIME_PERIOD,OBS_VALUE,OBS_STATUS,handle,domain,role,direction,use,pooled,unit_type,value_flipped,pool_label,pool_midyear,pool_idx
ARG,Argentina,"Deaths from suicide, alcohol, drugs",DT_10P5HB,2010,13.6873338182,A,deaths_despair,Health,lived,-1,core,False,rate_per_100k,-13.6873338182,,,
ARG,Argentina,"Deaths from suicide, alcohol, drugs",DT_10P5HB,2011,13.4968832546,A,deaths_despair,Health,lived,-1,core,False,rate_per_100k,-13.4968832546,,,
ARG,Argentina,"Deaths from suicide, alcohol, drugs",DT_10P5HB,2012,14.6549832628,A,deaths_despair,Health,lived,-1,core,False,rate_per_100k,-14.6549832628,,,
ARG,Argentina,"Deaths from suicide, alcohol, drugs",DT_10P5HB,2013,14.1876982195,A,deaths_despair,Health,lived,-1,core,False,rate_per_100k,-14.1876982195,,,
ARG,Argentina,"Deaths from suicide, alcohol, drugs",DT_10P5HB,2014,15.1542407355,A,deaths_despair,Health,lived,-1,core,False,rate_per_100k,-15.1542407355,,,
ARG,Argentina,"Deaths from suicide, alcohol, drugs",DT_10P5HB,2015,16.0677168437,A,deaths_despair,Health,lived,-1,core,False,rate_per_100k,-16.0677168437,,,
ARG,Argentina,"Deaths from suicide, alcohol, drugs",DT_10P5HB,2016,16.4317711519,A,deaths_despair,Health,lived,-1,core,False,rate_per_100k,-16.4317711519,,,
ARG,Argentina,"Deaths from suicide, alcohol, drugs",DT_10P5HB,2017,15.4667400525,A,deaths_despair,Health,lived,-1,core,False,rate_per_100k,-15.4667400525,,,
ARG,Argentina,"Deaths from suicide, alcohol, drugs",DT_10P5HB,2018,15.510807415,A,deaths_despair,Health,lived,-1,core,False,rate_per_100k,-15.510807415,,,
ARG,Argentina,"Deaths from suicide, alcohol, drugs",DT_10P5HB,2019,15.395858078,A,deaths_despair,Health,lived,-1,core,False,rate_per_100k,-15.395858078,,,
ARG,Argentina,"Deaths from suicide, alcohol, drugs",DT_10P5HB,2020,14.2576323256,A,deaths_despair,Health,lived,-1,core,False,rate_per_100k,-14.2576323256,,,
ARG,Argentina,"Deaths from suicide, alcohol, drugs",DT_10P5HB,2021,15.2414246761,A,deaths_despair,Health,lived,-1,core,False,rate_per_100k,-15.2414246761,,,
ARG,Argentina,"Deaths from suicide, alcohol, drugs",DT_10P5HB,2022,15.3642071227,A,deaths_despair,Health,lived,-1,core,False,rate_per_100k,-15.3642071227,,,
ARG,Argentina,"Deaths from suicide, alcohol, drugs",DT_10P5HB,2023,15.074867208,A,deaths_despair,Health,lived,-1,core,False,rate_per_100k,-15.074867208,,,
AUT,Austria,"Deaths from suicide, alcohol, drugs",DT_10P5HB,2010,24.4961583612,A,deaths_despair,Health,lived,-1,core,False,rate_per_100k,-24.4961583612,,,
AUT,Austria,"Deaths from suicide, alcohol, drugs",DT_10P5HB,2011,24.652085057,A,deaths_despair,Health,lived,-1,core,False,rate_per_100k,-24.652085057,,,
AUT,Austria,"Deaths from suicide, alcohol, drugs",DT_10P5HB,2012,23.690651513,A,deaths_despair,Health,lived,-1,core,False,rate_per_100k,-23.690651513,,,
AUT,Austria,"Deaths from suicide, alcohol, drugs",DT_10P5HB,2013,22.3272514253,A,deaths_despair,Health,lived,-1,core,False,rate_per_100k,-22.3272514253,,,
AUT,Austria,"Deaths from suicide, alcohol, drugs",DT_10P5HB,2014,22.8449746749,A,deaths_despair,Health,lived,-1,core,False,rate_per_100k,-22.8449746749,,,
AUT,Austria,"Deaths from suicide, alcohol, drugs",DT_10P5HB,2015,22.0417622628,A,deaths_despair,Health,lived,-1,core,False,rate_per_100k,-22.0417622628,,,
AUT,Austria,"Deaths from suicide, alcohol, drugs",DT_10P5HB,2016,20.61805516,A,deaths_despair,Health,lived,-1,core,False,rate_per_100k,-20.61805516,,,
AUT,Austria,"Deaths from suicide, alcohol, drugs",DT_10P5HB,2017,20.2310478207,A,deaths_despair,Health,lived,-1,core,False,rate_per_100k,-20.2310478207,,,
AUT,Austria,"Deaths from suicide, alcohol, drugs",DT_10P5HB,2018,19.7573719442,A,deaths_despair,Health,lived,-1,core,False,rate_per_100k,-19.7573719442,,,
AUT,Austria,"Deaths from suicide, alcohol, drugs",DT_10P5HB,2019,18.8554621954,A,deaths_despair,Health,lived,-1,core,False,rate_per_100k,-18.8554621954,,,
AUT,Austria,"Deaths from suicide, alcohol, drugs",DT_10P5HB,2020,18.3727486609,A,deaths_despair,Health,lived,-1,core,False,rate_per_100k,-18.3727486609,,,
AUT,Austria,"Deaths from suicide, alcohol, drugs",DT_10P5HB,2021,18.1980805055,A,deaths_despair,Health,lived,-1,core,False,rate_per_100k,-18.1980805055,,,
AUT,Austria,"Deaths from suicide, alcohol, drugs",DT_10P5HB,2022,20.322291838,A,deaths_despair,Health,lived,-1,core,False,rate_per_100k,-20.322291838,,,
AUT,Austria,"Deaths from suicide, alcohol, drugs",DT_10P5HB,2023,20.5235034913,A,deaths_despair,Health,lived,-1,core,False,rate_per_100k,-20.5235034913,,,
AUT,Austria,"Deaths from suicide, alcohol, drugs",DT_10P5HB,2024,21.112608907,A,deaths_despair,Health,lived,-1,core,False,rate_per_100k,-21.112608907,,,
BEL,Belgium,"Deaths from suicide, alcohol, drugs",DT_10P5HB,2010,22.5036161123,A,deaths_despair,Health,lived,-1,core,False,rate_per_100k,-22.5036161123,,,
BEL,Belgium,"Deaths from suicide, alcohol, drugs",DT_10P5HB,2011,23.2301789755,A,deaths_despair,Health,lived,-1,core,False,rate_per_100k,-23.2301789755,,,
BEL,Belgium,"Deaths from suicide, alcohol, drugs",DT_10P5HB,2012,23.444440011,A,deaths_despair,Health,lived,-1,core,False,rate_per_100k,-23.444440011,,,
BEL,Belgium,"Deaths from suicide, alcohol, drugs",DT_10P5HB,2013,21.4524873021,A,deaths_despair,Health,lived,-1,core,False,rate_per_100k,-21.4524873021,,,
BEL,Belgium,"Deaths from suicide, alcohol, drugs",DT_10P5HB,2014,21.7760758015,A,deaths_despair,Health,lived,-1,core,False,rate_per_100k,-21.7760758015,,,
BEL,Belgium,"Deaths from suicide, alcohol, drugs",DT_10P5HB,2015,21.3793137676,A,deaths_despair,Health,lived,-1,core,False,rate_per_100k,-21.3793137676,,,
BEL,Belgium,"Deaths from suicide, alcohol, drugs",DT_10P5HB,2016,21.9819814341,A,deaths_despair,Health,lived,-1,core,False,rate_per_100k,-21.9819814341,,,
BEL,Belgium,"Deaths from suicide, alcohol, drugs",DT_10P5HB,2017,20.2658830595,A,deaths_despair,Health,lived,-1,core,False,rate_per_100k,-20.2658830595,,,
BEL,Belgium,"Deaths from suicide, alcohol, drugs",DT_10P5HB,2018,23.1790652311,A,deaths_despair,Health,lived,-1,core,False,rate_per_100k,-23.1790652311,,,
BEL,Belgium,"Deaths from suicide, alcohol, drugs",DT_10P5HB,2019,21.8672714094,A,deaths_despair,Health,lived,-1,core,False,rate_per_100k,-21.8672714094,,,
BEL,Belgium,"Deaths from suicide, alcohol, drugs",DT_10P5HB,2020,22.0183154875,A,deaths_despair,Health,lived,-1,core,False,rate_per_100k,-22.0183154875,,,
BEL,Belgium,"Deaths from suicide, alcohol, drugs",DT_10P5HB,2021,21.7059628824,A,deaths_despair,Health,lived,-1,core,False,rate_per_100k,-21.7059628824,,,
BEL,Belgium,"Deaths from suicide, alcohol, drugs",DT_10P5HB,2022,22.2954841777,A,deaths_despair,Health,lived,-1,core,False,rate_per_100k,-22.2954841777,,,
BGR,Bulgaria,"Deaths from suicide, alcohol, drugs",DT_10P5HB,2010,13.5222971122,A,deaths_despair,Health,lived,-1,core,False,rate_per_100k,-13.5222971122,,,
BGR,Bulgaria,"Deaths from suicide, alcohol, drugs",DT_10P5HB,2011,12.1230456864,A,deaths_despair,Health,lived,-1,core,False,rate_per_100k,-12.1230456864,,,
BGR,Bulgaria,"Deaths from suicide, alcohol, drugs",DT_10P5HB,2012,13.6311363153,A,deaths_despair,Health,lived,-1,core,False,rate_per_100k,-13.6311363153,,,
BGR,Bulgaria,"Deaths from suicide, alcohol, drugs",DT_10P5HB,2013,26.0188029876,A,deaths_despair,Health,lived,-1,core,False,rate_per_100k,-26.0188029876,,,
BGR,Bulgaria,"Deaths from suicide, alcohol, drugs",DT_10P5HB,2014,26.6314375817,A,deaths_despair,Health,lived,-1,core,False,rate_per_100k,-26.6314375817,,,
BGR,Bulgaria,"Deaths from suicide, alcohol, drugs",DT_10P5HB,2015,27.7331611054,A,deaths_despair,Health,lived,-1,core,False,rate_per_100k,-27.7331611054,,,
BGR,Bulgaria,"Deaths from suicide, alcohol, drugs",DT_10P5HB,2016,28.4490155798,A,deaths_despair,Health,lived,-1,core,False,rate_per_100k,-28.4490155798,,,
BGR,Bulgaria,"Deaths from suicide, alcohol, drugs",DT_10P5HB,2017,28.3324335648,A,deaths_despair,Health,lived,-1,core,False,rate_per_100k,-28.3324335648,,,
BGR,Bulgaria,"Deaths from suicide, alcohol, drugs",DT_10P5HB,2018,26.899703079,A,deaths_despair,Health,lived,-1,core,False,rate_per_100k,-26.899703079,,,
BGR,Bulgaria,"Deaths from suicide, alcohol, drugs",DT_10P5HB,2019,27.7537550284,A,deaths_despair,Health,lived,-1,core,False,rate_per_100k,-27.7537550284,,,
BGR,Bulgaria,"Deaths from suicide, alcohol, drugs",DT_10P5HB,2020,27.5318442156,A,deaths_despair,Health,lived,-1,core,False,rate_per_100k,-27.5318442156,,,
BGR,Bulgaria,"Deaths from suicide, alcohol, drugs",DT_10P5HB,2021,28.7969265578,A,deaths_despair,Health,lived,-1,core,False,rate_per_100k,-28.7969265578,,,
BGR,Bulgaria,"Deaths from suicide, alcohol, drugs",DT_10P5HB,2022,27.2801510029,A,deaths_despair,Health,lived,-1,core,False,rate_per_100k,-27.2801510029,,,
BGR,Bulgaria,"Deaths from suicide, alcohol, drugs",DT_10P5HB,2023,27.4308060908,A,deaths_despair,Health,lived,-1,core,False,rate_per_100k,-27.4308060908,,,
BRA,Brazil,"Deaths from suicide, alcohol, drugs",DT_10P5HB,2010,14.4486224358,A,deaths_despair,Health,lived,-1,core,False,rate_per_100k,-14.4486224358,,,
BRA,Brazil,"Deaths from suicide, alcohol, drugs",DT_10P5HB,2011,14.4836515298,A,deaths_despair,Health,lived,-1,core,False,rate_per_100k,-14.4836515298,,,
BRA,Brazil,"Deaths from suicide, alcohol, drugs",DT_10P5HB,2012,14.3998937805,A,deaths_despair,Health,lived,-1,core,False,rate_per_100k,-14.3998937805,,,
BRA,Brazil,"Deaths from suicide, alcohol, drugs",DT_10P5HB,2013,14.2531128872,A,deaths_despair,Health,lived,-1,core,False,rate_per_100k,-14.2531128872,,,
BRA,Brazil,"Deaths from suicide, alcohol, drugs",DT_10P5HB,2014,13.87704951,A,deaths_despair,Health,lived,-1,core,False,rate_per_100k,-13.87704951,,,
BRA,Brazil,"Deaths from suicide, alcohol, drugs",DT_10P5HB,2015,14.1333829627,A,deaths_despair,Health,lived,-1,core,False,rate_per_100k,-14.1333829627,,,
BRA,Brazil,"Deaths from suicide, alcohol, drugs",DT_10P5HB,2016,14.0764035342,A,deaths_despair,Health,lived,-1,core,False,rate_per_100k,-14.0764035342,,,
BRA,Brazil,"Deaths from suicide, alcohol, drugs",DT_10P5HB,2017,14.1016431357,A,deaths_despair,Health,lived,-1,core,False,rate_per_100k,-14.1016431357,,,
BRA,Brazil,"Deaths from suicide, alcohol, drugs",DT_10P5HB,2018,13.9365708642,A,deaths_despair,Health,lived,-1,core,False,rate_per_100k,-13.9365708642,,,
BRA,Brazil,"Deaths from suicide, alcohol, drugs",DT_10P5HB,2019,13.803815187,A,deaths_despair,Health,lived,-1,core,False,rate_per_100k,-13.803815187,,,
BRA,Brazil,"Deaths from suicide, alcohol, drugs",DT_10P5HB,2020,13.7933809842,A,deaths_despair,Health,lived,-1,core,False,rate_per_100k,-13.7933809842,,,
BRA,Brazil,"Deaths from suicide, alcohol, drugs",DT_10P5HB,2021,14.9894739637,A,deaths_despair,Health,lived,-1,core,False,rate_per_100k,-14.9894739637,,,
BRA,Brazil,"Deaths from suicide, alcohol, drugs",DT_10P5HB,2022,14.9859689992,A,deaths_despair,Health,lived,-1,core,False,rate_per_100k,-14.9859689992,,,
BRA,Brazil,"Deaths from suicide, alcohol, drugs",DT_10P5HB,2023,14.8191475274,A,deaths_despair,Health,lived,-1,core,False,rate_per_100k,-14.8191475274,,,
CAN,Canada,"Deaths from suicide, alcohol, drugs",DT_10P5HB,2010,18.563685777,A,deaths_despair,Health,lived,-1,core,False,rate_per_100k,-18.563685777,,,
CAN,Canada,"Deaths from suicide, alcohol, drugs",DT_10P5HB,2011,17.6966849514,A,deaths_despair,Health,lived,-1,core,False,rate_per_100k,-17.6966849514,,,
CAN,Canada,"Deaths from suicide, alcohol, drugs",DT_10P5HB,2012,18.6720356536,A,deaths_despair,Health,lived,-1,core,False,rate_per_100k,-18.6720356536,,,
CAN,Canada,"Deaths from suicide, alcohol, drugs",DT_10P5HB,2013,18.944204141,A,deaths_despair,Health,lived,-1,core,False,rate_per_100k,-18.944204141,,,
CAN,Canada,"Deaths from suicide, alcohol, drugs",DT_10P5HB,2014,20.0678560944,A,deaths_despair,Health,lived,-1,core,False,rate_per_100k,-20.0678560944,,,
CAN,Canada,"Deaths from suicide, alcohol, drugs",DT_10P5HB,2015,20.3708479118,A,deaths_despair,Health,lived,-1,core,False,rate_per_100k,-20.3708479118,,,
CAN,Canada,"Deaths from suicide, alcohol, drugs",DT_10P5HB,2016,26.3601988103,A,deaths_despair,Health,lived,-1,core,False,rate_per_100k,-26.3601988103,,,
CAN,Canada,"Deaths from suicide, alcohol, drugs",DT_10P5HB,2017,30.0214662017,A,deaths_despair,Health,lived,-1,core,False,rate_per_100k,-30.0214662017,,,
CAN,Canada,"Deaths from suicide, alcohol, drugs",DT_10P5HB,2018,30.248265311,A,deaths_despair,Health,lived,-1,core,False,rate_per_100k,-30.248265311,,,
CAN,Canada,"Deaths from suicide, alcohol, drugs",DT_10P5HB,2019,28.9956677936,A,deaths_despair,Health,lived,-1,core,False,rate_per_100k,-28.9956677936,,,
CAN,Canada,"Deaths from suicide, alcohol, drugs",DT_10P5HB,2020,33.9630585057,A,deaths_despair,Health,lived,-1,core,False,rate_per_100k,-33.9630585057,,,
CAN,Canada,"Deaths from suicide, alcohol, drugs",DT_10P5HB,2021,35.9396527234,A,deaths_despair,Health,lived,-1,core,False,rate_per_100k,-35.9396527234,,,
CAN,Canada,"Deaths from suicide, alcohol, drugs",DT_10P5HB,2022,36.0369026805,A,deaths_despair,Health,lived,-1,core,False,rate_per_100k,-36.0369026805,,,
CAN,Canada,"Deaths from suicide, alcohol, drugs",DT_10P5HB,2023,34.3420965911,A,deaths_despair,Health,lived,-1,core,False,rate_per_100k,-34.3420965911,,,
CAN,Canada,"Deaths from suicide, alcohol, drugs",DT_10P5HB,2024,32.7798473529,A,deaths_despair,Health,lived,-1,core,False,rate_per_100k,-32.7798473529,,,
CHE,Switzerland,"Deaths from suicide, alcohol, drugs",DT_10P5HB,2010,14.9724667394,A,deaths_despair,Health,lived,-1,core,False,rate_per_100k,-14.9724667394,,,
CHE,Switzerland,"Deaths from suicide, alcohol, drugs",DT_10P5HB,2011,15.2205906714,A,deaths_despair,Health,lived,-1,core,False,rate_per_100k,-15.2205906714,,,
CHE,Switzerland,"Deaths from suicide, alcohol, drugs",DT_10P5HB,2012,14.7278207959,A,deaths_despair,Health,lived,-1,core,False,rate_per_100k,-14.7278207959,,,
CHE,Switzerland,"Deaths from suicide, alcohol, drugs",DT_10P5HB,2013,15.0382790811,A,deaths_despair,Health,lived,-1,core,False,rate_per_100k,-15.0382790811,,,
CHE,Switzerland,"Deaths from suicide, alcohol, drugs",DT_10P5HB,2014,14.5523933776,A,deaths_despair,Health,lived,-1,core,False,rate_per_100k,-14.5523933776,,,
CHE,Switzerland,"Deaths from suicide, alcohol, drugs",DT_10P5HB,2015,14.6409715913,A,deaths_despair,Health,lived,-1,core,False,rate_per_100k,-14.6409715913,,,
CHE,Switzerland,"Deaths from suicide, alcohol, drugs",DT_10P5HB,2016,13.9928243736,A,deaths_despair,Health,lived,-1,core,False,rate_per_100k,-13.9928243736,,,
CHE,Switzerland,"Deaths from suicide, alcohol, drugs",DT_10P5HB,2017,14.0368130534,A,deaths_despair,Health,lived,-1,core,False,rate_per_100k,-14.0368130534,,,
CHE,Switzerland,"Deaths from suicide, alcohol, drugs",DT_10P5HB,2018,13.4992409219,A,deaths_despair,Health,lived,-1,core,False,rate_per_100k,-13.4992409219,,,
CHE,Switzerland,"Deaths from suicide, alcohol, drugs",DT_10P5HB,2019,13.4190791614,A,deaths_despair,Health,lived,-1,core,False,rate_per_100k,-13.4190791614,,,
CHE,Switzerland,"Deaths from suicide, alcohol, drugs",DT_10P5HB,2020,12.8624192492,A,deaths_despair,Health,lived,-1,core,False,rate_per_100k,-12.8624192492,,,
CHE,Switzerland,"Deaths from suicide, alcohol, drugs",DT_10P5HB,2021,13.0361430046,A,deaths_despair,Health,lived,-1,core,False,rate_per_100k,-13.0361430046,,,
CHE,Switzerland,"Deaths from suicide, alcohol, drugs",DT_10P5HB,2022,12.2926021849,A,deaths_despair,Health,lived,-1,core,False,rate_per_100k,-12.2926021849,,,
CHE,Switzerland,"Deaths from suicide, alcohol, drugs",DT_10P5HB,2023,12.7715770627,A,deaths_despair,Health,lived,-1,core,False,rate_per_100k,-12.7715770627,,,
CHL,Chile,"Deaths from suicide, alcohol, drugs",DT_10P5HB,2010,24.6606240504,A,deaths_despair,Health,lived,-1,core,False,rate_per_100k,-24.6606240504,,,
CHL,Chile,"Deaths from suicide, alcohol, drugs",DT_10P5HB,2011,23.0974444461,A,deaths_despair,Health,lived,-1,core,False,rate_per_100k,-23.0974444461,,,
CHL,Chile,"Deaths from suicide, alcohol, drugs",DT_10P5HB,2012,20.4264191603,A,deaths_despair,Health,lived,-1,core,False,rate_per_100k,-20.4264191603,,,
CHL,Chile,"Deaths from suicide, alcohol, drugs",DT_10P5HB,2013,17.6227197152,A,deaths_despair,Health,lived,-1,core,False,rate_per_100k,-17.6227197152,,,
CHL,Chile,"Deaths from suicide, alcohol, drugs",DT_10P5HB,2014,16.8147535454,A,deaths_despair,Health,lived,-1,core,False,rate_per_100k,-16.8147535454,,,
CHL,Chile,"Deaths from suicide, alcohol, drugs",DT_10P5HB,2015,17.1014379341,A,deaths_despair,Health,lived,-1,core,False,rate_per_100k,-17.1014379341,,,
CHL,Chile,"Deaths from suicide, alcohol, drugs",DT_10P5HB,2016,17.3657564674,A,deaths_despair,Health,lived,-1,core,False,rate_per_100k,-17.3657564674,,,
CHL,Chile,"Deaths from suicide, alcohol, drugs",DT_10P5HB,2017,17.14162632,A,deaths_despair,Health,lived,-1,core,False,rate_per_100k,-17.14162632,,,
CHL,Chile,"Deaths from suicide, alcohol, drugs",DT_10P5HB,2018,17.3178388376,A,deaths_despair,Health,lived,-1,core,False,rate_per_100k,-17.3178388376,,,
CHL,Chile,"Deaths from suicide, alcohol, drugs",DT_10P5HB,2019,15.5113990088,A,deaths_despair,Health,lived,-1,core,False,rate_per_100k,-15.5113990088,,,
CHL,Chile,"Deaths from suicide, alcohol, drugs",DT_10P5HB,2020,14.7252144653,A,deaths_despair,Health,lived,-1,core,False,rate_per_100k,-14.7252144653,,,
CHL,Chile,"Deaths from suicide, alcohol, drugs",DT_10P5HB,2021,15.2332882512,A,deaths_despair,Health,lived,-1,core,False,rate_per_100k,-15.2332882512,,,
CHL,Chile,"Deaths from suicide, alcohol, drugs",DT_10P5HB,2022,17.2368991921,A,deaths_despair,Health,lived,-1,core,False,rate_per_100k,-17.2368991921,,,
CHL,Chile,"Deaths from suicide, alcohol, drugs",DT_10P5HB,2023,16.188794093,A,deaths_despair,Health,lived,-1,core,False,rate_per_100k,-16.188794093,,,
COL,Colombia,"Deaths from suicide, alcohol, drugs",DT_10P5HB,2010,13.4306518453,A,deaths_despair,Health,lived,-1,core,False,rate_per_100k,-13.4306518453,,,
COL,Colombia,"Deaths from suicide, alcohol, drugs",DT_10P5HB,2011,12.3414575755,A,deaths_despair,Health,lived,-1,core,False,rate_per_100k,-12.3414575755,,,
COL,Colombia,"Deaths from suicide, alcohol, drugs",DT_10P5HB,2012,12.6672438571,A,deaths_despair,Health,lived,-1,core,False,rate_per_100k,-12.6672438571,,,
COL,Colombia,"Deaths from suicide, alcohol, drugs",DT_10P5HB,2013,12.2275821105,A,deaths_despair,Health,lived,-1,core,False,rate_per_100k,-12.2275821105,,,
COL,Colombia,"Deaths from suicide, alcohol, drugs",DT_10P5HB,2014,12.7074287625,A,deaths_despair,Health,lived,-1,core,False,rate_per_100k,-12.7074287625,,,
COL,Colombia,"Deaths from suicide, alcohol, drugs",DT_10P5HB,2015,13.304912167,A,deaths_despair,Health,lived,-1,core,False,rate_per_100k,-13.304912167,,,
COL,Colombia,"Deaths from suicide, alcohol, drugs",DT_10P5HB,2016,14.4848713294,A,deaths_despair,Health,lived,-1,core,False,rate_per_100k,-14.4848713294,,,
COL,Colombia,"Deaths from suicide, alcohol, drugs",DT_10P5HB,2017,13.776147808,A,deaths_despair,Health,lived,-1,core,False,rate_per_100k,-13.776147808,,,
COL,Colombia,"Deaths from suicide, alcohol, drugs",DT_10P5HB,2018,14.1218058762,A,deaths_despair,Health,lived,-1,core,False,rate_per_100k,-14.1218058762,,,
COL,Colombia,"Deaths from suicide, alcohol, drugs",DT_10P5HB,2019,13.8487226164,A,deaths_despair,Health,lived,-1,core,False,rate_per_100k,-13.8487226164,,,
COL,Colombia,"Deaths from suicide, alcohol, drugs",DT_10P5HB,2020,12.86017013,A,deaths_despair,Health,lived,-1,core,False,rate_per_100k,-12.86017013,,,
COL,Colombia,"Deaths from suicide, alcohol, drugs",DT_10P5HB,2021,13.9937688226,A,deaths_despair,Health,lived,-1,core,False,rate_per_100k,-13.9937688226,,,
COL,Colombia,"Deaths from suicide, alcohol, drugs",DT_10P5HB,2022,13.4507963179,A,deaths_despair,Health,lived,-1,core,False,rate_per_100k,-13.4507963179,,,
COL,Colombia,"Deaths from suicide, alcohol, drugs",DT_10P5HB,2023,13.2122913704,A,deaths_despair,Health,lived,-1,core,False,rate_per_100k,-13.2122913704,,,
CRI,Costa Rica,"Deaths from suicide, alcohol, drugs",DT_10P5HB,2010,12.3812633556,A,deaths_despair,Health,lived,-1,core,False,rate_per_100k,-12.3812633556,,,
CRI,Costa Rica,"Deaths from suicide, alcohol, drugs",DT_10P5HB,2011,12.6278390178,A,deaths_despair,Health,lived,-1,core,False,rate_per_100k,-12.6278390178,,,
CRI,Costa Rica,"Deaths from suicide, alcohol, drugs",DT_10P5HB,2012,11.1767559663,A,deaths_despair,Health,lived,-1,core,False,rate_per_100k,-11.1767559663,,,
CRI,Costa Rica,"Deaths from suicide, alcohol, drugs",DT_10P5HB,2013,11.5484485017,A,deaths_despair,Health,lived,-1,core,False,rate_per_100k,-11.5484485017,,,
CRI,Costa Rica,"Deaths from suicide, alcohol, drugs",DT_10P5HB,2014,10.0163735467,A,deaths_despair,Health,lived,-1,core,False,rate_per_100k,-10.0163735467,,,
CRI,Costa Rica,"Deaths from suicide, alcohol, drugs",DT_10P5HB,2015,12.0820985315,A,deaths_despair,Health,lived,-1,core,False,rate_per_100k,-12.0820985315,,,
CRI,Costa Rica,"Deaths from suicide, alcohol, drugs",DT_10P5HB,2016,11.5067284168,A,deaths_despair,Health,lived,-1,core,False,rate_per_100k,-11.5067284168,,,
CRI,Costa Rica,"Deaths from suicide, alcohol, drugs",DT_10P5HB,2017,10.4531592379,A,deaths_despair,Health,lived,-1,core,False,rate_per_100k,-10.4531592379,,,
CRI,Costa Rica,"Deaths from suicide, alcohol, drugs",DT_10P5HB,2018,13.2159046166,A,deaths_despair,Health,lived,-1,core,False,rate_per_100k,-13.2159046166,,,
CRI,Costa Rica,"Deaths from suicide, alcohol, drugs",DT_10P5HB,2019,13.5836455945,A,deaths_despair,Health,lived,-1,core,False,rate_per_100k,-13.5836455945,,,
CRI,Costa Rica,"Deaths from suicide, alcohol, drugs",DT_10P5HB,2020,10.9976039199,A,deaths_despair,Health,lived,-1,core,False,rate_per_100k,-10.9976039199,,,
CRI,Costa Rica,"Deaths from suicide, alcohol, drugs",DT_10P5HB,2021,12.3424058552,A,deaths_despair,Health,lived,-1,core,False,rate_per_100k,-12.3424058552,,,
CRI,Costa Rica,"Deaths from suicide, alcohol, drugs",DT_10P5HB,2022,13.6849564557,A,deaths_despair,Health,lived,-1,core,False,rate_per_100k,-13.6849564557,,,
CRI,Costa Rica,"Deaths from suicide, alcohol, drugs",DT_10P5HB,2023,13.5437323035,A,deaths_despair,Health,lived,-1,core,False,rate_per_100k,-13.5437323035,,,
CZE,Czechia,"Deaths from suicide, alcohol, drugs",DT_10P5HB,2010,20.8633810325,A,deaths_despair,Health,lived,-1,core,False,rate_per_100k,-20.8633810325,,,
CZE,Czechia,"Deaths from suicide, alcohol, drugs",DT_10P5HB,2011,21.4199081035,A,deaths_despair,Health,lived,-1,core,False,rate_per_100k,-21.4199081035,,,
CZE,Czechia,"Deaths from suicide, alcohol, drugs",DT_10P5HB,2012,21.3606061093,A,deaths_despair,Health,lived,-1,core,False,rate_per_100k,-21.3606061093,,,
CZE,Czechia,"Deaths from suicide, alcohol, drugs",DT_10P5HB,2013,20.1686284021,A,deaths_despair,Health,lived,-1,core,False,rate_per_100k,-20.1686284021,,,
CZE,Czechia,"Deaths from suicide, alcohol, drugs",DT_10P5HB,2014,19.460105926,A,deaths_despair,Health,lived,-1,core,False,rate_per_100k,-19.460105926,,,
CZE,Czechia,"Deaths from suicide, alcohol, drugs",DT_10P5HB,2015,18.4308092248,A,deaths_despair,Health,lived,-1,core,False,rate_per_100k,-18.4308092248,,,
CZE,Czechia,"Deaths from suicide, alcohol, drugs",DT_10P5HB,2016,20.5190468463,A,deaths_despair,Health,lived,-1,core,False,rate_per_100k,-20.5190468463,,,
CZE,Czechia,"Deaths from suicide, alcohol, drugs",DT_10P5HB,2017,21.2272723868,A,deaths_despair,Health,lived,-1,core,False,rate_per_100k,-21.2272723868,,,
CZE,Czechia,"Deaths from suicide, alcohol, drugs",DT_10P5HB,2018,20.9159206076,A,deaths_despair,Health,lived,-1,core,False,rate_per_100k,-20.9159206076,,,
CZE,Czechia,"Deaths from suicide, alcohol, drugs",DT_10P5HB,2019,19.1519452076,A,deaths_despair,Health,lived,-1,core,False,rate_per_100k,-19.1519452076,,,
CZE,Czechia,"Deaths from suicide, alcohol, drugs",DT_10P5HB,2020,19.404861597,A,deaths_despair,Health,lived,-1,core,False,rate_per_100k,-19.404861597,,,
CZE,Czechia,"Deaths from suicide, alcohol, drugs",DT_10P5HB,2021,20.307516376,A,deaths_despair,Health,lived,-1,core,False,rate_per_100k,-20.307516376,,,
CZE,Czechia,"Deaths from suicide, alcohol, drugs",DT_10P5HB,2022,20.4552036196,A,deaths_despair,Health,lived,-1,core,False,rate_per_100k,-20.4552036196,,,
CZE,Czechia,"Deaths from suicide, alcohol, drugs",DT_10P5HB,2023,20.0536756049,A,deaths_despair,Health,lived,-1,core,False,rate_per_100k,-20.0536756049,,,
CZE,Czechia,"Deaths from suicide, alcohol, drugs",DT_10P5HB,2024,22.3060913985,A,deaths_despair,Health,lived,-1,core,False,rate_per_100k,-22.3060913985,,,
DEU,Germany,"Deaths from suicide, alcohol, drugs",DT_10P5HB,2010,18.2887652356,A,deaths_despair,Health,lived,-1,core,False,rate_per_100k,-18.2887652356,,,
DEU,Germany,"Deaths from suicide, alcohol, drugs",DT_10P5HB,2011,18.1430700686,A,deaths_despair,Health,lived,-1,core,False,rate_per_100k,-18.1430700686,,,
DEU,Germany,"Deaths from suicide, alcohol, drugs",DT_10P5HB,2012,17.6530190274,A,deaths_despair,Health,lived,-1,core,False,rate_per_100k,-17.6530190274,,,
DEU,Germany,"Deaths from suicide, alcohol, drugs",DT_10P5HB,2013,18.286106115,A,deaths_despair,Health,lived,-1,core,False,rate_per_100k,-18.286106115,,,
DEU,Germany,"Deaths from suicide, alcohol, drugs",DT_10P5HB,2014,18.0515406589,A,deaths_despair,Health,lived,-1,core,False,rate_per_100k,-18.0515406589,,,
DEU,Germany,"Deaths from suicide, alcohol, drugs",DT_10P5HB,2015,17.9979727716,A,deaths_despair,Health,lived,-1,core,False,rate_per_100k,-17.9979727716,,,
DEU,Germany,"Deaths from suicide, alcohol, drugs",DT_10P5HB,2016,18.7179618421,A,deaths_despair,Health,lived,-1,core,False,rate_per_100k,-18.7179618421,,,
DEU,Germany,"Deaths from suicide, alcohol, drugs",DT_10P5HB,2017,17.9914027448,A,deaths_despair,Health,lived,-1,core,False,rate_per_100k,-17.9914027448,,,
DEU,Germany,"Deaths from suicide, alcohol, drugs",DT_10P5HB,2018,18.1974044054,A,deaths_despair,Health,lived,-1,core,False,rate_per_100k,-18.1974044054,,,
DEU,Germany,"Deaths from suicide, alcohol, drugs",DT_10P5HB,2019,17.6348187735,A,deaths_despair,Health,lived,-1,core,False,rate_per_100k,-17.6348187735,,,
DEU,Germany,"Deaths from suicide, alcohol, drugs",DT_10P5HB,2020,18.0373470205,A,deaths_despair,Health,lived,-1,core,False,rate_per_100k,-18.0373470205,,,
DNK,Denmark,"Deaths from suicide, alcohol, drugs",DT_10P5HB,2010,15.872721714,A,deaths_despair,Health,lived,-1,core,False,rate_per_100k,-15.872721714,,,
DNK,Denmark,"Deaths from suicide, alcohol, drugs",DT_10P5HB,2011,16.0365774833,A,deaths_despair,Health,lived,-1,core,False,rate_per_100k,-16.0365774833,,,
DNK,Denmark,"Deaths from suicide, alcohol, drugs",DT_10P5HB,2012,15.7199618274,A,deaths_despair,Health,lived,-1,core,False,rate_per_100k,-15.7199618274,,,
DNK,Denmark,"Deaths from suicide, alcohol, drugs",DT_10P5HB,2013,14.7301951922,A,deaths_despair,Health,lived,-1,core,False,rate_per_100k,-14.7301951922,,,
DNK,Denmark,"Deaths from suicide, alcohol, drugs",DT_10P5HB,2014,14.6852321401,A,deaths_despair,Health,lived,-1,core,False,rate_per_100k,-14.6852321401,,,
DNK,Denmark,"Deaths from suicide, alcohol, drugs",DT_10P5HB,2015,13.2044841902,A,deaths_despair,Health,lived,-1,core,False,rate_per_100k,-13.2044841902,,,
DNK,Denmark,"Deaths from suicide, alcohol, drugs",DT_10P5HB,2016,16.3492322801,A,deaths_despair,Health,lived,-1,core,False,rate_per_100k,-16.3492322801,,,
DNK,Denmark,"Deaths from suicide, alcohol, drugs",DT_10P5HB,2017,15.9491622764,A,deaths_despair,Health,lived,-1,core,False,rate_per_100k,-15.9491622764,,,
DNK,Denmark,"Deaths from suicide, alcohol, drugs",DT_10P5HB,2018,15.9028221709,A,deaths_despair,Health,lived,-1,core,False,rate_per_100k,-15.9028221709,,,
DNK,Denmark,"Deaths from suicide, alcohol, drugs",DT_10P5HB,2019,16.374723711,A,deaths_despair,Health,lived,-1,core,False,rate_per_100k,-16.374723711,,,
DNK,Denmark,"Deaths from suicide, alcohol, drugs",DT_10P5HB,2020,15.8383386201,A,deaths_despair,Health,lived,-1,core,False,rate_per_100k,-15.8383386201,,,
DNK,Denmark,"Deaths from suicide, alcohol, drugs",DT_10P5HB,2021,14.8337764039,A,deaths_despair,Health,lived,-1,core,False,rate_per_100k,-14.8337764039,,,
DNK,Denmark,"Deaths from suicide, alcohol, drugs",DT_10P5HB,2022,15.4349578619,A,deaths_despair,Health,lived,-1,core,False,rate_per_100k,-15.4349578619,,,
ESP,Spain,"Deaths from suicide, alcohol, drugs",DT_10P5HB,2010,13.7477692634,A,deaths_despair,Health,lived,-1,core,False,rate_per_100k,-13.7477692634,,,
ESP,Spain,"Deaths from suicide, alcohol, drugs",DT_10P5HB,2011,13.4886027355,A,deaths_despair,Health,lived,-1,core,False,rate_per_100k,-13.4886027355,,,
ESP,Spain,"Deaths from suicide, alcohol, drugs",DT_10P5HB,2012,13.6592469355,A,deaths_despair,Health,lived,-1,core,False,rate_per_100k,-13.6592469355,,,
ESP,Spain,"Deaths from suicide, alcohol, drugs",DT_10P5HB,2013,14.2354211186,A,deaths_despair,Health,lived,-1,core,False,rate_per_100k,-14.2354211186,,,
ESP,Spain,"Deaths from suicide, alcohol, drugs",DT_10P5HB,2014,14.1097928015,A,deaths_despair,Health,lived,-1,core,False,rate_per_100k,-14.1097928015,,,
ESP,Spain,"Deaths from suicide, alcohol, drugs",DT_10P5HB,2015,13.2116743775,A,deaths_despair,Health,lived,-1,core,False,rate_per_100k,-13.2116743775,,,
ESP,Spain,"Deaths from suicide, alcohol, drugs",DT_10P5HB,2016,12.8489649496,A,deaths_despair,Health,lived,-1,core,False,rate_per_100k,-12.8489649496,,,
ESP,Spain,"Deaths from suicide, alcohol, drugs",DT_10P5HB,2017,12.7014140168,A,deaths_despair,Health,lived,-1,core,False,rate_per_100k,-12.7014140168,,,
ESP,Spain,"Deaths from suicide, alcohol, drugs",DT_10P5HB,2018,12.1396936768,A,deaths_despair,Health,lived,-1,core,False,rate_per_100k,-12.1396936768,,,
ESP,Spain,"Deaths from suicide, alcohol, drugs",DT_10P5HB,2019,12.477937797,A,deaths_despair,Health,lived,-1,core,False,rate_per_100k,-12.477937797,,,
ESP,Spain,"Deaths from suicide, alcohol, drugs",DT_10P5HB,2020,13.4539937188,A,deaths_despair,Health,lived,-1,core,False,rate_per_100k,-13.4539937188,,,
ESP,Spain,"Deaths from suicide, alcohol, drugs",DT_10P5HB,2021,13.6722437627,A,deaths_despair,Health,lived,-1,core,False,rate_per_100k,-13.6722437627,,,
ESP,Spain,"Deaths from suicide, alcohol, drugs",DT_10P5HB,2022,13.784005358,A,deaths_despair,Health,lived,-1,core,False,rate_per_100k,-13.784005358,,,
ESP,Spain,"Deaths from suicide, alcohol, drugs",DT_10P5HB,2023,13.4707448983,A,deaths_despair,Health,lived,-1,core,False,rate_per_100k,-13.4707448983,,,
ESP,Spain,"Deaths from suicide, alcohol, drugs",DT_10P5HB,2024,12.3220890244,A,deaths_despair,Health,lived,-1,core,False,rate_per_100k,-12.3220890244,,,
EST,Estonia,"Deaths from suicide, alcohol, drugs",DT_10P5HB,2010,38.1179071402,A,deaths_despair,Health,lived,-1,core,False,rate_per_100k,-38.1179071402,,,
EST,Estonia,"Deaths from suicide, alcohol, drugs",DT_10P5HB,2011,38.4862749937,A,deaths_despair,Health,lived,-1,core,False,rate_per_100k,-38.4862749937,,,
EST,Estonia,"Deaths from suicide, alcohol, drugs",DT_10P5HB,2012,43.4391963427,A,deaths_despair,Health,lived,-1,core,False,rate_per_100k,-43.4391963427,,,
EST,Estonia,"Deaths from suicide, alcohol, drugs",DT_10P5HB,2013,50.6643199075,A,deaths_despair,Health,lived,-1,core,False,rate_per_100k,-50.6643199075,,,
EST,Estonia,"Deaths from suicide, alcohol, drugs",DT_10P5HB,2014,37.613671692,A,deaths_despair,Health,lived,-1,core,False,rate_per_100k,-37.613671692,,,
EST,Estonia,"Deaths from suicide, alcohol, drugs",DT_10P5HB,2015,50.848296903,A,deaths_despair,Health,lived,-1,core,False,rate_per_100k,-50.848296903,,,
EST,Estonia,"Deaths from suicide, alcohol, drugs",DT_10P5HB,2016,50.3172873134,A,deaths_despair,Health,lived,-1,core,False,rate_per_100k,-50.3172873134,,,
EST,Estonia,"Deaths from suicide, alcohol, drugs",DT_10P5HB,2017,36.0381898713,A,deaths_despair,Health,lived,-1,core,False,rate_per_100k,-36.0381898713,,,
EST,Estonia,"Deaths from suicide, alcohol, drugs",DT_10P5HB,2018,28.714345699,A,deaths_despair,Health,lived,-1,core,False,rate_per_100k,-28.714345699,,,
EST,Estonia,"Deaths from suicide, alcohol, drugs",DT_10P5HB,2019,27.1112398333,A,deaths_despair,Health,lived,-1,core,False,rate_per_100k,-27.1112398333,,,
EST,Estonia,"Deaths from suicide, alcohol, drugs",DT_10P5HB,2020,28.5680634378,A,deaths_despair,Health,lived,-1,core,False,rate_per_100k,-28.5680634378,,,
EST,Estonia,"Deaths from suicide, alcohol, drugs",DT_10P5HB,2021,29.0882064986,A,deaths_despair,Health,lived,-1,core,False,rate_per_100k,-29.0882064986,,,
EST,Estonia,"Deaths from suicide, alcohol, drugs",DT_10P5HB,2022,42.3158574624,A,deaths_despair,Health,lived,-1,core,False,rate_per_100k,-42.3158574624,,,
EST,Estonia,"Deaths from suicide, alcohol, drugs",DT_10P5HB,2023,39.49104154,A,deaths_despair,Health,lived,-1,core,False,rate_per_100k,-39.49104154,,,
EST,Estonia,"Deaths from suicide, alcohol, drugs",DT_10P5HB,2024,35.409969516,A,deaths_despair,Health,lived,-1,core,False,rate_per_100k,-35.409969516,,,
FIN,Finland,"Deaths from suicide, alcohol, drugs",DT_10P5HB,2010,51.9814233117,A,deaths_despair,Health,lived,-1,core,False,rate_per_100k,-51.9814233117,,,
FIN,Finland,"Deaths from suicide, alcohol, drugs",DT_10P5HB,2011,50.5684220195,A,deaths_despair,Health,lived,-1,core,False,rate_per_100k,-50.5684220195,,,
FIN,Finland,"Deaths from suicide, alcohol, drugs",DT_10P5HB,2012,50.102583309,A,deaths_despair,Health,lived,-1,core,False,rate_per_100k,-50.102583309,,,
FIN,Finland,"Deaths from suicide, alcohol, drugs",DT_10P5HB,2013,49.2094334096,A,deaths_despair,Health,lived,-1,core,False,rate_per_100k,-49.2094334096,,,
FIN,Finland,"Deaths from suicide, alcohol, drugs",DT_10P5HB,2014,45.2760421398,A,deaths_despair,Health,lived,-1,core,False,rate_per_100k,-45.2760421398,,,
FIN,Finland,"Deaths from suicide, alcohol, drugs",DT_10P5HB,2015,41.3282489776,A,deaths_despair,Health,lived,-1,core,False,rate_per_100k,-41.3282489776,,,
FIN,Finland,"Deaths from suicide, alcohol, drugs",DT_10P5HB,2016,43.6677342604,A,deaths_despair,Health,lived,-1,core,False,rate_per_100k,-43.6677342604,,,
FIN,Finland,"Deaths from suicide, alcohol, drugs",DT_10P5HB,2017,42.2337694753,A,deaths_despair,Health,lived,-1,core,False,rate_per_100k,-42.2337694753,,,
FIN,Finland,"Deaths from suicide, alcohol, drugs",DT_10P5HB,2018,44.1694133559,A,deaths_despair,Health,lived,-1,core,False,rate_per_100k,-44.1694133559,,,
FIN,Finland,"Deaths from suicide, alcohol, drugs",DT_10P5HB,2019,42.4750593946,A,deaths_despair,Health,lived,-1,core,False,rate_per_100k,-42.4750593946,,,
FIN,Finland,"Deaths from suicide, alcohol, drugs",DT_10P5HB,2020,43.2605382919,A,deaths_despair,Health,lived,-1,core,False,rate_per_100k,-43.2605382919,,,
FIN,Finland,"Deaths from suicide, alcohol, drugs",DT_10P5HB,2021,42.2602744023,A,deaths_despair,Health,lived,-1,core,False,rate_per_100k,-42.2602744023,,,
FIN,Finland,"Deaths from suicide, alcohol, drugs",DT_10P5HB,2022,41.294522058,A,deaths_despair,Health,lived,-1,core,False,rate_per_100k,-41.294522058,,,
FIN,Finland,"Deaths from suicide, alcohol, drugs",DT_10P5HB,2023,41.8538912506,A,deaths_despair,Health,lived,-1,core,False,rate_per_100k,-41.8538912506,,,
FIN,Finland,"Deaths from suicide, alcohol, drugs",DT_10P5HB,2024,39.0320517534,A,deaths_despair,Health,lived,-1,core,False,rate_per_100k,-39.0320517534,,,
FRA,France,"Deaths from suicide, alcohol, drugs",DT_10P5HB,2010,20.1800742636,A,deaths_despair,Health,lived,-1,core,False,rate_per_100k,-20.1800742636,,,
FRA,France,"Deaths from suicide, alcohol, drugs",DT_10P5HB,2011,20.0622235092,A,deaths_despair,Health,lived,-1,core,False,rate_per_100k,-20.0622235092,,,
FRA,France,"Deaths from suicide, alcohol, drugs",DT_10P5HB,2012,19.0400264411,A,deaths_despair,Health,lived,-1,core,False,rate_per_100k,-19.0400264411,,,
FRA,France,"Deaths from suicide, alcohol, drugs",DT_10P5HB,2013,18.9409955859,A,deaths_despair,Health,lived,-1,core,False,rate_per_100k,-18.9409955859,,,
FRA,France,"Deaths from suicide, alcohol, drugs",DT_10P5HB,2014,17.4926528243,A,deaths_despair,Health,lived,-1,core,False,rate_per_100k,-17.4926528243,,,
FRA,France,"Deaths from suicide, alcohol, drugs",DT_10P5HB,2015,17.4386970602,A,deaths_despair,Health,lived,-1,core,False,rate_per_100k,-17.4386970602,,,
FRA,France,"Deaths from suicide, alcohol, drugs",DT_10P5HB,2016,18.9584149146,A,deaths_despair,Health,lived,-1,core,False,rate_per_100k,-18.9584149146,,,
FRA,France,"Deaths from suicide, alcohol, drugs",DT_10P5HB,2017,18.510385119,A,deaths_despair,Health,lived,-1,core,False,rate_per_100k,-18.510385119,,,
FRA,France,"Deaths from suicide, alcohol, drugs",DT_10P5HB,2018,18.8988210268,A,deaths_despair,Health,lived,-1,core,False,rate_per_100k,-18.8988210268,,,
FRA,France,"Deaths from suicide, alcohol, drugs",DT_10P5HB,2019,18.7181649051,A,deaths_despair,Health,lived,-1,core,False,rate_per_100k,-18.7181649051,,,
FRA,France,"Deaths from suicide, alcohol, drugs",DT_10P5HB,2020,19.2484359973,A,deaths_despair,Health,lived,-1,core,False,rate_per_100k,-19.2484359973,,,
FRA,France,"Deaths from suicide, alcohol, drugs",DT_10P5HB,2021,19.2631784172,A,deaths_despair,Health,lived,-1,core,False,rate_per_100k,-19.2631784172,,,
FRA,France,"Deaths from suicide, alcohol, drugs",DT_10P5HB,2022,20.0216577312,A,deaths_despair,Health,lived,-1,core,False,rate_per_100k,-20.0216577312,,,
FRA,France,"Deaths from suicide, alcohol, drugs",DT_10P5HB,2023,18.7012461869,A,deaths_despair,Health,lived,-1,core,False,rate_per_100k,-18.7012461869,,,
GBR,United Kingdom,"Deaths from suicide, alcohol, drugs",DT_10P5HB,2010,12.7378397476,A,deaths_despair,Health,lived,-1,core,False,rate_per_100k,-12.7378397476,,,
GBR,United Kingdom,"Deaths from suicide, alcohol, drugs",DT_10P5HB,2011,12.9787442463,A,deaths_despair,Health,lived,-1,core,False,rate_per_100k,-12.9787442463,,,
GBR,United Kingdom,"Deaths from suicide, alcohol, drugs",DT_10P5HB,2012,12.864831988,A,deaths_despair,Health,lived,-1,core,False,rate_per_100k,-12.864831988,,,
GBR,United Kingdom,"Deaths from suicide, alcohol, drugs",DT_10P5HB,2013,13.6600504529,A,deaths_despair,Health,lived,-1,core,False,rate_per_100k,-13.6600504529,,,
GBR,United Kingdom,"Deaths from suicide, alcohol, drugs",DT_10P5HB,2014,14.9176779396,A,deaths_despair,Health,lived,-1,core,False,rate_per_100k,-14.9176779396,,,
GBR,United Kingdom,"Deaths from suicide, alcohol, drugs",DT_10P5HB,2015,15.4790915746,A,deaths_despair,Health,lived,-1,core,False,rate_per_100k,-15.4790915746,,,
GBR,United Kingdom,"Deaths from suicide, alcohol, drugs",DT_10P5HB,2016,15.8469202735,A,deaths_despair,Health,lived,-1,core,False,rate_per_100k,-15.8469202735,,,
GBR,United Kingdom,"Deaths from suicide, alcohol, drugs",DT_10P5HB,2017,15.5910163821,A,deaths_despair,Health,lived,-1,core,False,rate_per_100k,-15.5910163821,,,
GBR,United Kingdom,"Deaths from suicide, alcohol, drugs",DT_10P5HB,2018,17.7204151133,A,deaths_despair,Health,lived,-1,core,False,rate_per_100k,-17.7204151133,,,
GBR,United Kingdom,"Deaths from suicide, alcohol, drugs",DT_10P5HB,2019,17.8494893661,A,deaths_despair,Health,lived,-1,core,False,rate_per_100k,-17.8494893661,,,
GBR,United Kingdom,"Deaths from suicide, alcohol, drugs",DT_10P5HB,2020,16.7680013156,A,deaths_despair,Health,lived,-1,core,False,rate_per_100k,-16.7680013156,,,
GBR,United Kingdom,"Deaths from suicide, alcohol, drugs",DT_10P5HB,2021,21.3623969159,A,deaths_despair,Health,lived,-1,core,False,rate_per_100k,-21.3623969159,,,
GBR,United Kingdom,"Deaths from suicide, alcohol, drugs",DT_10P5HB,2022,20.8684261167,A,deaths_despair,Health,lived,-1,core,False,rate_per_100k,-20.8684261167,,,
GBR,United Kingdom,"Deaths from suicide, alcohol, drugs",DT_10P5HB,2023,22.4685488481,A,deaths_despair,Health,lived,-1,core,False,rate_per_100k,-22.4685488481,,,
GBR,United Kingdom,"Deaths from suicide, alcohol, drugs",DT_10P5HB,2024,21.9423623931,A,deaths_despair,Health,lived,-1,core,False,rate_per_100k,-21.9423623931,,,
GRC,Greece,"Deaths from suicide, alcohol, drugs",DT_10P5HB,2014,10.5625140828,A,deaths_despair,Health,lived,-1,core,False,rate_per_100k,-10.5625140828,,,
GRC,Greece,"Deaths from suicide, alcohol, drugs",DT_10P5HB,2015,10.8825624879,A,deaths_despair,Health,lived,-1,core,False,rate_per_100k,-10.8825624879,,,
GRC,Greece,"Deaths from suicide, alcohol, drugs",DT_10P5HB,2016,10.3707962977,A,deaths_despair,Health,lived,-1,core,False,rate_per_100k,-10.3707962977,,,
GRC,Greece,"Deaths from suicide, alcohol, drugs",DT_10P5HB,2017,10.7271609254,A,deaths_despair,Health,lived,-1,core,False,rate_per_100k,-10.7271609254,,,
GRC,Greece,"Deaths from suicide, alcohol, drugs",DT_10P5HB,2018,11.1984713203,A,deaths_despair,Health,lived,-1,core,False,rate_per_100k,-11.1984713203,,,
GRC,Greece,"Deaths from suicide, alcohol, drugs",DT_10P5HB,2019,10.8166921649,A,deaths_despair,Health,lived,-1,core,False,rate_per_100k,-10.8166921649,,,
GRC,Greece,"Deaths from suicide, alcohol, drugs",DT_10P5HB,2020,10.23577674,A,deaths_despair,Health,lived,-1,core,False,rate_per_100k,-10.23577674,,,
GRC,Greece,"Deaths from suicide, alcohol, drugs",DT_10P5HB,2021,10.519058485,A,deaths_despair,Health,lived,-1,core,False,rate_per_100k,-10.519058485,,,
GRC,Greece,"Deaths from suicide, alcohol, drugs",DT_10P5HB,2022,10.723172511,A,deaths_despair,Health,lived,-1,core,False,rate_per_100k,-10.723172511,,,
HRV,Croatia,"Deaths from suicide, alcohol, drugs",DT_10P5HB,2010,32.9507007456,A,deaths_despair,Health,lived,-1,core,False,rate_per_100k,-32.9507007456,,,
HRV,Croatia,"Deaths from suicide, alcohol, drugs",DT_10P5HB,2011,27.7964840171,A,deaths_despair,Health,lived,-1,core,False,rate_per_100k,-27.7964840171,,,
HRV,Croatia,"Deaths from suicide, alcohol, drugs",DT_10P5HB,2012,29.7670936279,A,deaths_despair,Health,lived,-1,core,False,rate_per_100k,-29.7670936279,,,
HRV,Croatia,"Deaths from suicide, alcohol, drugs",DT_10P5HB,2013,27.3107145075,A,deaths_despair,Health,lived,-1,core,False,rate_per_100k,-27.3107145075,,,
HRV,Croatia,"Deaths from suicide, alcohol, drugs",DT_10P5HB,2014,27.1955537978,A,deaths_despair,Health,lived,-1,core,False,rate_per_100k,-27.1955537978,,,
HRV,Croatia,"Deaths from suicide, alcohol, drugs",DT_10P5HB,2015,27.838642659,A,deaths_despair,Health,lived,-1,core,False,rate_per_100k,-27.838642659,,,
HRV,Croatia,"Deaths from suicide, alcohol, drugs",DT_10P5HB,2016,26.7045852831,A,deaths_despair,Health,lived,-1,core,False,rate_per_100k,-26.7045852831,,,
HRV,Croatia,"Deaths from suicide, alcohol, drugs",DT_10P5HB,2017,26.5564577093,A,deaths_despair,Health,lived,-1,core,False,rate_per_100k,-26.5564577093,,,
HRV,Croatia,"Deaths from suicide, alcohol, drugs",DT_10P5HB,2018,25.4289115554,A,deaths_despair,Health,lived,-1,core,False,rate_per_100k,-25.4289115554,,,
HRV,Croatia,"Deaths from suicide, alcohol, drugs",DT_10P5HB,2019,22.8658809194,A,deaths_despair,Health,lived,-1,core,False,rate_per_100k,-22.8658809194,,,
HRV,Croatia,"Deaths from suicide, alcohol, drugs",DT_10P5HB,2020,19.8105688501,A,deaths_despair,Health,lived,-1,core,False,rate_per_100k,-19.8105688501,,,
HRV,Croatia,"Deaths from suicide, alcohol, drugs",DT_10P5HB,2021,19.9219462022,A,deaths_despair,Health,lived,-1,core,False,rate_per_100k,-19.9219462022,,,
HRV,Croatia,"Deaths from suicide, alcohol, drugs",DT_10P5HB,2023,19.3267140946,A,deaths_despair,Health,lived,-1,core,False,rate_per_100k,-19.3267140946,,,
HUN,Hungary,"Deaths from suicide, alcohol, drugs",DT_10P5HB,2010,35.9037992875,A,deaths_despair,Health,lived,-1,core,False,rate_per_100k,-35.9037992875,,,
HUN,Hungary,"Deaths from suicide, alcohol, drugs",DT_10P5HB,2011,33.3076387523,A,deaths_despair,Health,lived,-1,core,False,rate_per_100k,-33.3076387523,,,
HUN,Hungary,"Deaths from suicide, alcohol, drugs",DT_10P5HB,2012,30.0528368206,A,deaths_despair,Health,lived,-1,core,False,rate_per_100k,-30.0528368206,,,
HUN,Hungary,"Deaths from suicide, alcohol, drugs",DT_10P5HB,2013,27.0927996534,A,deaths_despair,Health,lived,-1,core,False,rate_per_100k,-27.0927996534,,,
HUN,Hungary,"Deaths from suicide, alcohol, drugs",DT_10P5HB,2014,25.6291133219,A,deaths_despair,Health,lived,-1,core,False,rate_per_100k,-25.6291133219,,,
HUN,Hungary,"Deaths from suicide, alcohol, drugs",DT_10P5HB,2015,25.220786113,A,deaths_despair,Health,lived,-1,core,False,rate_per_100k,-25.220786113,,,
HUN,Hungary,"Deaths from suicide, alcohol, drugs",DT_10P5HB,2016,24.6965404797,A,deaths_despair,Health,lived,-1,core,False,rate_per_100k,-24.6965404797,,,
HUN,Hungary,"Deaths from suicide, alcohol, drugs",DT_10P5HB,2017,24.2716161391,A,deaths_despair,Health,lived,-1,core,False,rate_per_100k,-24.2716161391,,,
HUN,Hungary,"Deaths from suicide, alcohol, drugs",DT_10P5HB,2018,24.5261613798,A,deaths_despair,Health,lived,-1,core,False,rate_per_100k,-24.5261613798,,,
HUN,Hungary,"Deaths from suicide, alcohol, drugs",DT_10P5HB,2019,23.1345273602,A,deaths_despair,Health,lived,-1,core,False,rate_per_100k,-23.1345273602,,,
HUN,Hungary,"Deaths from suicide, alcohol, drugs",DT_10P5HB,2020,24.5754819385,A,deaths_despair,Health,lived,-1,core,False,rate_per_100k,-24.5754819385,,,
HUN,Hungary,"Deaths from suicide, alcohol, drugs",DT_10P5HB,2021,23.7381828921,A,deaths_despair,Health,lived,-1,core,False,rate_per_100k,-23.7381828921,,,
HUN,Hungary,"Deaths from suicide, alcohol, drugs",DT_10P5HB,2022,24.6200858397,A,deaths_despair,Health,lived,-1,core,False,rate_per_100k,-24.6200858397,,,
HUN,Hungary,"Deaths from suicide, alcohol, drugs",DT_10P5HB,2023,23.3168631131,A,deaths_despair,Health,lived,-1,core,False,rate_per_100k,-23.3168631131,,,
HUN,Hungary,"Deaths from suicide, alcohol, drugs",DT_10P5HB,2024,22.7516462831,A,deaths_despair,Health,lived,-1,core,False,rate_per_100k,-22.7516462831,,,
IRL,Ireland,"Deaths from suicide, alcohol, drugs",DT_10P5HB,2010,16.1953692477,A,deaths_despair,Health,lived,-1,core,False,rate_per_100k,-16.1953692477,,,
IRL,Ireland,"Deaths from suicide, alcohol, drugs",DT_10P5HB,2011,18.1760730479,A,deaths_despair,Health,lived,-1,core,False,rate_per_100k,-18.1760730479,,,
IRL,Ireland,"Deaths from suicide, alcohol, drugs",DT_10P5HB,2012,16.455545565,A,deaths_despair,Health,lived,-1,core,False,rate_per_100k,-16.455545565,,,
IRL,Ireland,"Deaths from suicide, alcohol, drugs",DT_10P5HB,2013,15.8386260262,A,deaths_despair,Health,lived,-1,core,False,rate_per_100k,-15.8386260262,,,
IRL,Ireland,"Deaths from suicide, alcohol, drugs",DT_10P5HB,2014,14.8553111148,A,deaths_despair,Health,lived,-1,core,False,rate_per_100k,-14.8553111148,,,
IRL,Ireland,"Deaths from suicide, alcohol, drugs",DT_10P5HB,2015,12.8563956213,A,deaths_despair,Health,lived,-1,core,False,rate_per_100k,-12.8563956213,,,
IRL,Ireland,"Deaths from suicide, alcohol, drugs",DT_10P5HB,2016,19.0377239227,A,deaths_despair,Health,lived,-1,core,False,rate_per_100k,-19.0377239227,,,
IRL,Ireland,"Deaths from suicide, alcohol, drugs",DT_10P5HB,2017,17.4741238774,A,deaths_despair,Health,lived,-1,core,False,rate_per_100k,-17.4741238774,,,
IRL,Ireland,"Deaths from suicide, alcohol, drugs",DT_10P5HB,2018,13.237481399,A,deaths_despair,Health,lived,-1,core,False,rate_per_100k,-13.237481399,,,
IRL,Ireland,"Deaths from suicide, alcohol, drugs",DT_10P5HB,2019,18.2216886754,A,deaths_despair,Health,lived,-1,core,False,rate_per_100k,-18.2216886754,,,
IRL,Ireland,"Deaths from suicide, alcohol, drugs",DT_10P5HB,2020,22.6164054284,A,deaths_despair,Health,lived,-1,core,False,rate_per_100k,-22.6164054284,,,
IRL,Ireland,"Deaths from suicide, alcohol, drugs",DT_10P5HB,2021,21.4884449352,A,deaths_despair,Health,lived,-1,core,False,rate_per_100k,-21.4884449352,,,
IRL,Ireland,"Deaths from suicide, alcohol, drugs",DT_10P5HB,2022,20.0754771635,A,deaths_despair,Health,lived,-1,core,False,rate_per_100k,-20.0754771635,,,
ISL,Iceland,"Deaths from suicide, alcohol, drugs",DT_10P5HB,2010,20.3044290967,A,deaths_despair,Health,lived,-1,core,False,rate_per_100k,-20.3044290967,,,
ISL,Iceland,"Deaths from suicide, alcohol, drugs",DT_10P5HB,2011,18.9377386085,A,deaths_despair,Health,lived,-1,core,False,rate_per_100k,-18.9377386085,,,
ISL,Iceland,"Deaths from suicide, alcohol, drugs",DT_10P5HB,2012,21.0004500928,A,deaths_despair,Health,lived,-1,core,False,rate_per_100k,-21.0004500928,,,
ISL,Iceland,"Deaths from suicide, alcohol, drugs",DT_10P5HB,2013,25.2758591952,A,deaths_despair,Health,lived,-1,core,False,rate_per_100k,-25.2758591952,,,
ISL,Iceland,"Deaths from suicide, alcohol, drugs",DT_10P5HB,2014,22.7727683947,A,deaths_despair,Health,lived,-1,core,False,rate_per_100k,-22.7727683947,,,
ISL,Iceland,"Deaths from suicide, alcohol, drugs",DT_10P5HB,2015,25.6272308487,A,deaths_despair,Health,lived,-1,core,False,rate_per_100k,-25.6272308487,,,
ISL,Iceland,"Deaths from suicide, alcohol, drugs",DT_10P5HB,2016,25.6066999164,A,deaths_despair,Health,lived,-1,core,False,rate_per_100k,-25.6066999164,,,
ISL,Iceland,"Deaths from suicide, alcohol, drugs",DT_10P5HB,2017,19.2593177143,A,deaths_despair,Health,lived,-1,core,False,rate_per_100k,-19.2593177143,,,
ISL,Iceland,"Deaths from suicide, alcohol, drugs",DT_10P5HB,2018,20.0210335333,A,deaths_despair,Health,lived,-1,core,False,rate_per_100k,-20.0210335333,,,
ISL,Iceland,"Deaths from suicide, alcohol, drugs",DT_10P5HB,2019,17.5394873588,A,deaths_despair,Health,lived,-1,core,False,rate_per_100k,-17.5394873588,,,
ISL,Iceland,"Deaths from suicide, alcohol, drugs",DT_10P5HB,2020,20.9472813371,A,deaths_despair,Health,lived,-1,core,False,rate_per_100k,-20.9472813371,,,
ISL,Iceland,"Deaths from suicide, alcohol, drugs",DT_10P5HB,2021,19.4703923316,A,deaths_despair,Health,lived,-1,core,False,rate_per_100k,-19.4703923316,,,
ISL,Iceland,"Deaths from suicide, alcohol, drugs",DT_10P5HB,2022,16.2062749117,A,deaths_despair,Health,lived,-1,core,False,rate_per_100k,-16.2062749117,,,
ISL,Iceland,"Deaths from suicide, alcohol, drugs",DT_10P5HB,2023,23.3276011605,A,deaths_despair,Health,lived,-1,core,False,rate_per_100k,-23.3276011605,,,
ISL,Iceland,"Deaths from suicide, alcohol, drugs",DT_10P5HB,2024,21.1256894453,A,deaths_despair,Health,lived,-1,core,False,rate_per_100k,-21.1256894453,,,
ISR,Israel,"Deaths from suicide, alcohol, drugs",DT_10P5HB,2010,10.7682244252,A,deaths_despair,Health,lived,-1,core,False,rate_per_100k,-10.7682244252,,,
ISR,Israel,"Deaths from suicide, alcohol, drugs",DT_10P5HB,2011,10.667981498,A,deaths_despair,Health,lived,-1,core,False,rate_per_100k,-10.667981498,,,
ISR,Israel,"Deaths from suicide, alcohol, drugs",DT_10P5HB,2012,10.4676308408,A,deaths_despair,Health,lived,-1,core,False,rate_per_100k,-10.4676308408,,,
ISR,Israel,"Deaths from suicide, alcohol, drugs",DT_10P5HB,2013,8.9223049888,A,deaths_despair,Health,lived,-1,core,False,rate_per_100k,-8.9223049888,,,
ISR,Israel,"Deaths from suicide, alcohol, drugs",DT_10P5HB,2014,8.6038292127,A,deaths_despair,Health,lived,-1,core,False,rate_per_100k,-8.6038292127,,,
ISR,Israel,"Deaths from suicide, alcohol, drugs",DT_10P5HB,2015,8.5902692158,A,deaths_despair,Health,lived,-1,core,False,rate_per_100k,-8.5902692158,,,
ISR,Israel,"Deaths from suicide, alcohol, drugs",DT_10P5HB,2016,8.7854267581,A,deaths_despair,Health,lived,-1,core,False,rate_per_100k,-8.7854267581,,,
ISR,Israel,"Deaths from suicide, alcohol, drugs",DT_10P5HB,2017,8.742117731,A,deaths_despair,Health,lived,-1,core,False,rate_per_100k,-8.742117731,,,
ISR,Israel,"Deaths from suicide, alcohol, drugs",DT_10P5HB,2018,8.1380502079,A,deaths_despair,Health,lived,-1,core,False,rate_per_100k,-8.1380502079,,,
ISR,Israel,"Deaths from suicide, alcohol, drugs",DT_10P5HB,2019,9.279172467,A,deaths_despair,Health,lived,-1,core,False,rate_per_100k,-9.279172467,,,
ISR,Israel,"Deaths from suicide, alcohol, drugs",DT_10P5HB,2020,8.038072151,A,deaths_despair,Health,lived,-1,core,False,rate_per_100k,-8.038072151,,,
ISR,Israel,"Deaths from suicide, alcohol, drugs",DT_10P5HB,2021,8.0520470686,A,deaths_despair,Health,lived,-1,core,False,rate_per_100k,-8.0520470686,,,
ISR,Israel,"Deaths from suicide, alcohol, drugs",DT_10P5HB,2022,6.963539459,A,deaths_despair,Health,lived,-1,core,False,rate_per_100k,-6.963539459,,,
ISR,Israel,"Deaths from suicide, alcohol, drugs",DT_10P5HB,2023,7.7754700778,A,deaths_despair,Health,lived,-1,core,False,rate_per_100k,-7.7754700778,,,
ITA,Italy,"Deaths from suicide, alcohol, drugs",DT_10P5HB,2010,15.0654480931,A,deaths_despair,Health,lived,-1,core,False,rate_per_100k,-15.0654480931,,,
ITA,Italy,"Deaths from suicide, alcohol, drugs",DT_10P5HB,2011,13.6350542118,A,deaths_despair,Health,lived,-1,core,False,rate_per_100k,-13.6350542118,,,
ITA,Italy,"Deaths from suicide, alcohol, drugs",DT_10P5HB,2012,13.4055477178,A,deaths_despair,Health,lived,-1,core,False,rate_per_100k,-13.4055477178,,,
ITA,Italy,"Deaths from suicide, alcohol, drugs",DT_10P5HB,2013,12.8518314726,A,deaths_despair,Health,lived,-1,core,False,rate_per_100k,-12.8518314726,,,
ITA,Italy,"Deaths from suicide, alcohol, drugs",DT_10P5HB,2014,12.3966953433,A,deaths_despair,Health,lived,-1,core,False,rate_per_100k,-12.3966953433,,,
ITA,Italy,"Deaths from suicide, alcohol, drugs",DT_10P5HB,2015,11.8362195958,A,deaths_despair,Health,lived,-1,core,False,rate_per_100k,-11.8362195958,,,
ITA,Italy,"Deaths from suicide, alcohol, drugs",DT_10P5HB,2016,11.9535778943,A,deaths_despair,Health,lived,-1,core,False,rate_per_100k,-11.9535778943,,,
ITA,Italy,"Deaths from suicide, alcohol, drugs",DT_10P5HB,2017,11.8105521813,A,deaths_despair,Health,lived,-1,core,False,rate_per_100k,-11.8105521813,,,
ITA,Italy,"Deaths from suicide, alcohol, drugs",DT_10P5HB,2018,11.4290765986,A,deaths_despair,Health,lived,-1,core,False,rate_per_100k,-11.4290765986,,,
ITA,Italy,"Deaths from suicide, alcohol, drugs",DT_10P5HB,2019,11.1400065657,A,deaths_despair,Health,lived,-1,core,False,rate_per_100k,-11.1400065657,,,
ITA,Italy,"Deaths from suicide, alcohol, drugs",DT_10P5HB,2020,10.9593603517,A,deaths_despair,Health,lived,-1,core,False,rate_per_100k,-10.9593603517,,,
ITA,Italy,"Deaths from suicide, alcohol, drugs",DT_10P5HB,2021,11.1066356272,A,deaths_despair,Health,lived,-1,core,False,rate_per_100k,-11.1066356272,,,
ITA,Italy,"Deaths from suicide, alcohol, drugs",DT_10P5HB,2022,10.9453615184,A,deaths_despair,Health,lived,-1,core,False,rate_per_100k,-10.9453615184,,,
ITA,Italy,"Deaths from suicide, alcohol, drugs",DT_10P5HB,2023,10.7008729827,A,deaths_despair,Health,lived,-1,core,False,rate_per_100k,-10.7008729827,,,
JPN,Japan,"Deaths from suicide, alcohol, drugs",DT_10P5HB,2010,26.6971147784,A,deaths_despair,Health,lived,-1,core,False,rate_per_100k,-26.6971147784,,,
JPN,Japan,"Deaths from suicide, alcohol, drugs",DT_10P5HB,2011,26.1655540816,A,deaths_despair,Health,lived,-1,core,False,rate_per_100k,-26.1655540816,,,
JPN,Japan,"Deaths from suicide, alcohol, drugs",DT_10P5HB,2012,24.0392342874,A,deaths_despair,Health,lived,-1,core,False,rate_per_100k,-24.0392342874,,,
JPN,Japan,"Deaths from suicide, alcohol, drugs",DT_10P5HB,2013,23.4150559961,A,deaths_despair,Health,lived,-1,core,False,rate_per_100k,-23.4150559961,,,
JPN,Japan,"Deaths from suicide, alcohol, drugs",DT_10P5HB,2014,22.1734625578,A,deaths_despair,Health,lived,-1,core,False,rate_per_100k,-22.1734625578,,,
JPN,Japan,"Deaths from suicide, alcohol, drugs",DT_10P5HB,2015,20.8854884259,A,deaths_despair,Health,lived,-1,core,False,rate_per_100k,-20.8854884259,,,
JPN,Japan,"Deaths from suicide, alcohol, drugs",DT_10P5HB,2016,19.4120893147,A,deaths_despair,Health,lived,-1,core,False,rate_per_100k,-19.4120893147,,,
JPN,Japan,"Deaths from suicide, alcohol, drugs",DT_10P5HB,2017,19.6513980181,A,deaths_despair,Health,lived,-1,core,False,rate_per_100k,-19.6513980181,,,
JPN,Japan,"Deaths from suicide, alcohol, drugs",DT_10P5HB,2018,19.2903523997,A,deaths_despair,Health,lived,-1,core,False,rate_per_100k,-19.2903523997,,,
JPN,Japan,"Deaths from suicide, alcohol, drugs",DT_10P5HB,2019,18.8636095467,A,deaths_despair,Health,lived,-1,core,False,rate_per_100k,-18.8636095467,,,
JPN,Japan,"Deaths from suicide, alcohol, drugs",DT_10P5HB,2020,19.5885315042,A,deaths_despair,Health,lived,-1,core,False,rate_per_100k,-19.5885315042,,,
JPN,Japan,"Deaths from suicide, alcohol, drugs",DT_10P5HB,2021,19.9072022349,A,deaths_despair,Health,lived,-1,core,False,rate_per_100k,-19.9072022349,,,
JPN,Japan,"Deaths from suicide, alcohol, drugs",DT_10P5HB,2022,20.7082529599,A,deaths_despair,Health,lived,-1,core,False,rate_per_100k,-20.7082529599,,,
JPN,Japan,"Deaths from suicide, alcohol, drugs",DT_10P5HB,2023,20.649031237,A,deaths_despair,Health,lived,-1,core,False,rate_per_100k,-20.649031237,,,
KOR,Korea,"Deaths from suicide, alcohol, drugs",DT_10P5HB,2010,41.6881847989,A,deaths_despair,Health,lived,-1,core,False,rate_per_100k,-41.6881847989,,,
KOR,Korea,"Deaths from suicide, alcohol, drugs",DT_10P5HB,2011,40.8078040877,A,deaths_despair,Health,lived,-1,core,False,rate_per_100k,-40.8078040877,,,
KOR,Korea,"Deaths from suicide, alcohol, drugs",DT_10P5HB,2012,36.1783783238,A,deaths_despair,Health,lived,-1,core,False,rate_per_100k,-36.1783783238,,,
KOR,Korea,"Deaths from suicide, alcohol, drugs",DT_10P5HB,2013,35.4525870638,A,deaths_despair,Health,lived,-1,core,False,rate_per_100k,-35.4525870638,,,
KOR,Korea,"Deaths from suicide, alcohol, drugs",DT_10P5HB,2014,32.9573784824,A,deaths_despair,Health,lived,-1,core,False,rate_per_100k,-32.9573784824,,,
KOR,Korea,"Deaths from suicide, alcohol, drugs",DT_10P5HB,2015,32.054210352,A,deaths_despair,Health,lived,-1,core,False,rate_per_100k,-32.054210352,,,
KOR,Korea,"Deaths from suicide, alcohol, drugs",DT_10P5HB,2016,30.7166576304,A,deaths_despair,Health,lived,-1,core,False,rate_per_100k,-30.7166576304,,,
KOR,Korea,"Deaths from suicide, alcohol, drugs",DT_10P5HB,2017,28.7465114696,A,deaths_despair,Health,lived,-1,core,False,rate_per_100k,-28.7465114696,,,
KOR,Korea,"Deaths from suicide, alcohol, drugs",DT_10P5HB,2018,30.2639702687,A,deaths_despair,Health,lived,-1,core,False,rate_per_100k,-30.2639702687,,,
KOR,Korea,"Deaths from suicide, alcohol, drugs",DT_10P5HB,2019,29.6530800986,A,deaths_despair,Health,lived,-1,core,False,rate_per_100k,-29.6530800986,,,
KOR,Korea,"Deaths from suicide, alcohol, drugs",DT_10P5HB,2020,28.4236172679,A,deaths_despair,Health,lived,-1,core,False,rate_per_100k,-28.4236172679,,,
KOR,Korea,"Deaths from suicide, alcohol, drugs",DT_10P5HB,2021,28.7676756185,A,deaths_despair,Health,lived,-1,core,False,rate_per_100k,-28.7676756185,,,
KOR,Korea,"Deaths from suicide, alcohol, drugs",DT_10P5HB,2022,27.9705796863,A,deaths_despair,Health,lived,-1,core,False,rate_per_100k,-27.9705796863,,,
KOR,Korea,"Deaths from suicide, alcohol, drugs",DT_10P5HB,2023,29.6638754701,A,deaths_despair,Health,lived,-1,core,False,rate_per_100k,-29.6638754701,,,
LTU,Lithuania,"Deaths from suicide, alcohol, drugs",DT_10P5HB,2010,55.9045199256,A,deaths_despair,Health,lived,-1,core,False,rate_per_100k,-55.9045199256,,,
LTU,Lithuania,"Deaths from suicide, alcohol, drugs",DT_10P5HB,2011,55.1836372328,A,deaths_despair,Health,lived,-1,core,False,rate_per_100k,-55.1836372328,,,
LTU,Lithuania,"Deaths from suicide, alcohol, drugs",DT_10P5HB,2012,51.8349408301,A,deaths_despair,Health,lived,-1,core,False,rate_per_100k,-51.8349408301,,,
LTU,Lithuania,"Deaths from suicide, alcohol, drugs",DT_10P5HB,2013,56.3405779525,A,deaths_despair,Health,lived,-1,core,False,rate_per_100k,-56.3405779525,,,
LTU,Lithuania,"Deaths from suicide, alcohol, drugs",DT_10P5HB,2014,52.909545207,A,deaths_despair,Health,lived,-1,core,False,rate_per_100k,-52.909545207,,,
LTU,Lithuania,"Deaths from suicide, alcohol, drugs",DT_10P5HB,2015,52.9148009448,A,deaths_despair,Health,lived,-1,core,False,rate_per_100k,-52.9148009448,,,
LTU,Lithuania,"Deaths from suicide, alcohol, drugs",DT_10P5HB,2016,58.1361637204,A,deaths_despair,Health,lived,-1,core,False,rate_per_100k,-58.1361637204,,,
LTU,Lithuania,"Deaths from suicide, alcohol, drugs",DT_10P5HB,2017,53.299197398,A,deaths_despair,Health,lived,-1,core,False,rate_per_100k,-53.299197398,,,
LTU,Lithuania,"Deaths from suicide, alcohol, drugs",DT_10P5HB,2018,47.9004305637,A,deaths_despair,Health,lived,-1,core,False,rate_per_100k,-47.9004305637,,,
LTU,Lithuania,"Deaths from suicide, alcohol, drugs",DT_10P5HB,2019,47.7006526542,A,deaths_despair,Health,lived,-1,core,False,rate_per_100k,-47.7006526542,,,
LTU,Lithuania,"Deaths from suicide, alcohol, drugs",DT_10P5HB,2020,47.6302749298,A,deaths_despair,Health,lived,-1,core,False,rate_per_100k,-47.6302749298,,,
LTU,Lithuania,"Deaths from suicide, alcohol, drugs",DT_10P5HB,2021,46.9483993566,A,deaths_despair,Health,lived,-1,core,False,rate_per_100k,-46.9483993566,,,
LTU,Lithuania,"Deaths from suicide, alcohol, drugs",DT_10P5HB,2022,46.350222036,A,deaths_despair,Health,lived,-1,core,False,rate_per_100k,-46.350222036,,,
LTU,Lithuania,"Deaths from suicide, alcohol, drugs",DT_10P5HB,2023,44.714494036,A,deaths_despair,Health,lived,-1,core,False,rate_per_100k,-44.714494036,,,
LTU,Lithuania,"Deaths from suicide, alcohol, drugs",DT_10P5HB,2024,45.0738588272,A,deaths_despair,Health,lived,-1,core,False,rate_per_100k,-45.0738588272,,,
LUX,Luxembourg,"Deaths from suicide, alcohol, drugs",DT_10P5HB,2010,18.7722279408,A,deaths_despair,Health,lived,-1,core,False,rate_per_100k,-18.7722279408,,,
LUX,Luxembourg,"Deaths from suicide, alcohol, drugs",DT_10P5HB,2011,17.8409017647,A,deaths_despair,Health,lived,-1,core,False,rate_per_100k,-17.8409017647,,,
LUX,Luxembourg,"Deaths from suicide, alcohol, drugs",DT_10P5HB,2012,17.6875881999,A,deaths_despair,Health,lived,-1,core,False,rate_per_100k,-17.6875881999,,,
LUX,Luxembourg,"Deaths from suicide, alcohol, drugs",DT_10P5HB,2013,14.7923073655,A,deaths_despair,Health,lived,-1,core,False,rate_per_100k,-14.7923073655,,,
LUX,Luxembourg,"Deaths from suicide, alcohol, drugs",DT_10P5HB,2014,19.3580389042,A,deaths_despair,Health,lived,-1,core,False,rate_per_100k,-19.3580389042,,,
LUX,Luxembourg,"Deaths from suicide, alcohol, drugs",DT_10P5HB,2015,16.488193168,A,deaths_despair,Health,lived,-1,core,False,rate_per_100k,-16.488193168,,,
LUX,Luxembourg,"Deaths from suicide, alcohol, drugs",DT_10P5HB,2016,15.8702955345,A,deaths_despair,Health,lived,-1,core,False,rate_per_100k,-15.8702955345,,,
LUX,Luxembourg,"Deaths from suicide, alcohol, drugs",DT_10P5HB,2017,16.6600198921,A,deaths_despair,Health,lived,-1,core,False,rate_per_100k,-16.6600198921,,,
LUX,Luxembourg,"Deaths from suicide, alcohol, drugs",DT_10P5HB,2018,15.5710808874,A,deaths_despair,Health,lived,-1,core,False,rate_per_100k,-15.5710808874,,,
LUX,Luxembourg,"Deaths from suicide, alcohol, drugs",DT_10P5HB,2019,17.9320128181,A,deaths_despair,Health,lived,-1,core,False,rate_per_100k,-17.9320128181,,,
LUX,Luxembourg,"Deaths from suicide, alcohol, drugs",DT_10P5HB,2020,15.9204175556,A,deaths_despair,Health,lived,-1,core,False,rate_per_100k,-15.9204175556,,,
LUX,Luxembourg,"Deaths from suicide, alcohol, drugs",DT_10P5HB,2021,11.0196026672,A,deaths_despair,Health,lived,-1,core,False,rate_per_100k,-11.0196026672,,,
LUX,Luxembourg,"Deaths from suicide, alcohol, drugs",DT_10P5HB,2022,14.2664506645,A,deaths_despair,Health,lived,-1,core,False,rate_per_100k,-14.2664506645,,,
LUX,Luxembourg,"Deaths from suicide, alcohol, drugs",DT_10P5HB,2023,15.2881705047,A,deaths_despair,Health,lived,-1,core,False,rate_per_100k,-15.2881705047,,,
LUX,Luxembourg,"Deaths from suicide, alcohol, drugs",DT_10P5HB,2024,14.9010372593,A,deaths_despair,Health,lived,-1,core,False,rate_per_100k,-14.9010372593,,,
LVA,Latvia,"Deaths from suicide, alcohol, drugs",DT_10P5HB,2010,47.7513521372,A,deaths_despair,Health,lived,-1,core,False,rate_per_100k,-47.7513521372,,,
LVA,Latvia,"Deaths from suicide, alcohol, drugs",DT_10P5HB,2011,45.7604971244,A,deaths_despair,Health,lived,-1,core,False,rate_per_100k,-45.7604971244,,,
LVA,Latvia,"Deaths from suicide, alcohol, drugs",DT_10P5HB,2012,47.3312285832,A,deaths_despair,Health,lived,-1,core,False,rate_per_100k,-47.3312285832,,,
LVA,Latvia,"Deaths from suicide, alcohol, drugs",DT_10P5HB,2013,43.8444288274,A,deaths_despair,Health,lived,-1,core,False,rate_per_100k,-43.8444288274,,,
LVA,Latvia,"Deaths from suicide, alcohol, drugs",DT_10P5HB,2014,44.0573337848,A,deaths_despair,Health,lived,-1,core,False,rate_per_100k,-44.0573337848,,,
LVA,Latvia,"Deaths from suicide, alcohol, drugs",DT_10P5HB,2015,45.1636834873,A,deaths_despair,Health,lived,-1,core,False,rate_per_100k,-45.1636834873,,,
LVA,Latvia,"Deaths from suicide, alcohol, drugs",DT_10P5HB,2016,42.1682931843,A,deaths_despair,Health,lived,-1,core,False,rate_per_100k,-42.1682931843,,,
LVA,Latvia,"Deaths from suicide, alcohol, drugs",DT_10P5HB,2017,39.5602723151,A,deaths_despair,Health,lived,-1,core,False,rate_per_100k,-39.5602723151,,,
LVA,Latvia,"Deaths from suicide, alcohol, drugs",DT_10P5HB,2018,41.104833662,A,deaths_despair,Health,lived,-1,core,False,rate_per_100k,-41.104833662,,,
LVA,Latvia,"Deaths from suicide, alcohol, drugs",DT_10P5HB,2019,36.9560322002,A,deaths_despair,Health,lived,-1,core,False,rate_per_100k,-36.9560322002,,,
LVA,Latvia,"Deaths from suicide, alcohol, drugs",DT_10P5HB,2020,35.1611885251,A,deaths_despair,Health,lived,-1,core,False,rate_per_100k,-35.1611885251,,,
LVA,Latvia,"Deaths from suicide, alcohol, drugs",DT_10P5HB,2021,44.2154193585,A,deaths_despair,Health,lived,-1,core,False,rate_per_100k,-44.2154193585,,,
LVA,Latvia,"Deaths from suicide, alcohol, drugs",DT_10P5HB,2022,44.0389230904,A,deaths_despair,Health,lived,-1,core,False,rate_per_100k,-44.0389230904,,,
LVA,Latvia,"Deaths from suicide, alcohol, drugs",DT_10P5HB,2023,44.0330848519,A,deaths_despair,Health,lived,-1,core,False,rate_per_100k,-44.0330848519,,,
LVA,Latvia,"Deaths from suicide, alcohol, drugs",DT_10P5HB,2024,37.7133025409,A,deaths_despair,Health,lived,-1,core,False,rate_per_100k,-37.7133025409,,,
MEX,Mexico,"Deaths from suicide, alcohol, drugs",DT_10P5HB,2010,30.1893769322,A,deaths_despair,Health,lived,-1,core,False,rate_per_100k,-30.1893769322,,,
MEX,Mexico,"Deaths from suicide, alcohol, drugs",DT_10P5HB,2011,29.4491020815,A,deaths_despair,Health,lived,-1,core,False,rate_per_100k,-29.4491020815,,,
MEX,Mexico,"Deaths from suicide, alcohol, drugs",DT_10P5HB,2012,28.9414792547,A,deaths_despair,Health,lived,-1,core,False,rate_per_100k,-28.9414792547,,,
MEX,Mexico,"Deaths from suicide, alcohol, drugs",DT_10P5HB,2013,28.6242933519,A,deaths_despair,Health,lived,-1,core,False,rate_per_100k,-28.6242933519,,,
MEX,Mexico,"Deaths from suicide, alcohol, drugs",DT_10P5HB,2014,29.5446417519,A,deaths_despair,Health,lived,-1,core,False,rate_per_100k,-29.5446417519,,,
MEX,Mexico,"Deaths from suicide, alcohol, drugs",DT_10P5HB,2015,29.4128354132,A,deaths_despair,Health,lived,-1,core,False,rate_per_100k,-29.4128354132,,,
MEX,Mexico,"Deaths from suicide, alcohol, drugs",DT_10P5HB,2016,29.7179524628,A,deaths_despair,Health,lived,-1,core,False,rate_per_100k,-29.7179524628,,,
MEX,Mexico,"Deaths from suicide, alcohol, drugs",DT_10P5HB,2017,28.4231710913,A,deaths_despair,Health,lived,-1,core,False,rate_per_100k,-28.4231710913,,,
MEX,Mexico,"Deaths from suicide, alcohol, drugs",DT_10P5HB,2018,28.1657173997,A,deaths_despair,Health,lived,-1,core,False,rate_per_100k,-28.1657173997,,,
MEX,Mexico,"Deaths from suicide, alcohol, drugs",DT_10P5HB,2019,28.3063038536,A,deaths_despair,Health,lived,-1,core,False,rate_per_100k,-28.3063038536,,,
MEX,Mexico,"Deaths from suicide, alcohol, drugs",DT_10P5HB,2020,29.9133216863,A,deaths_despair,Health,lived,-1,core,False,rate_per_100k,-29.9133216863,,,
MEX,Mexico,"Deaths from suicide, alcohol, drugs",DT_10P5HB,2021,30.1807916955,A,deaths_despair,Health,lived,-1,core,False,rate_per_100k,-30.1807916955,,,
MEX,Mexico,"Deaths from suicide, alcohol, drugs",DT_10P5HB,2022,28.1155109034,A,deaths_despair,Health,lived,-1,core,False,rate_per_100k,-28.1155109034,,,
MEX,Mexico,"Deaths from suicide, alcohol, drugs",DT_10P5HB,2023,27.300259687,A,deaths_despair,Health,lived,-1,core,False,rate_per_100k,-27.300259687,,,
NLD,Netherlands,"Deaths from suicide, alcohol, drugs",DT_10P5HB,2010,12.1582349813,A,deaths_despair,Health,lived,-1,core,False,rate_per_100k,-12.1582349813,,,
NLD,Netherlands,"Deaths from suicide, alcohol, drugs",DT_10P5HB,2011,12.7851910833,A,deaths_despair,Health,lived,-1,core,False,rate_per_100k,-12.7851910833,,,
NLD,Netherlands,"Deaths from suicide, alcohol, drugs",DT_10P5HB,2012,13.2878018878,A,deaths_despair,Health,lived,-1,core,False,rate_per_100k,-13.2878018878,,,
NLD,Netherlands,"Deaths from suicide, alcohol, drugs",DT_10P5HB,2013,13.7507588672,A,deaths_despair,Health,lived,-1,core,False,rate_per_100k,-13.7507588672,,,
NLD,Netherlands,"Deaths from suicide, alcohol, drugs",DT_10P5HB,2014,13.3971330356,A,deaths_despair,Health,lived,-1,core,False,rate_per_100k,-13.3971330356,,,
NLD,Netherlands,"Deaths from suicide, alcohol, drugs",DT_10P5HB,2015,13.8017552814,A,deaths_despair,Health,lived,-1,core,False,rate_per_100k,-13.8017552814,,,
NLD,Netherlands,"Deaths from suicide, alcohol, drugs",DT_10P5HB,2016,14.7689359217,A,deaths_despair,Health,lived,-1,core,False,rate_per_100k,-14.7689359217,,,
NLD,Netherlands,"Deaths from suicide, alcohol, drugs",DT_10P5HB,2017,14.7326336658,A,deaths_despair,Health,lived,-1,core,False,rate_per_100k,-14.7326336658,,,
NLD,Netherlands,"Deaths from suicide, alcohol, drugs",DT_10P5HB,2018,13.9620596979,A,deaths_despair,Health,lived,-1,core,False,rate_per_100k,-13.9620596979,,,
NLD,Netherlands,"Deaths from suicide, alcohol, drugs",DT_10P5HB,2019,13.7340946923,A,deaths_despair,Health,lived,-1,core,False,rate_per_100k,-13.7340946923,,,
NLD,Netherlands,"Deaths from suicide, alcohol, drugs",DT_10P5HB,2020,14.3565704793,A,deaths_despair,Health,lived,-1,core,False,rate_per_100k,-14.3565704793,,,
NLD,Netherlands,"Deaths from suicide, alcohol, drugs",DT_10P5HB,2021,14.5472203386,A,deaths_despair,Health,lived,-1,core,False,rate_per_100k,-14.5472203386,,,
NLD,Netherlands,"Deaths from suicide, alcohol, drugs",DT_10P5HB,2022,14.8538306247,A,deaths_despair,Health,lived,-1,core,False,rate_per_100k,-14.8538306247,,,
NLD,Netherlands,"Deaths from suicide, alcohol, drugs",DT_10P5HB,2023,14.618654606,A,deaths_despair,Health,lived,-1,core,False,rate_per_100k,-14.618654606,,,
NLD,Netherlands,"Deaths from suicide, alcohol, drugs",DT_10P5HB,2024,14.7324528634,A,deaths_despair,Health,lived,-1,core,False,rate_per_100k,-14.7324528634,,,
NOR,Norway,"Deaths from suicide, alcohol, drugs",DT_10P5HB,2010,17.9373826971,A,deaths_despair,Health,lived,-1,core,False,rate_per_100k,-17.9373826971,,,
NOR,Norway,"Deaths from suicide, alcohol, drugs",DT_10P5HB,2011,16.9713399713,A,deaths_despair,Health,lived,-1,core,False,rate_per_100k,-16.9713399713,,,
NOR,Norway,"Deaths from suicide, alcohol, drugs",DT_10P5HB,2012,15.5951891944,A,deaths_despair,Health,lived,-1,core,False,rate_per_100k,-15.5951891944,,,
NOR,Norway,"Deaths from suicide, alcohol, drugs",DT_10P5HB,2013,15.8491703751,A,deaths_despair,Health,lived,-1,core,False,rate_per_100k,-15.8491703751,,,
NOR,Norway,"Deaths from suicide, alcohol, drugs",DT_10P5HB,2014,16.5028744647,A,deaths_despair,Health,lived,-1,core,False,rate_per_100k,-16.5028744647,,,
NOR,Norway,"Deaths from suicide, alcohol, drugs",DT_10P5HB,2015,17.0860390484,A,deaths_despair,Health,lived,-1,core,False,rate_per_100k,-17.0860390484,,,
NOR,Norway,"Deaths from suicide, alcohol, drugs",DT_10P5HB,2016,19.987444276,A,deaths_despair,Health,lived,-1,core,False,rate_per_100k,-19.987444276,,,
NZL,New Zealand,"Deaths from suicide, alcohol, drugs",DT_10P5HB,2010,15.6932589797,A,deaths_despair,Health,lived,-1,core,False,rate_per_100k,-15.6932589797,,,
NZL,New Zealand,"Deaths from suicide, alcohol, drugs",DT_10P5HB,2011,14.504527699,A,deaths_despair,Health,lived,-1,core,False,rate_per_100k,-14.504527699,,,
NZL,New Zealand,"Deaths from suicide, alcohol, drugs",DT_10P5HB,2012,15.6012814936,A,deaths_despair,Health,lived,-1,core,False,rate_per_100k,-15.6012814936,,,
NZL,New Zealand,"Deaths from suicide, alcohol, drugs",DT_10P5HB,2013,14.6457531478,A,deaths_despair,Health,lived,-1,core,False,rate_per_100k,-14.6457531478,,,
NZL,New Zealand,"Deaths from suicide, alcohol, drugs",DT_10P5HB,2014,14.832914986,A,deaths_despair,Health,lived,-1,core,False,rate_per_100k,-14.832914986,,,
NZL,New Zealand,"Deaths from suicide, alcohol, drugs",DT_10P5HB,2015,14.5928933124,A,deaths_despair,Health,lived,-1,core,False,rate_per_100k,-14.5928933124,,,
NZL,New Zealand,"Deaths from suicide, alcohol, drugs",DT_10P5HB,2016,14.9815831234,A,deaths_despair,Health,lived,-1,core,False,rate_per_100k,-14.9815831234,,,
NZL,New Zealand,"Deaths from suicide, alcohol, drugs",DT_10P5HB,2017,16.0401870912,A,deaths_despair,Health,lived,-1,core,False,rate_per_100k,-16.0401870912,,,
NZL,New Zealand,"Deaths from suicide, alcohol, drugs",DT_10P5HB,2018,16.531790579,A,deaths_despair,Health,lived,-1,core,False,rate_per_100k,-16.531790579,,,
NZL,New Zealand,"Deaths from suicide, alcohol, drugs",DT_10P5HB,2019,17.9799588326,A,deaths_despair,Health,lived,-1,core,False,rate_per_100k,-17.9799588326,,,
NZL,New Zealand,"Deaths from suicide, alcohol, drugs",DT_10P5HB,2020,16.3004128424,A,deaths_despair,Health,lived,-1,core,False,rate_per_100k,-16.3004128424,,,
PER,Peru,"Deaths from suicide, alcohol, drugs",DT_10P5HB,2010,18.3859914968,A,deaths_despair,Health,lived,-1,core,False,rate_per_100k,-18.3859914968,,,
PER,Peru,"Deaths from suicide, alcohol, drugs",DT_10P5HB,2011,17.4326190314,A,deaths_despair,Health,lived,-1,core,False,rate_per_100k,-17.4326190314,,,
PER,Peru,"Deaths from suicide, alcohol, drugs",DT_10P5HB,2012,16.7277012278,A,deaths_despair,Health,lived,-1,core,False,rate_per_100k,-16.7277012278,,,
PER,Peru,"Deaths from suicide, alcohol, drugs",DT_10P5HB,2013,15.6069836311,A,deaths_despair,Health,lived,-1,core,False,rate_per_100k,-15.6069836311,,,
PER,Peru,"Deaths from suicide, alcohol, drugs",DT_10P5HB,2014,15.7823195714,A,deaths_despair,Health,lived,-1,core,False,rate_per_100k,-15.7823195714,,,
PER,Peru,"Deaths from suicide, alcohol, drugs",DT_10P5HB,2015,17.241720235,A,deaths_despair,Health,lived,-1,core,False,rate_per_100k,-17.241720235,,,
PER,Peru,"Deaths from suicide, alcohol, drugs",DT_10P5HB,2016,17.3756206852,A,deaths_despair,Health,lived,-1,core,False,rate_per_100k,-17.3756206852,,,
PER,Peru,"Deaths from suicide, alcohol, drugs",DT_10P5HB,2017,19.1488032121,A,deaths_despair,Health,lived,-1,core,False,rate_per_100k,-19.1488032121,,,
PER,Peru,"Deaths from suicide, alcohol, drugs",DT_10P5HB,2018,21.6094110416,A,deaths_despair,Health,lived,-1,core,False,rate_per_100k,-21.6094110416,,,
PER,Peru,"Deaths from suicide, alcohol, drugs",DT_10P5HB,2019,19.6518631014,A,deaths_despair,Health,lived,-1,core,False,rate_per_100k,-19.6518631014,,,
PER,Peru,"Deaths from suicide, alcohol, drugs",DT_10P5HB,2020,20.3695035751,A,deaths_despair,Health,lived,-1,core,False,rate_per_100k,-20.3695035751,,,
PER,Peru,"Deaths from suicide, alcohol, drugs",DT_10P5HB,2021,23.2809418789,A,deaths_despair,Health,lived,-1,core,False,rate_per_100k,-23.2809418789,,,
PER,Peru,"Deaths from suicide, alcohol, drugs",DT_10P5HB,2022,23.4221501657,A,deaths_despair,Health,lived,-1,core,False,rate_per_100k,-23.4221501657,,,
POL,Poland,"Deaths from suicide, alcohol, drugs",DT_10P5HB,2010,26.7431668644,A,deaths_despair,Health,lived,-1,core,False,rate_per_100k,-26.7431668644,,,
POL,Poland,"Deaths from suicide, alcohol, drugs",DT_10P5HB,2011,25.5831684302,A,deaths_despair,Health,lived,-1,core,False,rate_per_100k,-25.5831684302,,,
POL,Poland,"Deaths from suicide, alcohol, drugs",DT_10P5HB,2012,25.0189110779,A,deaths_despair,Health,lived,-1,core,False,rate_per_100k,-25.0189110779,,,
POL,Poland,"Deaths from suicide, alcohol, drugs",DT_10P5HB,2013,24.4283091713,A,deaths_despair,Health,lived,-1,core,False,rate_per_100k,-24.4283091713,,,
POL,Poland,"Deaths from suicide, alcohol, drugs",DT_10P5HB,2014,21.9771506236,A,deaths_despair,Health,lived,-1,core,False,rate_per_100k,-21.9771506236,,,
POL,Poland,"Deaths from suicide, alcohol, drugs",DT_10P5HB,2015,18.8373064666,A,deaths_despair,Health,lived,-1,core,False,rate_per_100k,-18.8373064666,,,
POL,Poland,"Deaths from suicide, alcohol, drugs",DT_10P5HB,2016,16.6870544899,A,deaths_despair,Health,lived,-1,core,False,rate_per_100k,-16.6870544899,,,
POL,Poland,"Deaths from suicide, alcohol, drugs",DT_10P5HB,2017,17.0768347187,A,deaths_despair,Health,lived,-1,core,False,rate_per_100k,-17.0768347187,,,
POL,Poland,"Deaths from suicide, alcohol, drugs",DT_10P5HB,2018,16.8456863488,A,deaths_despair,Health,lived,-1,core,False,rate_per_100k,-16.8456863488,,,
POL,Poland,"Deaths from suicide, alcohol, drugs",DT_10P5HB,2019,17.0339094904,A,deaths_despair,Health,lived,-1,core,False,rate_per_100k,-17.0339094904,,,
POL,Poland,"Deaths from suicide, alcohol, drugs",DT_10P5HB,2020,18.0723322169,A,deaths_despair,Health,lived,-1,core,False,rate_per_100k,-18.0723322169,,,
POL,Poland,"Deaths from suicide, alcohol, drugs",DT_10P5HB,2021,18.0883454462,A,deaths_despair,Health,lived,-1,core,False,rate_per_100k,-18.0883454462,,,
POL,Poland,"Deaths from suicide, alcohol, drugs",DT_10P5HB,2022,17.5509884078,A,deaths_despair,Health,lived,-1,core,False,rate_per_100k,-17.5509884078,,,
POL,Poland,"Deaths from suicide, alcohol, drugs",DT_10P5HB,2023,17.6040837974,A,deaths_despair,Health,lived,-1,core,False,rate_per_100k,-17.6040837974,,,
POL,Poland,"Deaths from suicide, alcohol, drugs",DT_10P5HB,2024,17.2565349177,A,deaths_despair,Health,lived,-1,core,False,rate_per_100k,-17.2565349177,,,
PRT,Portugal,"Deaths from suicide, alcohol, drugs",DT_10P5HB,2010,13.5370073923,A,deaths_despair,Health,lived,-1,core,False,rate_per_100k,-13.5370073923,,,
PRT,Portugal,"Deaths from suicide, alcohol, drugs",DT_10P5HB,2011,12.3860833991,A,deaths_despair,Health,lived,-1,core,False,rate_per_100k,-12.3860833991,,,
PRT,Portugal,"Deaths from suicide, alcohol, drugs",DT_10P5HB,2012,12.2620711597,A,deaths_despair,Health,lived,-1,core,False,rate_per_100k,-12.2620711597,,,
PRT,Portugal,"Deaths from suicide, alcohol, drugs",DT_10P5HB,2013,12.4461725758,A,deaths_despair,Health,lived,-1,core,False,rate_per_100k,-12.4461725758,,,
PRT,Portugal,"Deaths from suicide, alcohol, drugs",DT_10P5HB,2014,14.6990885451,A,deaths_despair,Health,lived,-1,core,False,rate_per_100k,-14.6990885451,,,
PRT,Portugal,"Deaths from suicide, alcohol, drugs",DT_10P5HB,2015,13.4365733327,A,deaths_despair,Health,lived,-1,core,False,rate_per_100k,-13.4365733327,,,
PRT,Portugal,"Deaths from suicide, alcohol, drugs",DT_10P5HB,2016,12.2502993804,A,deaths_despair,Health,lived,-1,core,False,rate_per_100k,-12.2502993804,,,
PRT,Portugal,"Deaths from suicide, alcohol, drugs",DT_10P5HB,2017,12.9969724782,A,deaths_despair,Health,lived,-1,core,False,rate_per_100k,-12.9969724782,,,
PRT,Portugal,"Deaths from suicide, alcohol, drugs",DT_10P5HB,2018,12.7943937805,A,deaths_despair,Health,lived,-1,core,False,rate_per_100k,-12.7943937805,,,
PRT,Portugal,"Deaths from suicide, alcohol, drugs",DT_10P5HB,2019,12.8557374504,A,deaths_despair,Health,lived,-1,core,False,rate_per_100k,-12.8557374504,,,
PRT,Portugal,"Deaths from suicide, alcohol, drugs",DT_10P5HB,2022,12.5882107035,A,deaths_despair,Health,lived,-1,core,False,rate_per_100k,-12.5882107035,,,
ROU,Romania,"Deaths from suicide, alcohol, drugs",DT_10P5HB,2010,61.0251481777,A,deaths_despair,Health,lived,-1,core,False,rate_per_100k,-61.0251481777,,,
ROU,Romania,"Deaths from suicide, alcohol, drugs",DT_10P5HB,2011,52.1435496331,A,deaths_despair,Health,lived,-1,core,False,rate_per_100k,-52.1435496331,,,
ROU,Romania,"Deaths from suicide, alcohol, drugs",DT_10P5HB,2012,52.6623355962,A,deaths_despair,Health,lived,-1,core,False,rate_per_100k,-52.6623355962,,,
ROU,Romania,"Deaths from suicide, alcohol, drugs",DT_10P5HB,2013,49.3060338641,A,deaths_despair,Health,lived,-1,core,False,rate_per_100k,-49.3060338641,,,
ROU,Romania,"Deaths from suicide, alcohol, drugs",DT_10P5HB,2014,49.2172176537,A,deaths_despair,Health,lived,-1,core,False,rate_per_100k,-49.2172176537,,,
ROU,Romania,"Deaths from suicide, alcohol, drugs",DT_10P5HB,2015,47.4120447933,A,deaths_despair,Health,lived,-1,core,False,rate_per_100k,-47.4120447933,,,
ROU,Romania,"Deaths from suicide, alcohol, drugs",DT_10P5HB,2016,46.9686812341,A,deaths_despair,Health,lived,-1,core,False,rate_per_100k,-46.9686812341,,,
ROU,Romania,"Deaths from suicide, alcohol, drugs",DT_10P5HB,2017,47.0257061984,A,deaths_despair,Health,lived,-1,core,False,rate_per_100k,-47.0257061984,,,
ROU,Romania,"Deaths from suicide, alcohol, drugs",DT_10P5HB,2018,47.0042792048,A,deaths_despair,Health,lived,-1,core,False,rate_per_100k,-47.0042792048,,,
ROU,Romania,"Deaths from suicide, alcohol, drugs",DT_10P5HB,2019,44.7840073915,A,deaths_despair,Health,lived,-1,core,False,rate_per_100k,-44.7840073915,,,
ROU,Romania,"Deaths from suicide, alcohol, drugs",DT_10P5HB,2020,44.4286364885,A,deaths_despair,Health,lived,-1,core,False,rate_per_100k,-44.4286364885,,,
ROU,Romania,"Deaths from suicide, alcohol, drugs",DT_10P5HB,2021,44.9450612321,A,deaths_despair,Health,lived,-1,core,False,rate_per_100k,-44.9450612321,,,
ROU,Romania,"Deaths from suicide, alcohol, drugs",DT_10P5HB,2022,43.0757235497,A,deaths_despair,Health,lived,-1,core,False,rate_per_100k,-43.0757235497,,,
ROU,Romania,"Deaths from suicide, alcohol, drugs",DT_10P5HB,2023,38.0723685233,A,deaths_despair,Health,lived,-1,core,False,rate_per_100k,-38.0723685233,,,
SVK,Slovak Republic,"Deaths from suicide, alcohol, drugs",DT_10P5HB,2010,22.9376835441,A,deaths_despair,Health,lived,-1,core,False,rate_per_100k,-22.9376835441,,,
SVK,Slovak Republic,"Deaths from suicide, alcohol, drugs",DT_10P5HB,2012,23.8523835792,A,deaths_despair,Health,lived,-1,core,False,rate_per_100k,-23.8523835792,,,
SVK,Slovak Republic,"Deaths from suicide, alcohol, drugs",DT_10P5HB,2013,21.295032167,A,deaths_despair,Health,lived,-1,core,False,rate_per_100k,-21.295032167,,,
SVK,Slovak Republic,"Deaths from suicide, alcohol, drugs",DT_10P5HB,2014,19.653496069,A,deaths_despair,Health,lived,-1,core,False,rate_per_100k,-19.653496069,,,
SVK,Slovak Republic,"Deaths from suicide, alcohol, drugs",DT_10P5HB,2016,14.6205317277,A,deaths_despair,Health,lived,-1,core,False,rate_per_100k,-14.6205317277,,,
SVK,Slovak Republic,"Deaths from suicide, alcohol, drugs",DT_10P5HB,2017,14.063503628,A,deaths_despair,Health,lived,-1,core,False,rate_per_100k,-14.063503628,,,
SVK,Slovak Republic,"Deaths from suicide, alcohol, drugs",DT_10P5HB,2018,14.8924051805,A,deaths_despair,Health,lived,-1,core,False,rate_per_100k,-14.8924051805,,,
SVK,Slovak Republic,"Deaths from suicide, alcohol, drugs",DT_10P5HB,2019,13.3635397052,A,deaths_despair,Health,lived,-1,core,False,rate_per_100k,-13.3635397052,,,
SVK,Slovak Republic,"Deaths from suicide, alcohol, drugs",DT_10P5HB,2020,16.0220507189,A,deaths_despair,Health,lived,-1,core,False,rate_per_100k,-16.0220507189,,,
SVK,Slovak Republic,"Deaths from suicide, alcohol, drugs",DT_10P5HB,2021,16.9883980005,A,deaths_despair,Health,lived,-1,core,False,rate_per_100k,-16.9883980005,,,
SVK,Slovak Republic,"Deaths from suicide, alcohol, drugs",DT_10P5HB,2022,16.1901780177,A,deaths_despair,Health,lived,-1,core,False,rate_per_100k,-16.1901780177,,,
SVK,Slovak Republic,"Deaths from suicide, alcohol, drugs",DT_10P5HB,2023,15.0127142941,A,deaths_despair,Health,lived,-1,core,False,rate_per_100k,-15.0127142941,,,
SVK,Slovak Republic,"Deaths from suicide, alcohol, drugs",DT_10P5HB,2024,12.7049735162,A,deaths_despair,Health,lived,-1,core,False,rate_per_100k,-12.7049735162,,,
SVN,Slovenia,"Deaths from suicide, alcohol, drugs",DT_10P5HB,2010,56.9306184931,A,deaths_despair,Health,lived,-1,core,False,rate_per_100k,-56.9306184931,,,
SVN,Slovenia,"Deaths from suicide, alcohol, drugs",DT_10P5HB,2011,56.1628048933,A,deaths_despair,Health,lived,-1,core,False,rate_per_100k,-56.1628048933,,,
SVN,Slovenia,"Deaths from suicide, alcohol, drugs",DT_10P5HB,2012,57.4907343082,A,deaths_despair,Health,lived,-1,core,False,rate_per_100k,-57.4907343082,,,
SVN,Slovenia,"Deaths from suicide, alcohol, drugs",DT_10P5HB,2013,56.2108138665,A,deaths_despair,Health,lived,-1,core,False,rate_per_100k,-56.2108138665,,,
SVN,Slovenia,"Deaths from suicide, alcohol, drugs",DT_10P5HB,2014,48.678322467,A,deaths_despair,Health,lived,-1,core,False,rate_per_100k,-48.678322467,,,
SVN,Slovenia,"Deaths from suicide, alcohol, drugs",DT_10P5HB,2015,50.4478157024,A,deaths_despair,Health,lived,-1,core,False,rate_per_100k,-50.4478157024,,,
SVN,Slovenia,"Deaths from suicide, alcohol, drugs",DT_10P5HB,2016,48.2715239569,A,deaths_despair,Health,lived,-1,core,False,rate_per_100k,-48.2715239569,,,
SVN,Slovenia,"Deaths from suicide, alcohol, drugs",DT_10P5HB,2017,50.8972889272,A,deaths_despair,Health,lived,-1,core,False,rate_per_100k,-50.8972889272,,,
SVN,Slovenia,"Deaths from suicide, alcohol, drugs",DT_10P5HB,2018,50.8975301756,A,deaths_despair,Health,lived,-1,core,False,rate_per_100k,-50.8975301756,,,
SVN,Slovenia,"Deaths from suicide, alcohol, drugs",DT_10P5HB,2019,55.2199222984,A,deaths_despair,Health,lived,-1,core,False,rate_per_100k,-55.2199222984,,,
SVN,Slovenia,"Deaths from suicide, alcohol, drugs",DT_10P5HB,2020,50.5824027062,A,deaths_despair,Health,lived,-1,core,False,rate_per_100k,-50.5824027062,,,
SVN,Slovenia,"Deaths from suicide, alcohol, drugs",DT_10P5HB,2021,50.5702993973,A,deaths_despair,Health,lived,-1,core,False,rate_per_100k,-50.5702993973,,,
SVN,Slovenia,"Deaths from suicide, alcohol, drugs",DT_10P5HB,2022,46.7233464638,A,deaths_despair,Health,lived,-1,core,False,rate_per_100k,-46.7233464638,,,
SVN,Slovenia,"Deaths from suicide, alcohol, drugs",DT_10P5HB,2023,48.4369906158,A,deaths_despair,Health,lived,-1,core,False,rate_per_100k,-48.4369906158,,,
SVN,Slovenia,"Deaths from suicide, alcohol, drugs",DT_10P5HB,2024,45.7782231031,A,deaths_despair,Health,lived,-1,core,False,rate_per_100k,-45.7782231031,,,
SWE,Sweden,"Deaths from suicide, alcohol, drugs",DT_10P5HB,2010,17.7226052659,A,deaths_despair,Health,lived,-1,core,False,rate_per_100k,-17.7226052659,,,
SWE,Sweden,"Deaths from suicide, alcohol, drugs",DT_10P5HB,2011,17.7623816012,A,deaths_despair,Health,lived,-1,core,False,rate_per_100k,-17.7623816012,,,
SWE,Sweden,"Deaths from suicide, alcohol, drugs",DT_10P5HB,2012,18.3237426502,A,deaths_despair,Health,lived,-1,core,False,rate_per_100k,-18.3237426502,,,
SWE,Sweden,"Deaths from suicide, alcohol, drugs",DT_10P5HB,2013,18.9222639227,A,deaths_despair,Health,lived,-1,core,False,rate_per_100k,-18.9222639227,,,
SWE,Sweden,"Deaths from suicide, alcohol, drugs",DT_10P5HB,2014,19.1334141941,A,deaths_despair,Health,lived,-1,core,False,rate_per_100k,-19.1334141941,,,
SWE,Sweden,"Deaths from suicide, alcohol, drugs",DT_10P5HB,2015,19.0659027365,A,deaths_despair,Health,lived,-1,core,False,rate_per_100k,-19.0659027365,,,
SWE,Sweden,"Deaths from suicide, alcohol, drugs",DT_10P5HB,2016,22.2619804606,A,deaths_despair,Health,lived,-1,core,False,rate_per_100k,-22.2619804606,,,
SWE,Sweden,"Deaths from suicide, alcohol, drugs",DT_10P5HB,2017,23.0506370988,A,deaths_despair,Health,lived,-1,core,False,rate_per_100k,-23.0506370988,,,
SWE,Sweden,"Deaths from suicide, alcohol, drugs",DT_10P5HB,2018,22.5939583597,A,deaths_despair,Health,lived,-1,core,False,rate_per_100k,-22.5939583597,,,
SWE,Sweden,"Deaths from suicide, alcohol, drugs",DT_10P5HB,2019,22.7953527638,A,deaths_despair,Health,lived,-1,core,False,rate_per_100k,-22.7953527638,,,
SWE,Sweden,"Deaths from suicide, alcohol, drugs",DT_10P5HB,2020,21.0371364419,A,deaths_despair,Health,lived,-1,core,False,rate_per_100k,-21.0371364419,,,
SWE,Sweden,"Deaths from suicide, alcohol, drugs",DT_10P5HB,2021,20.7023543192,A,deaths_despair,Health,lived,-1,core,False,rate_per_100k,-20.7023543192,,,
SWE,Sweden,"Deaths from suicide, alcohol, drugs",DT_10P5HB,2022,21.6501822908,A,deaths_despair,Health,lived,-1,core,False,rate_per_100k,-21.6501822908,,,
SWE,Sweden,"Deaths from suicide, alcohol, drugs",DT_10P5HB,2023,21.2475014612,A,deaths_despair,Health,lived,-1,core,False,rate_per_100k,-21.2475014612,,,
SWE,Sweden,"Deaths from suicide, alcohol, drugs",DT_10P5HB,2024,19.1033311368,A,deaths_despair,Health,lived,-1,core,False,rate_per_100k,-19.1033311368,,,
THA,Thailand,"Deaths from suicide, alcohol, drugs",DT_10P5HB,2010,8.0768273237,A,deaths_despair,Health,lived,-1,core,False,rate_per_100k,-8.0768273237,,,
THA,Thailand,"Deaths from suicide, alcohol, drugs",DT_10P5HB,2011,8.3547517102,A,deaths_despair,Health,lived,-1,core,False,rate_per_100k,-8.3547517102,,,
THA,Thailand,"Deaths from suicide, alcohol, drugs",DT_10P5HB,2012,9.022826602,A,deaths_despair,Health,lived,-1,core,False,rate_per_100k,-9.022826602,,,
THA,Thailand,"Deaths from suicide, alcohol, drugs",DT_10P5HB,2013,9.6829188112,A,deaths_despair,Health,lived,-1,core,False,rate_per_100k,-9.6829188112,,,
THA,Thailand,"Deaths from suicide, alcohol, drugs",DT_10P5HB,2014,10.150887,A,deaths_despair,Health,lived,-1,core,False,rate_per_100k,-10.150887,,,
THA,Thailand,"Deaths from suicide, alcohol, drugs",DT_10P5HB,2015,12.1417400682,A,deaths_despair,Health,lived,-1,core,False,rate_per_100k,-12.1417400682,,,
THA,Thailand,"Deaths from suicide, alcohol, drugs",DT_10P5HB,2016,12.3689655075,A,deaths_despair,Health,lived,-1,core,False,rate_per_100k,-12.3689655075,,,
THA,Thailand,"Deaths from suicide, alcohol, drugs",DT_10P5HB,2017,18.486546019,A,deaths_despair,Health,lived,-1,core,False,rate_per_100k,-18.486546019,,,
THA,Thailand,"Deaths from suicide, alcohol, drugs",DT_10P5HB,2018,18.2363806325,A,deaths_despair,Health,lived,-1,core,False,rate_per_100k,-18.2363806325,,,
THA,Thailand,"Deaths from suicide, alcohol, drugs",DT_10P5HB,2019,20.9966818805,A,deaths_despair,Health,lived,-1,core,False,rate_per_100k,-20.9966818805,,,
THA,Thailand,"Deaths from suicide, alcohol, drugs",DT_10P5HB,2021,20.8253116514,A,deaths_despair,Health,lived,-1,core,False,rate_per_100k,-20.8253116514,,,
THA,Thailand,"Deaths from suicide, alcohol, drugs",DT_10P5HB,2022,18.8700486724,A,deaths_despair,Health,lived,-1,core,False,rate_per_100k,-18.8700486724,,,
THA,Thailand,"Deaths from suicide, alcohol, drugs",DT_10P5HB,2023,18.7631792765,A,deaths_despair,Health,lived,-1,core,False,rate_per_100k,-18.7631792765,,,
TUR,Türkiye,"Deaths from suicide, alcohol, drugs",DT_10P5HB,2010,6.0431921993,A,deaths_despair,Health,lived,-1,core,False,rate_per_100k,-6.0431921993,,,
TUR,Türkiye,"Deaths from suicide, alcohol, drugs",DT_10P5HB,2011,5.5791299853,A,deaths_despair,Health,lived,-1,core,False,rate_per_100k,-5.5791299853,,,
TUR,Türkiye,"Deaths from suicide, alcohol, drugs",DT_10P5HB,2012,6.2993141424,A,deaths_despair,Health,lived,-1,core,False,rate_per_100k,-6.2993141424,,,
TUR,Türkiye,"Deaths from suicide, alcohol, drugs",DT_10P5HB,2013,7.0219704931,A,deaths_despair,Health,lived,-1,core,False,rate_per_100k,-7.0219704931,,,
TUR,Türkiye,"Deaths from suicide, alcohol, drugs",DT_10P5HB,2014,6.8950411407,A,deaths_despair,Health,lived,-1,core,False,rate_per_100k,-6.8950411407,,,
TUR,Türkiye,"Deaths from suicide, alcohol, drugs",DT_10P5HB,2015,6.6435463799,A,deaths_despair,Health,lived,-1,core,False,rate_per_100k,-6.6435463799,,,
TUR,Türkiye,"Deaths from suicide, alcohol, drugs",DT_10P5HB,2016,7.4119564558,A,deaths_despair,Health,lived,-1,core,False,rate_per_100k,-7.4119564558,,,
TUR,Türkiye,"Deaths from suicide, alcohol, drugs",DT_10P5HB,2017,8.3451798723,A,deaths_despair,Health,lived,-1,core,False,rate_per_100k,-8.3451798723,,,
TUR,Türkiye,"Deaths from suicide, alcohol, drugs",DT_10P5HB,2018,8.3887660169,A,deaths_despair,Health,lived,-1,core,False,rate_per_100k,-8.3887660169,,,
TUR,Türkiye,"Deaths from suicide, alcohol, drugs",DT_10P5HB,2019,8.6480653245,A,deaths_despair,Health,lived,-1,core,False,rate_per_100k,-8.6480653245,,,
TUR,Türkiye,"Deaths from suicide, alcohol, drugs",DT_10P5HB,2020,8.5210798198,A,deaths_despair,Health,lived,-1,core,False,rate_per_100k,-8.5210798198,,,
TUR,Türkiye,"Deaths from suicide, alcohol, drugs",DT_10P5HB,2021,9.2806693471,A,deaths_despair,Health,lived,-1,core,False,rate_per_100k,-9.2806693471,,,
TUR,Türkiye,"Deaths from suicide, alcohol, drugs",DT_10P5HB,2022,8.8361699209,A,deaths_despair,Health,lived,-1,core,False,rate_per_100k,-8.8361699209,,,
TUR,Türkiye,"Deaths from suicide, alcohol, drugs",DT_10P5HB,2023,8.8428443202,A,deaths_despair,Health,lived,-1,core,False,rate_per_100k,-8.8428443202,,,
USA,United States,"Deaths from suicide, alcohol, drugs",DT_10P5HB,2010,23.8563979367,A,deaths_despair,Health,lived,-1,core,False,rate_per_100k,-23.8563979367,,,
USA,United States,"Deaths from suicide, alcohol, drugs",DT_10P5HB,2011,24.5424542466,A,deaths_despair,Health,lived,-1,core,False,rate_per_100k,-24.5424542466,,,
USA,United States,"Deaths from suicide, alcohol, drugs",DT_10P5HB,2012,25.2374005803,A,deaths_despair,Health,lived,-1,core,False,rate_per_100k,-25.2374005803,,,
USA,United States,"Deaths from suicide, alcohol, drugs",DT_10P5HB,2013,25.9930078203,A,deaths_despair,Health,lived,-1,core,False,rate_per_100k,-25.9930078203,,,
USA,United States,"Deaths from suicide, alcohol, drugs",DT_10P5HB,2014,27.0161211224,A,deaths_despair,Health,lived,-1,core,False,rate_per_100k,-27.0161211224,,,
USA,United States,"Deaths from suicide, alcohol, drugs",DT_10P5HB,2015,28.6050095909,A,deaths_despair,Health,lived,-1,core,False,rate_per_100k,-28.6050095909,,,
USA,United States,"Deaths from suicide, alcohol, drugs",DT_10P5HB,2016,30.7199280744,A,deaths_despair,Health,lived,-1,core,False,rate_per_100k,-30.7199280744,,,
USA,United States,"Deaths from suicide, alcohol, drugs",DT_10P5HB,2017,32.6149111121,A,deaths_despair,Health,lived,-1,core,False,rate_per_100k,-32.6149111121,,,
USA,United States,"Deaths from suicide, alcohol, drugs",DT_10P5HB,2018,32.7390515105,A,deaths_despair,Health,lived,-1,core,False,rate_per_100k,-32.7390515105,,,
USA,United States,"Deaths from suicide, alcohol, drugs",DT_10P5HB,2019,33.1391702536,A,deaths_despair,Health,lived,-1,core,False,rate_per_100k,-33.1391702536,,,
USA,United States,"Deaths from suicide, alcohol, drugs",DT_10P5HB,2020,36.329675775,A,deaths_despair,Health,lived,-1,core,False,rate_per_100k,-36.329675775,,,
USA,United States,"Deaths from suicide, alcohol, drugs",DT_10P5HB,2021,39.0529805438,A,deaths_despair,Health,lived,-1,core,False,rate_per_100k,-39.0529805438,,,
USA,United States,"Deaths from suicide, alcohol, drugs",DT_10P5HB,2022,39.4536240472,A,deaths_despair,Health,lived,-1,core,False,rate_per_100k,-39.4536240472,,,
USA,United States,"Deaths from suicide, alcohol, drugs",DT_10P5HB,2023,37.9166879404,A,deaths_despair,Health,lived,-1,core,False,rate_per_100k,-37.9166879404,,,
ZAF,South Africa,"Deaths from suicide, alcohol, drugs",DT_10P5HB,2016,4.7892395204,A,deaths_despair,Health,lived,-1,core,False,rate_per_100k,-4.7892395204,,,
ZAF,South Africa,"Deaths from suicide, alcohol, drugs",DT_10P5HB,2017,4.5080472223,A,deaths_despair,Health,lived,-1,core,False,rate_per_100k,-4.5080472223,,,
ZAF,South Africa,"Deaths from suicide, alcohol, drugs",DT_10P5HB,2018,4.7096683968,A,deaths_despair,Health,lived,-1,core,False,rate_per_100k,-4.7096683968,,,
AUT,Austria,Households and NPISHs net adjusted disposable income per capita,USD_PPP_PS,2010,51010.0,A,disposable_income,Material,objective,1,core,False,ppp_usd,51010.0,,,
AUT,Austria,Households and NPISHs net adjusted disposable income per capita,USD_PPP_PS,2011,50164.0,A,disposable_income,Material,objective,1,core,False,ppp_usd,50164.0,,,
AUT,Austria,Households and NPISHs net adjusted disposable income per capita,USD_PPP_PS,2012,51000.0,A,disposable_income,Material,objective,1,core,False,ppp_usd,51000.0,,,
AUT,Austria,Households and NPISHs net adjusted disposable income per capita,USD_PPP_PS,2013,49698.0,A,disposable_income,Material,objective,1,core,False,ppp_usd,49698.0,,,
AUT,Austria,Households and NPISHs net adjusted disposable income per capita,USD_PPP_PS,2014,49667.0,A,disposable_income,Material,objective,1,core,False,ppp_usd,49667.0,,,
AUT,Austria,Households and NPISHs net adjusted disposable income per capita,USD_PPP_PS,2015,49547.0,A,disposable_income,Material,objective,1,core,False,ppp_usd,49547.0,,,
AUT,Austria,Households and NPISHs net adjusted disposable income per capita,USD_PPP_PS,2016,50168.0,A,disposable_income,Material,objective,1,core,False,ppp_usd,50168.0,,,
AUT,Austria,Households and NPISHs net adjusted disposable income per capita,USD_PPP_PS,2017,50287.0,A,disposable_income,Material,objective,1,core,False,ppp_usd,50287.0,,,
AUT,Austria,Households and NPISHs net adjusted disposable income per capita,USD_PPP_PS,2018,50742.0,A,disposable_income,Material,objective,1,core,False,ppp_usd,50742.0,,,
AUT,Austria,Households and NPISHs net adjusted disposable income per capita,USD_PPP_PS,2019,50802.0,A,disposable_income,Material,objective,1,core,False,ppp_usd,50802.0,,,
AUT,Austria,Households and NPISHs net adjusted disposable income per capita,USD_PPP_PS,2020,49968.0,A,disposable_income,Material,objective,1,core,False,ppp_usd,49968.0,,,
AUT,Austria,Households and NPISHs net adjusted disposable income per capita,USD_PPP_PS,2021,51763.0,A,disposable_income,Material,objective,1,core,False,ppp_usd,51763.0,,,
AUT,Austria,Households and NPISHs net adjusted disposable income per capita,USD_PPP_PS,2022,52215.0,A,disposable_income,Material,objective,1,core,False,ppp_usd,52215.0,,,
AUT,Austria,Households and NPISHs net adjusted disposable income per capita,USD_PPP_PS,2023,51484.0,A,disposable_income,Material,objective,1,core,False,ppp_usd,51484.0,,,
AUT,Austria,Households and NPISHs net adjusted disposable income per capita,USD_PPP_PS,2024,53375.0,A,disposable_income,Material,objective,1,core,False,ppp_usd,53375.0,,,
BEL,Belgium,Households and NPISHs net adjusted disposable income per capita,USD_PPP_PS,2010,46592.0,A,disposable_income,Material,objective,1,core,False,ppp_usd,46592.0,,,
BEL,Belgium,Households and NPISHs net adjusted disposable income per capita,USD_PPP_PS,2011,46226.0,A,disposable_income,Material,objective,1,core,False,ppp_usd,46226.0,,,
BEL,Belgium,Households and NPISHs net adjusted disposable income per capita,USD_PPP_PS,2012,46204.0,A,disposable_income,Material,objective,1,core,False,ppp_usd,46204.0,,,
BEL,Belgium,Households and NPISHs net adjusted disposable income per capita,USD_PPP_PS,2013,46046.0,A,disposable_income,Material,objective,1,core,False,ppp_usd,46046.0,,,
BEL,Belgium,Households and NPISHs net adjusted disposable income per capita,USD_PPP_PS,2014,46183.0,A,disposable_income,Material,objective,1,core,False,ppp_usd,46183.0,,,
BEL,Belgium,Households and NPISHs net adjusted disposable income per capita,USD_PPP_PS,2015,46168.0,A,disposable_income,Material,objective,1,core,False,ppp_usd,46168.0,,,
BEL,Belgium,Households and NPISHs net adjusted disposable income per capita,USD_PPP_PS,2016,46594.0,A,disposable_income,Material,objective,1,core,False,ppp_usd,46594.0,,,
BEL,Belgium,Households and NPISHs net adjusted disposable income per capita,USD_PPP_PS,2017,47088.0,A,disposable_income,Material,objective,1,core,False,ppp_usd,47088.0,,,
BEL,Belgium,Households and NPISHs net adjusted disposable income per capita,USD_PPP_PS,2018,47459.0,A,disposable_income,Material,objective,1,core,False,ppp_usd,47459.0,,,
BEL,Belgium,Households and NPISHs net adjusted disposable income per capita,USD_PPP_PS,2019,48448.0,A,disposable_income,Material,objective,1,core,False,ppp_usd,48448.0,,,
BEL,Belgium,Households and NPISHs net adjusted disposable income per capita,USD_PPP_PS,2020,48375.0,A,disposable_income,Material,objective,1,core,False,ppp_usd,48375.0,,,
BEL,Belgium,Households and NPISHs net adjusted disposable income per capita,USD_PPP_PS,2021,49666.0,A,disposable_income,Material,objective,1,core,False,ppp_usd,49666.0,,,
BEL,Belgium,Households and NPISHs net adjusted disposable income per capita,USD_PPP_PS,2022,49429.0,A,disposable_income,Material,objective,1,core,False,ppp_usd,49429.0,,,
BEL,Belgium,Households and NPISHs net adjusted disposable income per capita,USD_PPP_PS,2023,50448.0,A,disposable_income,Material,objective,1,core,False,ppp_usd,50448.0,,,
BEL,Belgium,Households and NPISHs net adjusted disposable income per capita,USD_PPP_PS,2024,50771.0,P,disposable_income,Material,objective,1,core,False,ppp_usd,50771.0,,,
BGR,Bulgaria,Households and NPISHs net adjusted disposable income per capita,USD_PPP_PS,2010,16287.0,A,disposable_income,Material,objective,1,core,False,ppp_usd,16287.0,,,
BGR,Bulgaria,Households and NPISHs net adjusted disposable income per capita,USD_PPP_PS,2011,17246.0,A,disposable_income,Material,objective,1,core,False,ppp_usd,17246.0,,,
BGR,Bulgaria,Households and NPISHs net adjusted disposable income per capita,USD_PPP_PS,2012,17072.0,A,disposable_income,Material,objective,1,core,False,ppp_usd,17072.0,,,
BGR,Bulgaria,Households and NPISHs net adjusted disposable income per capita,USD_PPP_PS,2013,17798.0,A,disposable_income,Material,objective,1,core,False,ppp_usd,17798.0,,,
BGR,Bulgaria,Households and NPISHs net adjusted disposable income per capita,USD_PPP_PS,2014,17867.0,A,disposable_income,Material,objective,1,core,False,ppp_usd,17867.0,,,
BGR,Bulgaria,Households and NPISHs net adjusted disposable income per capita,USD_PPP_PS,2015,18330.0,A,disposable_income,Material,objective,1,core,False,ppp_usd,18330.0,,,
BGR,Bulgaria,Households and NPISHs net adjusted disposable income per capita,USD_PPP_PS,2016,19059.0,A,disposable_income,Material,objective,1,core,False,ppp_usd,19059.0,,,
BGR,Bulgaria,Households and NPISHs net adjusted disposable income per capita,USD_PPP_PS,2017,19819.0,A,disposable_income,Material,objective,1,core,False,ppp_usd,19819.0,,,
BGR,Bulgaria,Households and NPISHs net adjusted disposable income per capita,USD_PPP_PS,2018,21657.0,A,disposable_income,Material,objective,1,core,False,ppp_usd,21657.0,,,
BGR,Bulgaria,Households and NPISHs net adjusted disposable income per capita,USD_PPP_PS,2019,22426.0,A,disposable_income,Material,objective,1,core,False,ppp_usd,22426.0,,,
BGR,Bulgaria,Households and NPISHs net adjusted disposable income per capita,USD_PPP_PS,2020,22782.0,A,disposable_income,Material,objective,1,core,False,ppp_usd,22782.0,,,
BGR,Bulgaria,Households and NPISHs net adjusted disposable income per capita,USD_PPP_PS,2021,23868.0,A,disposable_income,Material,objective,1,core,False,ppp_usd,23868.0,,,
BGR,Bulgaria,Households and NPISHs net adjusted disposable income per capita,USD_PPP_PS,2022,24818.0,A,disposable_income,Material,objective,1,core,False,ppp_usd,24818.0,,,
CAN,Canada,Households and NPISHs net adjusted disposable income per capita,USD_PPP_PS,2010,38673.0,E,disposable_income,Material,objective,1,core,False,ppp_usd,38673.0,,,
CAN,Canada,Households and NPISHs net adjusted disposable income per capita,USD_PPP_PS,2011,38900.0,E,disposable_income,Material,objective,1,core,False,ppp_usd,38900.0,,,
CAN,Canada,Households and NPISHs net adjusted disposable income per capita,USD_PPP_PS,2012,39331.0,E,disposable_income,Material,objective,1,core,False,ppp_usd,39331.0,,,
CAN,Canada,Households and NPISHs net adjusted disposable income per capita,USD_PPP_PS,2013,39773.0,E,disposable_income,Material,objective,1,core,False,ppp_usd,39773.0,,,
CAN,Canada,Households and NPISHs net adjusted disposable income per capita,USD_PPP_PS,2014,39824.0,E,disposable_income,Material,objective,1,core,False,ppp_usd,39824.0,,,
CAN,Canada,Households and NPISHs net adjusted disposable income per capita,USD_PPP_PS,2015,40685.0,E,disposable_income,Material,objective,1,core,False,ppp_usd,40685.0,,,
CAN,Canada,Households and NPISHs net adjusted disposable income per capita,USD_PPP_PS,2016,40221.0,E,disposable_income,Material,objective,1,core,False,ppp_usd,40221.0,,,
CAN,Canada,Households and NPISHs net adjusted disposable income per capita,USD_PPP_PS,2017,41187.0,E,disposable_income,Material,objective,1,core,False,ppp_usd,41187.0,,,
CAN,Canada,Households and NPISHs net adjusted disposable income per capita,USD_PPP_PS,2018,41369.0,E,disposable_income,Material,objective,1,core,False,ppp_usd,41369.0,,,
CAN,Canada,Households and NPISHs net adjusted disposable income per capita,USD_PPP_PS,2019,41771.0,E,disposable_income,Material,objective,1,core,False,ppp_usd,41771.0,,,
CAN,Canada,Households and NPISHs net adjusted disposable income per capita,USD_PPP_PS,2020,43926.0,E,disposable_income,Material,objective,1,core,False,ppp_usd,43926.0,,,
CAN,Canada,Households and NPISHs net adjusted disposable income per capita,USD_PPP_PS,2021,44267.0,E,disposable_income,Material,objective,1,core,False,ppp_usd,44267.0,,,
CAN,Canada,Households and NPISHs net adjusted disposable income per capita,USD_PPP_PS,2022,43378.0,E,disposable_income,Material,objective,1,core,False,ppp_usd,43378.0,,,
CAN,Canada,Households and NPISHs net adjusted disposable income per capita,USD_PPP_PS,2023,43263.0,E,disposable_income,Material,objective,1,core,False,ppp_usd,43263.0,,,
CAN,Canada,Households and NPISHs net adjusted disposable income per capita,USD_PPP_PS,2024,43891.0,E,disposable_income,Material,objective,1,core,False,ppp_usd,43891.0,,,
CAN,Canada,Households and NPISHs net adjusted disposable income per capita,USD_PPP_PS,2025,44161.0,E,disposable_income,Material,objective,1,core,False,ppp_usd,44161.0,,,
CHE,Switzerland,Households and NPISHs net adjusted disposable income per capita,USD_PPP_PS,2010,45676.0,A,disposable_income,Material,objective,1,core,False,ppp_usd,45676.0,,,
CHE,Switzerland,Households and NPISHs net adjusted disposable income per capita,USD_PPP_PS,2011,45817.0,A,disposable_income,Material,objective,1,core,False,ppp_usd,45817.0,,,
CHE,Switzerland,Households and NPISHs net adjusted disposable income per capita,USD_PPP_PS,2012,46491.0,A,disposable_income,Material,objective,1,core,False,ppp_usd,46491.0,,,
CHE,Switzerland,Households and NPISHs net adjusted disposable income per capita,USD_PPP_PS,2013,47206.0,A,disposable_income,Material,objective,1,core,False,ppp_usd,47206.0,,,
CHE,Switzerland,Households and NPISHs net adjusted disposable income per capita,USD_PPP_PS,2014,47426.0,A,disposable_income,Material,objective,1,core,False,ppp_usd,47426.0,,,
CHE,Switzerland,Households and NPISHs net adjusted disposable income per capita,USD_PPP_PS,2015,47635.0,A,disposable_income,Material,objective,1,core,False,ppp_usd,47635.0,,,
CHE,Switzerland,Households and NPISHs net adjusted disposable income per capita,USD_PPP_PS,2016,47842.0,A,disposable_income,Material,objective,1,core,False,ppp_usd,47842.0,,,
CHE,Switzerland,Households and NPISHs net adjusted disposable income per capita,USD_PPP_PS,2017,47219.0,A,disposable_income,Material,objective,1,core,False,ppp_usd,47219.0,,,
CHE,Switzerland,Households and NPISHs net adjusted disposable income per capita,USD_PPP_PS,2018,47192.0,A,disposable_income,Material,objective,1,core,False,ppp_usd,47192.0,,,
CHE,Switzerland,Households and NPISHs net adjusted disposable income per capita,USD_PPP_PS,2019,47798.0,A,disposable_income,Material,objective,1,core,False,ppp_usd,47798.0,,,
CHE,Switzerland,Households and NPISHs net adjusted disposable income per capita,USD_PPP_PS,2020,49115.0,A,disposable_income,Material,objective,1,core,False,ppp_usd,49115.0,,,
CHE,Switzerland,Households and NPISHs net adjusted disposable income per capita,USD_PPP_PS,2021,48967.0,A,disposable_income,Material,objective,1,core,False,ppp_usd,48967.0,,,
CHE,Switzerland,Households and NPISHs net adjusted disposable income per capita,USD_PPP_PS,2022,49209.0,P,disposable_income,Material,objective,1,core,False,ppp_usd,49209.0,,,
CHE,Switzerland,Households and NPISHs net adjusted disposable income per capita,USD_PPP_PS,2023,48940.0,P,disposable_income,Material,objective,1,core,False,ppp_usd,48940.0,,,
CRI,Costa Rica,Households and NPISHs net adjusted disposable income per capita,USD_PPP_PS,2012,16336.0,E,disposable_income,Material,objective,1,core,False,ppp_usd,16336.0,,,
CRI,Costa Rica,Households and NPISHs net adjusted disposable income per capita,USD_PPP_PS,2013,16581.0,E,disposable_income,Material,objective,1,core,False,ppp_usd,16581.0,,,
CRI,Costa Rica,Households and NPISHs net adjusted disposable income per capita,USD_PPP_PS,2014,16942.0,E,disposable_income,Material,objective,1,core,False,ppp_usd,16942.0,,,
CRI,Costa Rica,Households and NPISHs net adjusted disposable income per capita,USD_PPP_PS,2015,17532.0,E,disposable_income,Material,objective,1,core,False,ppp_usd,17532.0,,,
CRI,Costa Rica,Households and NPISHs net adjusted disposable income per capita,USD_PPP_PS,2016,18621.0,E,disposable_income,Material,objective,1,core,False,ppp_usd,18621.0,,,
CRI,Costa Rica,Households and NPISHs net adjusted disposable income per capita,USD_PPP_PS,2017,19788.0,E,disposable_income,Material,objective,1,core,False,ppp_usd,19788.0,,,
CRI,Costa Rica,Households and NPISHs net adjusted disposable income per capita,USD_PPP_PS,2018,20135.0,E,disposable_income,Material,objective,1,core,False,ppp_usd,20135.0,,,
CRI,Costa Rica,Households and NPISHs net adjusted disposable income per capita,USD_PPP_PS,2019,20315.0,E,disposable_income,Material,objective,1,core,False,ppp_usd,20315.0,,,
CRI,Costa Rica,Households and NPISHs net adjusted disposable income per capita,USD_PPP_PS,2020,19882.0,E,disposable_income,Material,objective,1,core,False,ppp_usd,19882.0,,,
CRI,Costa Rica,Households and NPISHs net adjusted disposable income per capita,USD_PPP_PS,2021,20827.0,E,disposable_income,Material,objective,1,core,False,ppp_usd,20827.0,,,
CZE,Czechia,Households and NPISHs net adjusted disposable income per capita,USD_PPP_PS,2010,31320.0,A,disposable_income,Material,objective,1,core,False,ppp_usd,31320.0,,,
CZE,Czechia,Households and NPISHs net adjusted disposable income per capita,USD_PPP_PS,2011,31203.0,A,disposable_income,Material,objective,1,core,False,ppp_usd,31203.0,,,
CZE,Czechia,Households and NPISHs net adjusted disposable income per capita,USD_PPP_PS,2012,31066.0,A,disposable_income,Material,objective,1,core,False,ppp_usd,31066.0,,,
CZE,Czechia,Households and NPISHs net adjusted disposable income per capita,USD_PPP_PS,2013,30974.0,A,disposable_income,Material,objective,1,core,False,ppp_usd,30974.0,,,
CZE,Czechia,Households and NPISHs net adjusted disposable income per capita,USD_PPP_PS,2014,31775.0,A,disposable_income,Material,objective,1,core,False,ppp_usd,31775.0,,,
CZE,Czechia,Households and NPISHs net adjusted disposable income per capita,USD_PPP_PS,2015,32371.0,A,disposable_income,Material,objective,1,core,False,ppp_usd,32371.0,,,
CZE,Czechia,Households and NPISHs net adjusted disposable income per capita,USD_PPP_PS,2016,33232.0,A,disposable_income,Material,objective,1,core,False,ppp_usd,33232.0,,,
CZE,Czechia,Households and NPISHs net adjusted disposable income per capita,USD_PPP_PS,2017,34688.0,A,disposable_income,Material,objective,1,core,False,ppp_usd,34688.0,,,
CZE,Czechia,Households and NPISHs net adjusted disposable income per capita,USD_PPP_PS,2018,36072.0,A,disposable_income,Material,objective,1,core,False,ppp_usd,36072.0,,,
CZE,Czechia,Households and NPISHs net adjusted disposable income per capita,USD_PPP_PS,2019,37212.0,A,disposable_income,Material,objective,1,core,False,ppp_usd,37212.0,,,
CZE,Czechia,Households and NPISHs net adjusted disposable income per capita,USD_PPP_PS,2020,38034.0,A,disposable_income,Material,objective,1,core,False,ppp_usd,38034.0,,,
CZE,Czechia,Households and NPISHs net adjusted disposable income per capita,USD_PPP_PS,2021,39803.0,A,disposable_income,Material,objective,1,core,False,ppp_usd,39803.0,,,
CZE,Czechia,Households and NPISHs net adjusted disposable income per capita,USD_PPP_PS,2022,38744.0,A,disposable_income,Material,objective,1,core,False,ppp_usd,38744.0,,,
CZE,Czechia,Households and NPISHs net adjusted disposable income per capita,USD_PPP_PS,2023,39050.0,A,disposable_income,Material,objective,1,core,False,ppp_usd,39050.0,,,
CZE,Czechia,Households and NPISHs net adjusted disposable income per capita,USD_PPP_PS,2024,39673.0,A,disposable_income,Material,objective,1,core,False,ppp_usd,39673.0,,,
DEU,Germany,Households and NPISHs net adjusted disposable income per capita,USD_PPP_PS,2010,47708.0,A,disposable_income,Material,objective,1,core,False,ppp_usd,47708.0,,,
DEU,Germany,Households and NPISHs net adjusted disposable income per capita,USD_PPP_PS,2011,48291.0,A,disposable_income,Material,objective,1,core,False,ppp_usd,48291.0,,,
DEU,Germany,Households and NPISHs net adjusted disposable income per capita,USD_PPP_PS,2012,48501.0,A,disposable_income,Material,objective,1,core,False,ppp_usd,48501.0,,,
DEU,Germany,Households and NPISHs net adjusted disposable income per capita,USD_PPP_PS,2013,48442.0,A,disposable_income,Material,objective,1,core,False,ppp_usd,48442.0,,,
DEU,Germany,Households and NPISHs net adjusted disposable income per capita,USD_PPP_PS,2014,49133.0,A,disposable_income,Material,objective,1,core,False,ppp_usd,49133.0,,,
DEU,Germany,Households and NPISHs net adjusted disposable income per capita,USD_PPP_PS,2015,50081.0,A,disposable_income,Material,objective,1,core,False,ppp_usd,50081.0,,,
DEU,Germany,Households and NPISHs net adjusted disposable income per capita,USD_PPP_PS,2016,51121.0,A,disposable_income,Material,objective,1,core,False,ppp_usd,51121.0,,,
DEU,Germany,Households and NPISHs net adjusted disposable income per capita,USD_PPP_PS,2017,51840.0,A,disposable_income,Material,objective,1,core,False,ppp_usd,51840.0,,,
DEU,Germany,Households and NPISHs net adjusted disposable income per capita,USD_PPP_PS,2018,52786.0,A,disposable_income,Material,objective,1,core,False,ppp_usd,52786.0,,,
DEU,Germany,Households and NPISHs net adjusted disposable income per capita,USD_PPP_PS,2019,53397.0,A,disposable_income,Material,objective,1,core,False,ppp_usd,53397.0,,,
DEU,Germany,Households and NPISHs net adjusted disposable income per capita,USD_PPP_PS,2020,53711.0,A,disposable_income,Material,objective,1,core,False,ppp_usd,53711.0,,,
DEU,Germany,Households and NPISHs net adjusted disposable income per capita,USD_PPP_PS,2021,54087.0,P,disposable_income,Material,objective,1,core,False,ppp_usd,54087.0,,,
DEU,Germany,Households and NPISHs net adjusted disposable income per capita,USD_PPP_PS,2022,54818.0,P,disposable_income,Material,objective,1,core,False,ppp_usd,54818.0,,,
DEU,Germany,Households and NPISHs net adjusted disposable income per capita,USD_PPP_PS,2023,53942.0,P,disposable_income,Material,objective,1,core,False,ppp_usd,53942.0,,,
DEU,Germany,Households and NPISHs net adjusted disposable income per capita,USD_PPP_PS,2024,54773.0,P,disposable_income,Material,objective,1,core,False,ppp_usd,54773.0,,,
DEU,Germany,Households and NPISHs net adjusted disposable income per capita,USD_PPP_PS,2025,55240.0,P,disposable_income,Material,objective,1,core,False,ppp_usd,55240.0,,,
DNK,Denmark,Households and NPISHs net adjusted disposable income per capita,USD_PPP_PS,2010,39191.0,A,disposable_income,Material,objective,1,core,False,ppp_usd,39191.0,,,
DNK,Denmark,Households and NPISHs net adjusted disposable income per capita,USD_PPP_PS,2011,39574.0,A,disposable_income,Material,objective,1,core,False,ppp_usd,39574.0,,,
DNK,Denmark,Households and NPISHs net adjusted disposable income per capita,USD_PPP_PS,2012,39290.0,A,disposable_income,Material,objective,1,core,False,ppp_usd,39290.0,,,
DNK,Denmark,Households and NPISHs net adjusted disposable income per capita,USD_PPP_PS,2013,39283.0,A,disposable_income,Material,objective,1,core,False,ppp_usd,39283.0,,,
DNK,Denmark,Households and NPISHs net adjusted disposable income per capita,USD_PPP_PS,2014,39525.0,A,disposable_income,Material,objective,1,core,False,ppp_usd,39525.0,,,
DNK,Denmark,Households and NPISHs net adjusted disposable income per capita,USD_PPP_PS,2015,40956.0,A,disposable_income,Material,objective,1,core,False,ppp_usd,40956.0,,,
DNK,Denmark,Households and NPISHs net adjusted disposable income per capita,USD_PPP_PS,2016,42189.0,A,disposable_income,Material,objective,1,core,False,ppp_usd,42189.0,,,
DNK,Denmark,Households and NPISHs net adjusted disposable income per capita,USD_PPP_PS,2017,42719.0,A,disposable_income,Material,objective,1,core,False,ppp_usd,42719.0,,,
DNK,Denmark,Households and NPISHs net adjusted disposable income per capita,USD_PPP_PS,2018,43590.0,A,disposable_income,Material,objective,1,core,False,ppp_usd,43590.0,,,
DNK,Denmark,Households and NPISHs net adjusted disposable income per capita,USD_PPP_PS,2019,44087.0,A,disposable_income,Material,objective,1,core,False,ppp_usd,44087.0,,,
DNK,Denmark,Households and NPISHs net adjusted disposable income per capita,USD_PPP_PS,2020,43635.0,A,disposable_income,Material,objective,1,core,False,ppp_usd,43635.0,,,
DNK,Denmark,Households and NPISHs net adjusted disposable income per capita,USD_PPP_PS,2021,44482.0,A,disposable_income,Material,objective,1,core,False,ppp_usd,44482.0,,,
DNK,Denmark,Households and NPISHs net adjusted disposable income per capita,USD_PPP_PS,2022,44536.0,A,disposable_income,Material,objective,1,core,False,ppp_usd,44536.0,,,
DNK,Denmark,Households and NPISHs net adjusted disposable income per capita,USD_PPP_PS,2023,45009.0,A,disposable_income,Material,objective,1,core,False,ppp_usd,45009.0,,,
DNK,Denmark,Households and NPISHs net adjusted disposable income per capita,USD_PPP_PS,2024,45245.0,A,disposable_income,Material,objective,1,core,False,ppp_usd,45245.0,,,
DNK,Denmark,Households and NPISHs net adjusted disposable income per capita,USD_PPP_PS,2025,45453.0,A,disposable_income,Material,objective,1,core,False,ppp_usd,45453.0,,,
ESP,Spain,Households and NPISHs net adjusted disposable income per capita,USD_PPP_PS,2010,38981.0,A,disposable_income,Material,objective,1,core,False,ppp_usd,38981.0,,,
ESP,Spain,Households and NPISHs net adjusted disposable income per capita,USD_PPP_PS,2011,38339.0,A,disposable_income,Material,objective,1,core,False,ppp_usd,38339.0,,,
ESP,Spain,Households and NPISHs net adjusted disposable income per capita,USD_PPP_PS,2012,35822.0,A,disposable_income,Material,objective,1,core,False,ppp_usd,35822.0,,,
ESP,Spain,Households and NPISHs net adjusted disposable income per capita,USD_PPP_PS,2013,35480.0,A,disposable_income,Material,objective,1,core,False,ppp_usd,35480.0,,,
ESP,Spain,Households and NPISHs net adjusted disposable income per capita,USD_PPP_PS,2014,35568.0,A,disposable_income,Material,objective,1,core,False,ppp_usd,35568.0,,,
ESP,Spain,Households and NPISHs net adjusted disposable income per capita,USD_PPP_PS,2015,37056.0,A,disposable_income,Material,objective,1,core,False,ppp_usd,37056.0,,,
ESP,Spain,Households and NPISHs net adjusted disposable income per capita,USD_PPP_PS,2016,37897.0,A,disposable_income,Material,objective,1,core,False,ppp_usd,37897.0,,,
ESP,Spain,Households and NPISHs net adjusted disposable income per capita,USD_PPP_PS,2017,38446.0,A,disposable_income,Material,objective,1,core,False,ppp_usd,38446.0,,,
ESP,Spain,Households and NPISHs net adjusted disposable income per capita,USD_PPP_PS,2018,38924.0,A,disposable_income,Material,objective,1,core,False,ppp_usd,38924.0,,,
ESP,Spain,Households and NPISHs net adjusted disposable income per capita,USD_PPP_PS,2019,40048.0,A,disposable_income,Material,objective,1,core,False,ppp_usd,40048.0,,,
ESP,Spain,Households and NPISHs net adjusted disposable income per capita,USD_PPP_PS,2020,39306.0,A,disposable_income,Material,objective,1,core,False,ppp_usd,39306.0,,,
ESP,Spain,Households and NPISHs net adjusted disposable income per capita,USD_PPP_PS,2021,40470.0,A,disposable_income,Material,objective,1,core,False,ppp_usd,40470.0,,,
ESP,Spain,Households and NPISHs net adjusted disposable income per capita,USD_PPP_PS,2022,39562.0,A,disposable_income,Material,objective,1,core,False,ppp_usd,39562.0,,,
ESP,Spain,Households and NPISHs net adjusted disposable income per capita,USD_PPP_PS,2023,40994.0,P,disposable_income,Material,objective,1,core,False,ppp_usd,40994.0,,,
ESP,Spain,Households and NPISHs net adjusted disposable income per capita,USD_PPP_PS,2024,42295.0,P,disposable_income,Material,objective,1,core,False,ppp_usd,42295.0,,,
EST,Estonia,Households and NPISHs net adjusted disposable income per capita,USD_PPP_PS,2010,21927.0,A,disposable_income,Material,objective,1,core,False,ppp_usd,21927.0,,,
EST,Estonia,Households and NPISHs net adjusted disposable income per capita,USD_PPP_PS,2011,22697.0,A,disposable_income,Material,objective,1,core,False,ppp_usd,22697.0,,,
EST,Estonia,Households and NPISHs net adjusted disposable income per capita,USD_PPP_PS,2012,22753.0,A,disposable_income,Material,objective,1,core,False,ppp_usd,22753.0,,,
EST,Estonia,Households and NPISHs net adjusted disposable income per capita,USD_PPP_PS,2013,24107.0,A,disposable_income,Material,objective,1,core,False,ppp_usd,24107.0,,,
EST,Estonia,Households and NPISHs net adjusted disposable income per capita,USD_PPP_PS,2014,24793.0,A,disposable_income,Material,objective,1,core,False,ppp_usd,24793.0,,,
EST,Estonia,Households and NPISHs net adjusted disposable income per capita,USD_PPP_PS,2015,26378.0,A,disposable_income,Material,objective,1,core,False,ppp_usd,26378.0,,,
EST,Estonia,Households and NPISHs net adjusted disposable income per capita,USD_PPP_PS,2016,27143.0,A,disposable_income,Material,objective,1,core,False,ppp_usd,27143.0,,,
EST,Estonia,Households and NPISHs net adjusted disposable income per capita,USD_PPP_PS,2017,27881.0,A,disposable_income,Material,objective,1,core,False,ppp_usd,27881.0,,,
EST,Estonia,Households and NPISHs net adjusted disposable income per capita,USD_PPP_PS,2018,30038.0,A,disposable_income,Material,objective,1,core,False,ppp_usd,30038.0,,,
EST,Estonia,Households and NPISHs net adjusted disposable income per capita,USD_PPP_PS,2019,30890.0,A,disposable_income,Material,objective,1,core,False,ppp_usd,30890.0,,,
EST,Estonia,Households and NPISHs net adjusted disposable income per capita,USD_PPP_PS,2020,31810.0,A,disposable_income,Material,objective,1,core,False,ppp_usd,31810.0,,,
EST,Estonia,Households and NPISHs net adjusted disposable income per capita,USD_PPP_PS,2021,33131.0,A,disposable_income,Material,objective,1,core,False,ppp_usd,33131.0,,,
EST,Estonia,Households and NPISHs net adjusted disposable income per capita,USD_PPP_PS,2022,31995.0,A,disposable_income,Material,objective,1,core,False,ppp_usd,31995.0,,,
EST,Estonia,Households and NPISHs net adjusted disposable income per capita,USD_PPP_PS,2023,31240.0,A,disposable_income,Material,objective,1,core,False,ppp_usd,31240.0,,,
EST,Estonia,Households and NPISHs net adjusted disposable income per capita,USD_PPP_PS,2024,32159.0,A,disposable_income,Material,objective,1,core,False,ppp_usd,32159.0,,,
FIN,Finland,Households and NPISHs net adjusted disposable income per capita,USD_PPP_PS,2010,41644.0,A,disposable_income,Material,objective,1,core,False,ppp_usd,41644.0,,,
FIN,Finland,Households and NPISHs net adjusted disposable income per capita,USD_PPP_PS,2011,41851.0,A,disposable_income,Material,objective,1,core,False,ppp_usd,41851.0,,,
FIN,Finland,Households and NPISHs net adjusted disposable income per capita,USD_PPP_PS,2012,41592.0,A,disposable_income,Material,objective,1,core,False,ppp_usd,41592.0,,,
FIN,Finland,Households and NPISHs net adjusted disposable income per capita,USD_PPP_PS,2013,41269.0,A,disposable_income,Material,objective,1,core,False,ppp_usd,41269.0,,,
FIN,Finland,Households and NPISHs net adjusted disposable income per capita,USD_PPP_PS,2014,40972.0,A,disposable_income,Material,objective,1,core,False,ppp_usd,40972.0,,,
FIN,Finland,Households and NPISHs net adjusted disposable income per capita,USD_PPP_PS,2015,41486.0,A,disposable_income,Material,objective,1,core,False,ppp_usd,41486.0,,,
FIN,Finland,Households and NPISHs net adjusted disposable income per capita,USD_PPP_PS,2016,42030.0,A,disposable_income,Material,objective,1,core,False,ppp_usd,42030.0,,,
FIN,Finland,Households and NPISHs net adjusted disposable income per capita,USD_PPP_PS,2017,42352.0,A,disposable_income,Material,objective,1,core,False,ppp_usd,42352.0,,,
FIN,Finland,Households and NPISHs net adjusted disposable income per capita,USD_PPP_PS,2018,43103.0,A,disposable_income,Material,objective,1,core,False,ppp_usd,43103.0,,,
FIN,Finland,Households and NPISHs net adjusted disposable income per capita,USD_PPP_PS,2019,44036.0,A,disposable_income,Material,objective,1,core,False,ppp_usd,44036.0,,,
FIN,Finland,Households and NPISHs net adjusted disposable income per capita,USD_PPP_PS,2020,44016.0,A,disposable_income,Material,objective,1,core,False,ppp_usd,44016.0,,,
FIN,Finland,Households and NPISHs net adjusted disposable income per capita,USD_PPP_PS,2021,44640.0,A,disposable_income,Material,objective,1,core,False,ppp_usd,44640.0,,,
FIN,Finland,Households and NPISHs net adjusted disposable income per capita,USD_PPP_PS,2022,43670.0,A,disposable_income,Material,objective,1,core,False,ppp_usd,43670.0,,,
FIN,Finland,Households and NPISHs net adjusted disposable income per capita,USD_PPP_PS,2023,44305.0,A,disposable_income,Material,objective,1,core,False,ppp_usd,44305.0,,,
FIN,Finland,Households and NPISHs net adjusted disposable income per capita,USD_PPP_PS,2024,44714.0,A,disposable_income,Material,objective,1,core,False,ppp_usd,44714.0,,,
FIN,Finland,Households and NPISHs net adjusted disposable income per capita,USD_PPP_PS,2025,44400.0,A,disposable_income,Material,objective,1,core,False,ppp_usd,44400.0,,,
FRA,France,Households and NPISHs net adjusted disposable income per capita,USD_PPP_PS,2010,44776.0,A,disposable_income,Material,objective,1,core,False,ppp_usd,44776.0,,,
FRA,France,Households and NPISHs net adjusted disposable income per capita,USD_PPP_PS,2011,44809.0,A,disposable_income,Material,objective,1,core,False,ppp_usd,44809.0,,,
FRA,France,Households and NPISHs net adjusted disposable income per capita,USD_PPP_PS,2012,44697.0,A,disposable_income,Material,objective,1,core,False,ppp_usd,44697.0,,,
FRA,France,Households and NPISHs net adjusted disposable income per capita,USD_PPP_PS,2013,44273.0,A,disposable_income,Material,objective,1,core,False,ppp_usd,44273.0,,,
FRA,France,Households and NPISHs net adjusted disposable income per capita,USD_PPP_PS,2014,44691.0,A,disposable_income,Material,objective,1,core,False,ppp_usd,44691.0,,,
FRA,France,Households and NPISHs net adjusted disposable income per capita,USD_PPP_PS,2015,44966.0,A,disposable_income,Material,objective,1,core,False,ppp_usd,44966.0,,,
FRA,France,Households and NPISHs net adjusted disposable income per capita,USD_PPP_PS,2016,45502.0,A,disposable_income,Material,objective,1,core,False,ppp_usd,45502.0,,,
FRA,France,Households and NPISHs net adjusted disposable income per capita,USD_PPP_PS,2017,46077.0,A,disposable_income,Material,objective,1,core,False,ppp_usd,46077.0,,,
FRA,France,Households and NPISHs net adjusted disposable income per capita,USD_PPP_PS,2018,46234.0,A,disposable_income,Material,objective,1,core,False,ppp_usd,46234.0,,,
FRA,France,Households and NPISHs net adjusted disposable income per capita,USD_PPP_PS,2019,46994.0,A,disposable_income,Material,objective,1,core,False,ppp_usd,46994.0,,,
FRA,France,Households and NPISHs net adjusted disposable income per capita,USD_PPP_PS,2020,46085.0,A,disposable_income,Material,objective,1,core,False,ppp_usd,46085.0,,,
FRA,France,Households and NPISHs net adjusted disposable income per capita,USD_PPP_PS,2021,47949.0,A,disposable_income,Material,objective,1,core,False,ppp_usd,47949.0,,,
FRA,France,Households and NPISHs net adjusted disposable income per capita,USD_PPP_PS,2022,48161.0,A,disposable_income,Material,objective,1,core,False,ppp_usd,48161.0,,,
FRA,France,Households and NPISHs net adjusted disposable income per capita,USD_PPP_PS,2023,48534.0,P,disposable_income,Material,objective,1,core,False,ppp_usd,48534.0,,,
FRA,France,Households and NPISHs net adjusted disposable income per capita,USD_PPP_PS,2024,49616.0,P,disposable_income,Material,objective,1,core,False,ppp_usd,49616.0,,,
GBR,United Kingdom,Households and NPISHs net adjusted disposable income per capita,USD_PPP_PS,2010,41837.0,A,disposable_income,Material,objective,1,core,False,ppp_usd,41837.0,,,
GBR,United Kingdom,Households and NPISHs net adjusted disposable income per capita,USD_PPP_PS,2011,40670.0,A,disposable_income,Material,objective,1,core,False,ppp_usd,40670.0,,,
GBR,United Kingdom,Households and NPISHs net adjusted disposable income per capita,USD_PPP_PS,2012,41285.0,A,disposable_income,Material,objective,1,core,False,ppp_usd,41285.0,,,
GBR,United Kingdom,Households and NPISHs net adjusted disposable income per capita,USD_PPP_PS,2013,41741.0,A,disposable_income,Material,objective,1,core,False,ppp_usd,41741.0,,,
GBR,United Kingdom,Households and NPISHs net adjusted disposable income per capita,USD_PPP_PS,2014,42420.0,A,disposable_income,Material,objective,1,core,False,ppp_usd,42420.0,,,
GBR,United Kingdom,Households and NPISHs net adjusted disposable income per capita,USD_PPP_PS,2015,44394.0,A,disposable_income,Material,objective,1,core,False,ppp_usd,44394.0,,,
GBR,United Kingdom,Households and NPISHs net adjusted disposable income per capita,USD_PPP_PS,2016,44416.0,A,disposable_income,Material,objective,1,core,False,ppp_usd,44416.0,,,
GBR,United Kingdom,Households and NPISHs net adjusted disposable income per capita,USD_PPP_PS,2017,44623.0,A,disposable_income,Material,objective,1,core,False,ppp_usd,44623.0,,,
GBR,United Kingdom,Households and NPISHs net adjusted disposable income per capita,USD_PPP_PS,2018,45162.0,A,disposable_income,Material,objective,1,core,False,ppp_usd,45162.0,,,
GBR,United Kingdom,Households and NPISHs net adjusted disposable income per capita,USD_PPP_PS,2019,45905.0,A,disposable_income,Material,objective,1,core,False,ppp_usd,45905.0,,,
GBR,United Kingdom,Households and NPISHs net adjusted disposable income per capita,USD_PPP_PS,2020,44746.0,A,disposable_income,Material,objective,1,core,False,ppp_usd,44746.0,,,
GBR,United Kingdom,Households and NPISHs net adjusted disposable income per capita,USD_PPP_PS,2021,46566.0,A,disposable_income,Material,objective,1,core,False,ppp_usd,46566.0,,,
GBR,United Kingdom,Households and NPISHs net adjusted disposable income per capita,USD_PPP_PS,2022,45049.0,A,disposable_income,Material,objective,1,core,False,ppp_usd,45049.0,,,
GBR,United Kingdom,Households and NPISHs net adjusted disposable income per capita,USD_PPP_PS,2023,44956.0,A,disposable_income,Material,objective,1,core,False,ppp_usd,44956.0,,,
GBR,United Kingdom,Households and NPISHs net adjusted disposable income per capita,USD_PPP_PS,2024,46176.0,A,disposable_income,Material,objective,1,core,False,ppp_usd,46176.0,,,
GRC,Greece,Households and NPISHs net adjusted disposable income per capita,USD_PPP_PS,2010,32198.0,A,disposable_income,Material,objective,1,core,False,ppp_usd,32198.0,,,
GRC,Greece,Households and NPISHs net adjusted disposable income per capita,USD_PPP_PS,2011,28623.0,A,disposable_income,Material,objective,1,core,False,ppp_usd,28623.0,,,
GRC,Greece,Households and NPISHs net adjusted disposable income per capita,USD_PPP_PS,2012,24994.0,P,disposable_income,Material,objective,1,core,False,ppp_usd,24994.0,,,
GRC,Greece,Households and NPISHs net adjusted disposable income per capita,USD_PPP_PS,2013,23768.0,P,disposable_income,Material,objective,1,core,False,ppp_usd,23768.0,,,
GRC,Greece,Households and NPISHs net adjusted disposable income per capita,USD_PPP_PS,2014,24161.0,P,disposable_income,Material,objective,1,core,False,ppp_usd,24161.0,,,
GRC,Greece,Households and NPISHs net adjusted disposable income per capita,USD_PPP_PS,2015,25011.0,P,disposable_income,Material,objective,1,core,False,ppp_usd,25011.0,,,
GRC,Greece,Households and NPISHs net adjusted disposable income per capita,USD_PPP_PS,2016,25197.0,P,disposable_income,Material,objective,1,core,False,ppp_usd,25197.0,,,
GRC,Greece,Households and NPISHs net adjusted disposable income per capita,USD_PPP_PS,2017,25390.0,P,disposable_income,Material,objective,1,core,False,ppp_usd,25390.0,,,
GRC,Greece,Households and NPISHs net adjusted disposable income per capita,USD_PPP_PS,2018,25447.0,P,disposable_income,Material,objective,1,core,False,ppp_usd,25447.0,,,
GRC,Greece,Households and NPISHs net adjusted disposable income per capita,USD_PPP_PS,2019,27435.0,P,disposable_income,Material,objective,1,core,False,ppp_usd,27435.0,,,
GRC,Greece,Households and NPISHs net adjusted disposable income per capita,USD_PPP_PS,2020,26824.0,P,disposable_income,Material,objective,1,core,False,ppp_usd,26824.0,,,
GRC,Greece,Households and NPISHs net adjusted disposable income per capita,USD_PPP_PS,2021,29380.0,P,disposable_income,Material,objective,1,core,False,ppp_usd,29380.0,,,
GRC,Greece,Households and NPISHs net adjusted disposable income per capita,USD_PPP_PS,2022,29468.0,P,disposable_income,Material,objective,1,core,False,ppp_usd,29468.0,,,
GRC,Greece,Households and NPISHs net adjusted disposable income per capita,USD_PPP_PS,2023,30996.0,P,disposable_income,Material,objective,1,core,False,ppp_usd,30996.0,,,
GRC,Greece,Households and NPISHs net adjusted disposable income per capita,USD_PPP_PS,2024,31558.0,P,disposable_income,Material,objective,1,core,False,ppp_usd,31558.0,,,
HRV,Croatia,Households and NPISHs net adjusted disposable income per capita,USD_PPP_PS,2010,21721.0,A,disposable_income,Material,objective,1,core,False,ppp_usd,21721.0,,,
HRV,Croatia,Households and NPISHs net adjusted disposable income per capita,USD_PPP_PS,2011,21590.0,A,disposable_income,Material,objective,1,core,False,ppp_usd,21590.0,,,
HRV,Croatia,Households and NPISHs net adjusted disposable income per capita,USD_PPP_PS,2012,20865.0,B,disposable_income,Material,objective,1,core,False,ppp_usd,20865.0,,,
HRV,Croatia,Households and NPISHs net adjusted disposable income per capita,USD_PPP_PS,2013,20620.0,A,disposable_income,Material,objective,1,core,False,ppp_usd,20620.0,,,
HRV,Croatia,Households and NPISHs net adjusted disposable income per capita,USD_PPP_PS,2014,20961.0,A,disposable_income,Material,objective,1,core,False,ppp_usd,20961.0,,,
HRV,Croatia,Households and NPISHs net adjusted disposable income per capita,USD_PPP_PS,2015,20827.0,A,disposable_income,Material,objective,1,core,False,ppp_usd,20827.0,,,
HRV,Croatia,Households and NPISHs net adjusted disposable income per capita,USD_PPP_PS,2016,22210.0,A,disposable_income,Material,objective,1,core,False,ppp_usd,22210.0,,,
HRV,Croatia,Households and NPISHs net adjusted disposable income per capita,USD_PPP_PS,2017,22815.0,A,disposable_income,Material,objective,1,core,False,ppp_usd,22815.0,,,
HRV,Croatia,Households and NPISHs net adjusted disposable income per capita,USD_PPP_PS,2018,23984.0,A,disposable_income,Material,objective,1,core,False,ppp_usd,23984.0,,,
HRV,Croatia,Households and NPISHs net adjusted disposable income per capita,USD_PPP_PS,2019,25149.0,A,disposable_income,Material,objective,1,core,False,ppp_usd,25149.0,,,
HRV,Croatia,Households and NPISHs net adjusted disposable income per capita,USD_PPP_PS,2020,25603.0,A,disposable_income,Material,objective,1,core,False,ppp_usd,25603.0,,,
HRV,Croatia,Households and NPISHs net adjusted disposable income per capita,USD_PPP_PS,2021,28209.0,A,disposable_income,Material,objective,1,core,False,ppp_usd,28209.0,,,
HRV,Croatia,Households and NPISHs net adjusted disposable income per capita,USD_PPP_PS,2022,28778.0,A,disposable_income,Material,objective,1,core,False,ppp_usd,28778.0,,,
HRV,Croatia,Households and NPISHs net adjusted disposable income per capita,USD_PPP_PS,2023,29791.0,A,disposable_income,Material,objective,1,core,False,ppp_usd,29791.0,,,
HRV,Croatia,Households and NPISHs net adjusted disposable income per capita,USD_PPP_PS,2024,32010.0,P,disposable_income,Material,objective,1,core,False,ppp_usd,32010.0,,,
HUN,Hungary,Households and NPISHs net adjusted disposable income per capita,USD_PPP_PS,2010,20814.0,A,disposable_income,Material,objective,1,core,False,ppp_usd,20814.0,,,
HUN,Hungary,Households and NPISHs net adjusted disposable income per capita,USD_PPP_PS,2011,21613.0,A,disposable_income,Material,objective,1,core,False,ppp_usd,21613.0,,,
HUN,Hungary,Households and NPISHs net adjusted disposable income per capita,USD_PPP_PS,2012,21123.0,B,disposable_income,Material,objective,1,core,False,ppp_usd,21123.0,,,
HUN,Hungary,Households and NPISHs net adjusted disposable income per capita,USD_PPP_PS,2013,21622.0,A,disposable_income,Material,objective,1,core,False,ppp_usd,21622.0,,,
HUN,Hungary,Households and NPISHs net adjusted disposable income per capita,USD_PPP_PS,2014,22268.0,A,disposable_income,Material,objective,1,core,False,ppp_usd,22268.0,,,
HUN,Hungary,Households and NPISHs net adjusted disposable income per capita,USD_PPP_PS,2015,23139.0,A,disposable_income,Material,objective,1,core,False,ppp_usd,23139.0,,,
HUN,Hungary,Households and NPISHs net adjusted disposable income per capita,USD_PPP_PS,2016,24171.0,A,disposable_income,Material,objective,1,core,False,ppp_usd,24171.0,,,
HUN,Hungary,Households and NPISHs net adjusted disposable income per capita,USD_PPP_PS,2017,25567.0,A,disposable_income,Material,objective,1,core,False,ppp_usd,25567.0,,,
HUN,Hungary,Households and NPISHs net adjusted disposable income per capita,USD_PPP_PS,2018,27343.0,A,disposable_income,Material,objective,1,core,False,ppp_usd,27343.0,,,
HUN,Hungary,Households and NPISHs net adjusted disposable income per capita,USD_PPP_PS,2019,28996.0,A,disposable_income,Material,objective,1,core,False,ppp_usd,28996.0,,,
HUN,Hungary,Households and NPISHs net adjusted disposable income per capita,USD_PPP_PS,2020,28767.0,A,disposable_income,Material,objective,1,core,False,ppp_usd,28767.0,,,
HUN,Hungary,Households and NPISHs net adjusted disposable income per capita,USD_PPP_PS,2021,30859.0,A,disposable_income,Material,objective,1,core,False,ppp_usd,30859.0,,,
HUN,Hungary,Households and NPISHs net adjusted disposable income per capita,USD_PPP_PS,2022,32129.0,A,disposable_income,Material,objective,1,core,False,ppp_usd,32129.0,,,
HUN,Hungary,Households and NPISHs net adjusted disposable income per capita,USD_PPP_PS,2023,33373.0,A,disposable_income,Material,objective,1,core,False,ppp_usd,33373.0,,,
HUN,Hungary,Households and NPISHs net adjusted disposable income per capita,USD_PPP_PS,2024,35072.0,A,disposable_income,Material,objective,1,core,False,ppp_usd,35072.0,,,
IRL,Ireland,Households and NPISHs net adjusted disposable income per capita,USD_PPP_PS,2010,35669.0,A,disposable_income,Material,objective,1,core,False,ppp_usd,35669.0,,,
IRL,Ireland,Households and NPISHs net adjusted disposable income per capita,USD_PPP_PS,2011,34938.0,A,disposable_income,Material,objective,1,core,False,ppp_usd,34938.0,,,
IRL,Ireland,Households and NPISHs net adjusted disposable income per capita,USD_PPP_PS,2012,34998.0,A,disposable_income,Material,objective,1,core,False,ppp_usd,34998.0,,,
IRL,Ireland,Households and NPISHs net adjusted disposable income per capita,USD_PPP_PS,2013,34272.0,A,disposable_income,Material,objective,1,core,False,ppp_usd,34272.0,,,
IRL,Ireland,Households and NPISHs net adjusted disposable income per capita,USD_PPP_PS,2014,34105.0,A,disposable_income,Material,objective,1,core,False,ppp_usd,34105.0,,,
IRL,Ireland,Households and NPISHs net adjusted disposable income per capita,USD_PPP_PS,2015,35422.0,A,disposable_income,Material,objective,1,core,False,ppp_usd,35422.0,,,
IRL,Ireland,Households and NPISHs net adjusted disposable income per capita,USD_PPP_PS,2016,36532.0,A,disposable_income,Material,objective,1,core,False,ppp_usd,36532.0,,,
IRL,Ireland,Households and NPISHs net adjusted disposable income per capita,USD_PPP_PS,2017,38019.0,A,disposable_income,Material,objective,1,core,False,ppp_usd,38019.0,,,
IRL,Ireland,Households and NPISHs net adjusted disposable income per capita,USD_PPP_PS,2018,38650.0,A,disposable_income,Material,objective,1,core,False,ppp_usd,38650.0,,,
IRL,Ireland,Households and NPISHs net adjusted disposable income per capita,USD_PPP_PS,2019,40177.0,A,disposable_income,Material,objective,1,core,False,ppp_usd,40177.0,,,
IRL,Ireland,Households and NPISHs net adjusted disposable income per capita,USD_PPP_PS,2020,41854.0,A,disposable_income,Material,objective,1,core,False,ppp_usd,41854.0,,,
IRL,Ireland,Households and NPISHs net adjusted disposable income per capita,USD_PPP_PS,2021,42652.0,A,disposable_income,Material,objective,1,core,False,ppp_usd,42652.0,,,
IRL,Ireland,Households and NPISHs net adjusted disposable income per capita,USD_PPP_PS,2022,42138.0,A,disposable_income,Material,objective,1,core,False,ppp_usd,42138.0,,,
IRL,Ireland,Households and NPISHs net adjusted disposable income per capita,USD_PPP_PS,2023,42871.0,A,disposable_income,Material,objective,1,core,False,ppp_usd,42871.0,,,
IRL,Ireland,Households and NPISHs net adjusted disposable income per capita,USD_PPP_PS,2024,44283.0,A,disposable_income,Material,objective,1,core,False,ppp_usd,44283.0,,,
ISL,Iceland,Households and NPISHs net adjusted disposable income per capita,USD_PPP_PS,2010,33788.0,P,disposable_income,Material,objective,1,core,False,ppp_usd,33788.0,,,
ISL,Iceland,Households and NPISHs net adjusted disposable income per capita,USD_PPP_PS,2011,35377.0,P,disposable_income,Material,objective,1,core,False,ppp_usd,35377.0,,,
ISL,Iceland,Households and NPISHs net adjusted disposable income per capita,USD_PPP_PS,2012,35471.0,P,disposable_income,Material,objective,1,core,False,ppp_usd,35471.0,,,
ISL,Iceland,Households and NPISHs net adjusted disposable income per capita,USD_PPP_PS,2013,35371.0,P,disposable_income,Material,objective,1,core,False,ppp_usd,35371.0,,,
ISL,Iceland,Households and NPISHs net adjusted disposable income per capita,USD_PPP_PS,2014,36464.0,P,disposable_income,Material,objective,1,core,False,ppp_usd,36464.0,,,
ISL,Iceland,Households and NPISHs net adjusted disposable income per capita,USD_PPP_PS,2015,38943.0,P,disposable_income,Material,objective,1,core,False,ppp_usd,38943.0,,,
ISL,Iceland,Households and NPISHs net adjusted disposable income per capita,USD_PPP_PS,2016,40583.0,P,disposable_income,Material,objective,1,core,False,ppp_usd,40583.0,,,
ISL,Iceland,Households and NPISHs net adjusted disposable income per capita,USD_PPP_PS,2017,42443.0,P,disposable_income,Material,objective,1,core,False,ppp_usd,42443.0,,,
ISL,Iceland,Households and NPISHs net adjusted disposable income per capita,USD_PPP_PS,2018,42822.0,P,disposable_income,Material,objective,1,core,False,ppp_usd,42822.0,,,
ISL,Iceland,Households and NPISHs net adjusted disposable income per capita,USD_PPP_PS,2019,43145.0,P,disposable_income,Material,objective,1,core,False,ppp_usd,43145.0,,,
ISL,Iceland,Households and NPISHs net adjusted disposable income per capita,USD_PPP_PS,2020,44257.0,P,disposable_income,Material,objective,1,core,False,ppp_usd,44257.0,,,
ISL,Iceland,Households and NPISHs net adjusted disposable income per capita,USD_PPP_PS,2021,45868.0,P,disposable_income,Material,objective,1,core,False,ppp_usd,45868.0,,,
ISL,Iceland,Households and NPISHs net adjusted disposable income per capita,USD_PPP_PS,2022,46143.0,P,disposable_income,Material,objective,1,core,False,ppp_usd,46143.0,,,
ISL,Iceland,Households and NPISHs net adjusted disposable income per capita,USD_PPP_PS,2023,47475.0,P,disposable_income,Material,objective,1,core,False,ppp_usd,47475.0,,,
ISL,Iceland,Households and NPISHs net adjusted disposable income per capita,USD_PPP_PS,2024,48710.0,P,disposable_income,Material,objective,1,core,False,ppp_usd,48710.0,,,
ITA,Italy,Households and NPISHs net adjusted disposable income per capita,USD_PPP_PS,2010,42840.0,A,disposable_income,Material,objective,1,core,False,ppp_usd,42840.0,,,
ITA,Italy,Households and NPISHs net adjusted disposable income per capita,USD_PPP_PS,2011,42360.0,A,disposable_income,Material,objective,1,core,False,ppp_usd,42360.0,,,
ITA,Italy,Households and NPISHs net adjusted disposable income per capita,USD_PPP_PS,2012,40012.0,A,disposable_income,Material,objective,1,core,False,ppp_usd,40012.0,,,
ITA,Italy,Households and NPISHs net adjusted disposable income per capita,USD_PPP_PS,2013,39598.0,A,disposable_income,Material,objective,1,core,False,ppp_usd,39598.0,,,
ITA,Italy,Households and NPISHs net adjusted disposable income per capita,USD_PPP_PS,2014,39851.0,A,disposable_income,Material,objective,1,core,False,ppp_usd,39851.0,,,
ITA,Italy,Households and NPISHs net adjusted disposable income per capita,USD_PPP_PS,2015,40370.0,A,disposable_income,Material,objective,1,core,False,ppp_usd,40370.0,,,
ITA,Italy,Households and NPISHs net adjusted disposable income per capita,USD_PPP_PS,2016,40761.0,A,disposable_income,Material,objective,1,core,False,ppp_usd,40761.0,,,
ITA,Italy,Households and NPISHs net adjusted disposable income per capita,USD_PPP_PS,2017,41201.0,A,disposable_income,Material,objective,1,core,False,ppp_usd,41201.0,,,
ITA,Italy,Households and NPISHs net adjusted disposable income per capita,USD_PPP_PS,2018,41413.0,A,disposable_income,Material,objective,1,core,False,ppp_usd,41413.0,,,
ITA,Italy,Households and NPISHs net adjusted disposable income per capita,USD_PPP_PS,2019,41422.0,A,disposable_income,Material,objective,1,core,False,ppp_usd,41422.0,,,
ITA,Italy,Households and NPISHs net adjusted disposable income per capita,USD_PPP_PS,2020,40594.0,A,disposable_income,Material,objective,1,core,False,ppp_usd,40594.0,,,
ITA,Italy,Households and NPISHs net adjusted disposable income per capita,USD_PPP_PS,2021,42253.0,A,disposable_income,Material,objective,1,core,False,ppp_usd,42253.0,,,
ITA,Italy,Households and NPISHs net adjusted disposable income per capita,USD_PPP_PS,2022,42251.0,A,disposable_income,Material,objective,1,core,False,ppp_usd,42251.0,,,
ITA,Italy,Households and NPISHs net adjusted disposable income per capita,USD_PPP_PS,2023,42653.0,A,disposable_income,Material,objective,1,core,False,ppp_usd,42653.0,,,
ITA,Italy,Households and NPISHs net adjusted disposable income per capita,USD_PPP_PS,2024,43147.0,A,disposable_income,Material,objective,1,core,False,ppp_usd,43147.0,,,
ITA,Italy,Households and NPISHs net adjusted disposable income per capita,USD_PPP_PS,2025,43491.0,E,disposable_income,Material,objective,1,core,False,ppp_usd,43491.0,,,
JPN,Japan,Households and NPISHs net adjusted disposable income per capita,USD_PPP_PS,2010,33977.0,A,disposable_income,Material,objective,1,core,False,ppp_usd,33977.0,,,
JPN,Japan,Households and NPISHs net adjusted disposable income per capita,USD_PPP_PS,2011,34150.0,A,disposable_income,Material,objective,1,core,False,ppp_usd,34150.0,,,
JPN,Japan,Households and NPISHs net adjusted disposable income per capita,USD_PPP_PS,2012,34650.0,A,disposable_income,Material,objective,1,core,False,ppp_usd,34650.0,,,
JPN,Japan,Households and NPISHs net adjusted disposable income per capita,USD_PPP_PS,2013,34861.0,A,disposable_income,Material,objective,1,core,False,ppp_usd,34861.0,,,
JPN,Japan,Households and NPISHs net adjusted disposable income per capita,USD_PPP_PS,2014,34498.0,A,disposable_income,Material,objective,1,core,False,ppp_usd,34498.0,,,
JPN,Japan,Households and NPISHs net adjusted disposable income per capita,USD_PPP_PS,2015,34957.0,A,disposable_income,Material,objective,1,core,False,ppp_usd,34957.0,,,
JPN,Japan,Households and NPISHs net adjusted disposable income per capita,USD_PPP_PS,2016,35306.0,A,disposable_income,Material,objective,1,core,False,ppp_usd,35306.0,,,
JPN,Japan,Households and NPISHs net adjusted disposable income per capita,USD_PPP_PS,2017,35469.0,A,disposable_income,Material,objective,1,core,False,ppp_usd,35469.0,,,
JPN,Japan,Households and NPISHs net adjusted disposable income per capita,USD_PPP_PS,2018,35712.0,A,disposable_income,Material,objective,1,core,False,ppp_usd,35712.0,,,
JPN,Japan,Households and NPISHs net adjusted disposable income per capita,USD_PPP_PS,2019,36014.0,A,disposable_income,Material,objective,1,core,False,ppp_usd,36014.0,,,
JPN,Japan,Households and NPISHs net adjusted disposable income per capita,USD_PPP_PS,2020,37385.0,A,disposable_income,Material,objective,1,core,False,ppp_usd,37385.0,,,
JPN,Japan,Households and NPISHs net adjusted disposable income per capita,USD_PPP_PS,2021,36916.0,A,disposable_income,Material,objective,1,core,False,ppp_usd,36916.0,,,
JPN,Japan,Households and NPISHs net adjusted disposable income per capita,USD_PPP_PS,2022,37057.0,A,disposable_income,Material,objective,1,core,False,ppp_usd,37057.0,,,
JPN,Japan,Households and NPISHs net adjusted disposable income per capita,USD_PPP_PS,2023,36405.0,A,disposable_income,Material,objective,1,core,False,ppp_usd,36405.0,,,
JPN,Japan,Households and NPISHs net adjusted disposable income per capita,USD_PPP_PS,2024,36881.0,A,disposable_income,Material,objective,1,core,False,ppp_usd,36881.0,,,
KOR,Korea,Households and NPISHs net adjusted disposable income per capita,USD_PPP_PS,2010,25940.0,A,disposable_income,Material,objective,1,core,False,ppp_usd,25940.0,,,
KOR,Korea,Households and NPISHs net adjusted disposable income per capita,USD_PPP_PS,2011,26362.0,A,disposable_income,Material,objective,1,core,False,ppp_usd,26362.0,,,
KOR,Korea,Households and NPISHs net adjusted disposable income per capita,USD_PPP_PS,2012,26886.0,A,disposable_income,Material,objective,1,core,False,ppp_usd,26886.0,,,
KOR,Korea,Households and NPISHs net adjusted disposable income per capita,USD_PPP_PS,2013,27727.0,A,disposable_income,Material,objective,1,core,False,ppp_usd,27727.0,,,
KOR,Korea,Households and NPISHs net adjusted disposable income per capita,USD_PPP_PS,2014,28703.0,A,disposable_income,Material,objective,1,core,False,ppp_usd,28703.0,,,
KOR,Korea,Households and NPISHs net adjusted disposable income per capita,USD_PPP_PS,2015,30167.0,A,disposable_income,Material,objective,1,core,False,ppp_usd,30167.0,,,
KOR,Korea,Households and NPISHs net adjusted disposable income per capita,USD_PPP_PS,2016,30600.0,A,disposable_income,Material,objective,1,core,False,ppp_usd,30600.0,,,
KOR,Korea,Households and NPISHs net adjusted disposable income per capita,USD_PPP_PS,2017,30857.0,A,disposable_income,Material,objective,1,core,False,ppp_usd,30857.0,,,
KOR,Korea,Households and NPISHs net adjusted disposable income per capita,USD_PPP_PS,2018,31765.0,A,disposable_income,Material,objective,1,core,False,ppp_usd,31765.0,,,
KOR,Korea,Households and NPISHs net adjusted disposable income per capita,USD_PPP_PS,2019,32991.0,A,disposable_income,Material,objective,1,core,False,ppp_usd,32991.0,,,
KOR,Korea,Households and NPISHs net adjusted disposable income per capita,USD_PPP_PS,2020,33908.0,A,disposable_income,Material,objective,1,core,False,ppp_usd,33908.0,,,
KOR,Korea,Households and NPISHs net adjusted disposable income per capita,USD_PPP_PS,2021,34487.0,A,disposable_income,Material,objective,1,core,False,ppp_usd,34487.0,,,
KOR,Korea,Households and NPISHs net adjusted disposable income per capita,USD_PPP_PS,2022,34966.0,A,disposable_income,Material,objective,1,core,False,ppp_usd,34966.0,,,
KOR,Korea,Households and NPISHs net adjusted disposable income per capita,USD_PPP_PS,2023,35707.0,A,disposable_income,Material,objective,1,core,False,ppp_usd,35707.0,,,
KOR,Korea,Households and NPISHs net adjusted disposable income per capita,USD_PPP_PS,2024,36859.0,P,disposable_income,Material,objective,1,core,False,ppp_usd,36859.0,,,
LTU,Lithuania,Households and NPISHs net adjusted disposable income per capita,USD_PPP_PS,2010,24535.0,A,disposable_income,Material,objective,1,core,False,ppp_usd,24535.0,,,
LTU,Lithuania,Households and NPISHs net adjusted disposable income per capita,USD_PPP_PS,2011,25025.0,A,disposable_income,Material,objective,1,core,False,ppp_usd,25025.0,,,
LTU,Lithuania,Households and NPISHs net adjusted disposable income per capita,USD_PPP_PS,2012,25221.0,A,disposable_income,Material,objective,1,core,False,ppp_usd,25221.0,,,
LTU,Lithuania,Households and NPISHs net adjusted disposable income per capita,USD_PPP_PS,2013,26594.0,A,disposable_income,Material,objective,1,core,False,ppp_usd,26594.0,,,
LTU,Lithuania,Households and NPISHs net adjusted disposable income per capita,USD_PPP_PS,2014,27369.0,A,disposable_income,Material,objective,1,core,False,ppp_usd,27369.0,,,
LTU,Lithuania,Households and NPISHs net adjusted disposable income per capita,USD_PPP_PS,2015,28761.0,A,disposable_income,Material,objective,1,core,False,ppp_usd,28761.0,,,
LTU,Lithuania,Households and NPISHs net adjusted disposable income per capita,USD_PPP_PS,2016,30794.0,A,disposable_income,Material,objective,1,core,False,ppp_usd,30794.0,,,
LTU,Lithuania,Households and NPISHs net adjusted disposable income per capita,USD_PPP_PS,2017,30392.0,A,disposable_income,Material,objective,1,core,False,ppp_usd,30392.0,,,
LTU,Lithuania,Households and NPISHs net adjusted disposable income per capita,USD_PPP_PS,2018,31964.0,A,disposable_income,Material,objective,1,core,False,ppp_usd,31964.0,,,
LTU,Lithuania,Households and NPISHs net adjusted disposable income per capita,USD_PPP_PS,2019,34086.0,A,disposable_income,Material,objective,1,core,False,ppp_usd,34086.0,,,
LTU,Lithuania,Households and NPISHs net adjusted disposable income per capita,USD_PPP_PS,2020,36205.0,A,disposable_income,Material,objective,1,core,False,ppp_usd,36205.0,,,
LTU,Lithuania,Households and NPISHs net adjusted disposable income per capita,USD_PPP_PS,2021,38147.0,A,disposable_income,Material,objective,1,core,False,ppp_usd,38147.0,,,
LTU,Lithuania,Households and NPISHs net adjusted disposable income per capita,USD_PPP_PS,2022,36599.0,A,disposable_income,Material,objective,1,core,False,ppp_usd,36599.0,,,
LTU,Lithuania,Households and NPISHs net adjusted disposable income per capita,USD_PPP_PS,2023,36272.0,A,disposable_income,Material,objective,1,core,False,ppp_usd,36272.0,,,
LTU,Lithuania,Households and NPISHs net adjusted disposable income per capita,USD_PPP_PS,2024,37704.0,A,disposable_income,Material,objective,1,core,False,ppp_usd,37704.0,,,
LUX,Luxembourg,Households and NPISHs net adjusted disposable income per capita,USD_PPP_PS,2010,57416.0,A,disposable_income,Material,objective,1,core,False,ppp_usd,57416.0,,,
LUX,Luxembourg,Households and NPISHs net adjusted disposable income per capita,USD_PPP_PS,2011,57193.0,A,disposable_income,Material,objective,1,core,False,ppp_usd,57193.0,,,
LUX,Luxembourg,Households and NPISHs net adjusted disposable income per capita,USD_PPP_PS,2012,57567.0,A,disposable_income,Material,objective,1,core,False,ppp_usd,57567.0,,,
LUX,Luxembourg,Households and NPISHs net adjusted disposable income per capita,USD_PPP_PS,2013,58905.0,A,disposable_income,Material,objective,1,core,False,ppp_usd,58905.0,,,
LUX,Luxembourg,Households and NPISHs net adjusted disposable income per capita,USD_PPP_PS,2014,58917.0,A,disposable_income,Material,objective,1,core,False,ppp_usd,58917.0,,,
LUX,Luxembourg,Households and NPISHs net adjusted disposable income per capita,USD_PPP_PS,2015,58149.0,A,disposable_income,Material,objective,1,core,False,ppp_usd,58149.0,,,
LUX,Luxembourg,Households and NPISHs net adjusted disposable income per capita,USD_PPP_PS,2016,57562.0,A,disposable_income,Material,objective,1,core,False,ppp_usd,57562.0,,,
LUX,Luxembourg,Households and NPISHs net adjusted disposable income per capita,USD_PPP_PS,2017,58825.0,A,disposable_income,Material,objective,1,core,False,ppp_usd,58825.0,,,
LUX,Luxembourg,Households and NPISHs net adjusted disposable income per capita,USD_PPP_PS,2018,59624.0,A,disposable_income,Material,objective,1,core,False,ppp_usd,59624.0,,,
LUX,Luxembourg,Households and NPISHs net adjusted disposable income per capita,USD_PPP_PS,2019,60802.0,A,disposable_income,Material,objective,1,core,False,ppp_usd,60802.0,,,
LUX,Luxembourg,Households and NPISHs net adjusted disposable income per capita,USD_PPP_PS,2020,63978.0,A,disposable_income,Material,objective,1,core,False,ppp_usd,63978.0,,,
LUX,Luxembourg,Households and NPISHs net adjusted disposable income per capita,USD_PPP_PS,2021,63794.0,A,disposable_income,Material,objective,1,core,False,ppp_usd,63794.0,,,
LUX,Luxembourg,Households and NPISHs net adjusted disposable income per capita,USD_PPP_PS,2022,63226.0,A,disposable_income,Material,objective,1,core,False,ppp_usd,63226.0,,,
LUX,Luxembourg,Households and NPISHs net adjusted disposable income per capita,USD_PPP_PS,2023,63313.0,A,disposable_income,Material,objective,1,core,False,ppp_usd,63313.0,,,
LUX,Luxembourg,Households and NPISHs net adjusted disposable income per capita,USD_PPP_PS,2024,64376.0,A,disposable_income,Material,objective,1,core,False,ppp_usd,64376.0,,,
LVA,Latvia,Households and NPISHs net adjusted disposable income per capita,USD_PPP_PS,2010,20357.0,A,disposable_income,Material,objective,1,core,False,ppp_usd,20357.0,,,
LVA,Latvia,Households and NPISHs net adjusted disposable income per capita,USD_PPP_PS,2011,19919.0,A,disposable_income,Material,objective,1,core,False,ppp_usd,19919.0,,,
LVA,Latvia,Households and NPISHs net adjusted disposable income per capita,USD_PPP_PS,2012,20984.0,A,disposable_income,Material,objective,1,core,False,ppp_usd,20984.0,,,
LVA,Latvia,Households and NPISHs net adjusted disposable income per capita,USD_PPP_PS,2013,21751.0,A,disposable_income,Material,objective,1,core,False,ppp_usd,21751.0,,,
LVA,Latvia,Households and NPISHs net adjusted disposable income per capita,USD_PPP_PS,2014,22767.0,A,disposable_income,Material,objective,1,core,False,ppp_usd,22767.0,,,
LVA,Latvia,Households and NPISHs net adjusted disposable income per capita,USD_PPP_PS,2015,24161.0,A,disposable_income,Material,objective,1,core,False,ppp_usd,24161.0,,,
LVA,Latvia,Households and NPISHs net adjusted disposable income per capita,USD_PPP_PS,2016,25469.0,A,disposable_income,Material,objective,1,core,False,ppp_usd,25469.0,,,
LVA,Latvia,Households and NPISHs net adjusted disposable income per capita,USD_PPP_PS,2017,26613.0,A,disposable_income,Material,objective,1,core,False,ppp_usd,26613.0,,,
LVA,Latvia,Households and NPISHs net adjusted disposable income per capita,USD_PPP_PS,2018,27985.0,A,disposable_income,Material,objective,1,core,False,ppp_usd,27985.0,,,
LVA,Latvia,Households and NPISHs net adjusted disposable income per capita,USD_PPP_PS,2019,28412.0,A,disposable_income,Material,objective,1,core,False,ppp_usd,28412.0,,,
LVA,Latvia,Households and NPISHs net adjusted disposable income per capita,USD_PPP_PS,2020,28641.0,A,disposable_income,Material,objective,1,core,False,ppp_usd,28641.0,,,
LVA,Latvia,Households and NPISHs net adjusted disposable income per capita,USD_PPP_PS,2021,30002.0,A,disposable_income,Material,objective,1,core,False,ppp_usd,30002.0,,,
LVA,Latvia,Households and NPISHs net adjusted disposable income per capita,USD_PPP_PS,2022,29112.0,A,disposable_income,Material,objective,1,core,False,ppp_usd,29112.0,,,
LVA,Latvia,Households and NPISHs net adjusted disposable income per capita,USD_PPP_PS,2023,28520.0,A,disposable_income,Material,objective,1,core,False,ppp_usd,28520.0,,,
LVA,Latvia,Households and NPISHs net adjusted disposable income per capita,USD_PPP_PS,2024,29640.0,A,disposable_income,Material,objective,1,core,False,ppp_usd,29640.0,,,
MEX,Mexico,Households and NPISHs net adjusted disposable income per capita,USD_PPP_PS,2010,18232.0,A,disposable_income,Material,objective,1,core,False,ppp_usd,18232.0,,,
MEX,Mexico,Households and NPISHs net adjusted disposable income per capita,USD_PPP_PS,2011,19358.0,A,disposable_income,Material,objective,1,core,False,ppp_usd,19358.0,,,
MEX,Mexico,Households and NPISHs net adjusted disposable income per capita,USD_PPP_PS,2012,19133.0,A,disposable_income,Material,objective,1,core,False,ppp_usd,19133.0,,,
MEX,Mexico,Households and NPISHs net adjusted disposable income per capita,USD_PPP_PS,2013,19393.0,A,disposable_income,Material,objective,1,core,False,ppp_usd,19393.0,,,
MEX,Mexico,Households and NPISHs net adjusted disposable income per capita,USD_PPP_PS,2014,19633.0,A,disposable_income,Material,objective,1,core,False,ppp_usd,19633.0,,,
MEX,Mexico,Households and NPISHs net adjusted disposable income per capita,USD_PPP_PS,2015,20618.0,A,disposable_income,Material,objective,1,core,False,ppp_usd,20618.0,,,
MEX,Mexico,Households and NPISHs net adjusted disposable income per capita,USD_PPP_PS,2016,20579.0,A,disposable_income,Material,objective,1,core,False,ppp_usd,20579.0,,,
MEX,Mexico,Households and NPISHs net adjusted disposable income per capita,USD_PPP_PS,2017,20420.0,A,disposable_income,Material,objective,1,core,False,ppp_usd,20420.0,,,
MEX,Mexico,Households and NPISHs net adjusted disposable income per capita,USD_PPP_PS,2018,20367.0,A,disposable_income,Material,objective,1,core,False,ppp_usd,20367.0,,,
MEX,Mexico,Households and NPISHs net adjusted disposable income per capita,USD_PPP_PS,2019,20680.0,A,disposable_income,Material,objective,1,core,False,ppp_usd,20680.0,,,
MEX,Mexico,Households and NPISHs net adjusted disposable income per capita,USD_PPP_PS,2020,19298.0,A,disposable_income,Material,objective,1,core,False,ppp_usd,19298.0,,,
MEX,Mexico,Households and NPISHs net adjusted disposable income per capita,USD_PPP_PS,2021,20383.0,A,disposable_income,Material,objective,1,core,False,ppp_usd,20383.0,,,
MEX,Mexico,Households and NPISHs net adjusted disposable income per capita,USD_PPP_PS,2022,20054.0,A,disposable_income,Material,objective,1,core,False,ppp_usd,20054.0,,,
MEX,Mexico,Households and NPISHs net adjusted disposable income per capita,USD_PPP_PS,2023,21082.0,P,disposable_income,Material,objective,1,core,False,ppp_usd,21082.0,,,
MEX,Mexico,Households and NPISHs net adjusted disposable income per capita,USD_PPP_PS,2024,21536.0,P,disposable_income,Material,objective,1,core,False,ppp_usd,21536.0,,,
NLD,Netherlands,Households and NPISHs net adjusted disposable income per capita,USD_PPP_PS,2010,46368.0,A,disposable_income,Material,objective,1,core,False,ppp_usd,46368.0,,,
NLD,Netherlands,Households and NPISHs net adjusted disposable income per capita,USD_PPP_PS,2011,46246.0,A,disposable_income,Material,objective,1,core,False,ppp_usd,46246.0,,,
NLD,Netherlands,Households and NPISHs net adjusted disposable income per capita,USD_PPP_PS,2012,45749.0,A,disposable_income,Material,objective,1,core,False,ppp_usd,45749.0,,,
NLD,Netherlands,Households and NPISHs net adjusted disposable income per capita,USD_PPP_PS,2013,44970.0,A,disposable_income,Material,objective,1,core,False,ppp_usd,44970.0,,,
NLD,Netherlands,Households and NPISHs net adjusted disposable income per capita,USD_PPP_PS,2014,45578.0,A,disposable_income,Material,objective,1,core,False,ppp_usd,45578.0,,,
NLD,Netherlands,Households and NPISHs net adjusted disposable income per capita,USD_PPP_PS,2015,46367.0,A,disposable_income,Material,objective,1,core,False,ppp_usd,46367.0,,,
NLD,Netherlands,Households and NPISHs net adjusted disposable income per capita,USD_PPP_PS,2016,47181.0,A,disposable_income,Material,objective,1,core,False,ppp_usd,47181.0,,,
NLD,Netherlands,Households and NPISHs net adjusted disposable income per capita,USD_PPP_PS,2017,47373.0,A,disposable_income,Material,objective,1,core,False,ppp_usd,47373.0,,,
NLD,Netherlands,Households and NPISHs net adjusted disposable income per capita,USD_PPP_PS,2018,48495.0,A,disposable_income,Material,objective,1,core,False,ppp_usd,48495.0,,,
NLD,Netherlands,Households and NPISHs net adjusted disposable income per capita,USD_PPP_PS,2019,49479.0,A,disposable_income,Material,objective,1,core,False,ppp_usd,49479.0,,,
NLD,Netherlands,Households and NPISHs net adjusted disposable income per capita,USD_PPP_PS,2020,49952.0,A,disposable_income,Material,objective,1,core,False,ppp_usd,49952.0,,,
NLD,Netherlands,Households and NPISHs net adjusted disposable income per capita,USD_PPP_PS,2021,50921.0,A,disposable_income,Material,objective,1,core,False,ppp_usd,50921.0,,,
NLD,Netherlands,Households and NPISHs net adjusted disposable income per capita,USD_PPP_PS,2022,50799.0,P,disposable_income,Material,objective,1,core,False,ppp_usd,50799.0,,,
NLD,Netherlands,Households and NPISHs net adjusted disposable income per capita,USD_PPP_PS,2023,51218.0,P,disposable_income,Material,objective,1,core,False,ppp_usd,51218.0,,,
NLD,Netherlands,Households and NPISHs net adjusted disposable income per capita,USD_PPP_PS,2024,52143.0,P,disposable_income,Material,objective,1,core,False,ppp_usd,52143.0,,,
NLD,Netherlands,Households and NPISHs net adjusted disposable income per capita,USD_PPP_PS,2025,53163.0,P,disposable_income,Material,objective,1,core,False,ppp_usd,53163.0,,,
NOR,Norway,Households and NPISHs net adjusted disposable income per capita,USD_PPP_PS,2010,42762.0,A,disposable_income,Material,objective,1,core,False,ppp_usd,42762.0,,,
NOR,Norway,Households and NPISHs net adjusted disposable income per capita,USD_PPP_PS,2011,43650.0,A,disposable_income,Material,objective,1,core,False,ppp_usd,43650.0,,,
NOR,Norway,Households and NPISHs net adjusted disposable income per capita,USD_PPP_PS,2012,44709.0,A,disposable_income,Material,objective,1,core,False,ppp_usd,44709.0,,,
NOR,Norway,Households and NPISHs net adjusted disposable income per capita,USD_PPP_PS,2013,45588.0,A,disposable_income,Material,objective,1,core,False,ppp_usd,45588.0,,,
NOR,Norway,Households and NPISHs net adjusted disposable income per capita,USD_PPP_PS,2014,46035.0,A,disposable_income,Material,objective,1,core,False,ppp_usd,46035.0,,,
NOR,Norway,Households and NPISHs net adjusted disposable income per capita,USD_PPP_PS,2015,47480.0,A,disposable_income,Material,objective,1,core,False,ppp_usd,47480.0,,,
NOR,Norway,Households and NPISHs net adjusted disposable income per capita,USD_PPP_PS,2016,46814.0,A,disposable_income,Material,objective,1,core,False,ppp_usd,46814.0,,,
NOR,Norway,Households and NPISHs net adjusted disposable income per capita,USD_PPP_PS,2017,47277.0,A,disposable_income,Material,objective,1,core,False,ppp_usd,47277.0,,,
NOR,Norway,Households and NPISHs net adjusted disposable income per capita,USD_PPP_PS,2018,47313.0,A,disposable_income,Material,objective,1,core,False,ppp_usd,47313.0,,,
NOR,Norway,Households and NPISHs net adjusted disposable income per capita,USD_PPP_PS,2019,47803.0,A,disposable_income,Material,objective,1,core,False,ppp_usd,47803.0,,,
NOR,Norway,Households and NPISHs net adjusted disposable income per capita,USD_PPP_PS,2020,47442.0,A,disposable_income,Material,objective,1,core,False,ppp_usd,47442.0,,,
NOR,Norway,Households and NPISHs net adjusted disposable income per capita,USD_PPP_PS,2021,49002.0,A,disposable_income,Material,objective,1,core,False,ppp_usd,49002.0,,,
NOR,Norway,Households and NPISHs net adjusted disposable income per capita,USD_PPP_PS,2022,47497.0,A,disposable_income,Material,objective,1,core,False,ppp_usd,47497.0,,,
NZL,New Zealand,Households and NPISHs net adjusted disposable income per capita,USD_PPP_PS,2010,33090.0,A,disposable_income,Material,objective,1,core,False,ppp_usd,33090.0,,,
NZL,New Zealand,Households and NPISHs net adjusted disposable income per capita,USD_PPP_PS,2011,34058.0,A,disposable_income,Material,objective,1,core,False,ppp_usd,34058.0,,,
NZL,New Zealand,Households and NPISHs net adjusted disposable income per capita,USD_PPP_PS,2012,34312.0,A,disposable_income,Material,objective,1,core,False,ppp_usd,34312.0,,,
NZL,New Zealand,Households and NPISHs net adjusted disposable income per capita,USD_PPP_PS,2013,34769.0,A,disposable_income,Material,objective,1,core,False,ppp_usd,34769.0,,,
NZL,New Zealand,Households and NPISHs net adjusted disposable income per capita,USD_PPP_PS,2014,34627.0,A,disposable_income,Material,objective,1,core,False,ppp_usd,34627.0,,,
NZL,New Zealand,Households and NPISHs net adjusted disposable income per capita,USD_PPP_PS,2015,35487.0,A,disposable_income,Material,objective,1,core,False,ppp_usd,35487.0,,,
NZL,New Zealand,Households and NPISHs net adjusted disposable income per capita,USD_PPP_PS,2016,36402.0,A,disposable_income,Material,objective,1,core,False,ppp_usd,36402.0,,,
NZL,New Zealand,Households and NPISHs net adjusted disposable income per capita,USD_PPP_PS,2017,37291.0,A,disposable_income,Material,objective,1,core,False,ppp_usd,37291.0,,,
NZL,New Zealand,Households and NPISHs net adjusted disposable income per capita,USD_PPP_PS,2018,38489.0,A,disposable_income,Material,objective,1,core,False,ppp_usd,38489.0,,,
NZL,New Zealand,Households and NPISHs net adjusted disposable income per capita,USD_PPP_PS,2019,39627.0,A,disposable_income,Material,objective,1,core,False,ppp_usd,39627.0,,,
NZL,New Zealand,Households and NPISHs net adjusted disposable income per capita,USD_PPP_PS,2020,41610.0,A,disposable_income,Material,objective,1,core,False,ppp_usd,41610.0,,,
NZL,New Zealand,Households and NPISHs net adjusted disposable income per capita,USD_PPP_PS,2021,41879.0,E,disposable_income,Material,objective,1,core,False,ppp_usd,41879.0,,,
NZL,New Zealand,Households and NPISHs net adjusted disposable income per capita,USD_PPP_PS,2022,41510.0,E,disposable_income,Material,objective,1,core,False,ppp_usd,41510.0,,,
NZL,New Zealand,Households and NPISHs net adjusted disposable income per capita,USD_PPP_PS,2023,41890.0,E,disposable_income,Material,objective,1,core,False,ppp_usd,41890.0,,,
POL,Poland,Households and NPISHs net adjusted disposable income per capita,USD_PPP_PS,2010,24256.0,B,disposable_income,Material,objective,1,core,False,ppp_usd,24256.0,,,
POL,Poland,Households and NPISHs net adjusted disposable income per capita,USD_PPP_PS,2011,24343.0,A,disposable_income,Material,objective,1,core,False,ppp_usd,24343.0,,,
POL,Poland,Households and NPISHs net adjusted disposable income per capita,USD_PPP_PS,2012,24624.0,A,disposable_income,Material,objective,1,core,False,ppp_usd,24624.0,,,
POL,Poland,Households and NPISHs net adjusted disposable income per capita,USD_PPP_PS,2013,24917.0,A,disposable_income,Material,objective,1,core,False,ppp_usd,24917.0,,,
POL,Poland,Households and NPISHs net adjusted disposable income per capita,USD_PPP_PS,2014,26397.0,A,disposable_income,Material,objective,1,core,False,ppp_usd,26397.0,,,
POL,Poland,Households and NPISHs net adjusted disposable income per capita,USD_PPP_PS,2015,27224.0,A,disposable_income,Material,objective,1,core,False,ppp_usd,27224.0,,,
POL,Poland,Households and NPISHs net adjusted disposable income per capita,USD_PPP_PS,2016,28611.0,A,disposable_income,Material,objective,1,core,False,ppp_usd,28611.0,,,
POL,Poland,Households and NPISHs net adjusted disposable income per capita,USD_PPP_PS,2017,29589.0,A,disposable_income,Material,objective,1,core,False,ppp_usd,29589.0,,,
POL,Poland,Households and NPISHs net adjusted disposable income per capita,USD_PPP_PS,2018,30885.0,A,disposable_income,Material,objective,1,core,False,ppp_usd,30885.0,,,
POL,Poland,Households and NPISHs net adjusted disposable income per capita,USD_PPP_PS,2019,32406.0,A,disposable_income,Material,objective,1,core,False,ppp_usd,32406.0,,,
POL,Poland,Households and NPISHs net adjusted disposable income per capita,USD_PPP_PS,2020,34508.0,B,disposable_income,Material,objective,1,core,False,ppp_usd,34508.0,,,
POL,Poland,Households and NPISHs net adjusted disposable income per capita,USD_PPP_PS,2021,34281.0,A,disposable_income,Material,objective,1,core,False,ppp_usd,34281.0,,,
POL,Poland,Households and NPISHs net adjusted disposable income per capita,USD_PPP_PS,2022,33731.0,B,disposable_income,Material,objective,1,core,False,ppp_usd,33731.0,,,
POL,Poland,Households and NPISHs net adjusted disposable income per capita,USD_PPP_PS,2023,35058.0,A,disposable_income,Material,objective,1,core,False,ppp_usd,35058.0,,,
POL,Poland,Households and NPISHs net adjusted disposable income per capita,USD_PPP_PS,2024,37601.0,A,disposable_income,Material,objective,1,core,False,ppp_usd,37601.0,,,
PRT,Portugal,Households and NPISHs net adjusted disposable income per capita,USD_PPP_PS,2010,33028.0,A,disposable_income,Material,objective,1,core,False,ppp_usd,33028.0,,,
PRT,Portugal,Households and NPISHs net adjusted disposable income per capita,USD_PPP_PS,2011,31626.0,A,disposable_income,Material,objective,1,core,False,ppp_usd,31626.0,,,
PRT,Portugal,Households and NPISHs net adjusted disposable income per capita,USD_PPP_PS,2012,30477.0,A,disposable_income,Material,objective,1,core,False,ppp_usd,30477.0,,,
PRT,Portugal,Households and NPISHs net adjusted disposable income per capita,USD_PPP_PS,2013,30124.0,A,disposable_income,Material,objective,1,core,False,ppp_usd,30124.0,,,
PRT,Portugal,Households and NPISHs net adjusted disposable income per capita,USD_PPP_PS,2014,29994.0,A,disposable_income,Material,objective,1,core,False,ppp_usd,29994.0,,,
PRT,Portugal,Households and NPISHs net adjusted disposable income per capita,USD_PPP_PS,2015,31022.0,A,disposable_income,Material,objective,1,core,False,ppp_usd,31022.0,,,
PRT,Portugal,Households and NPISHs net adjusted disposable income per capita,USD_PPP_PS,2016,31667.0,A,disposable_income,Material,objective,1,core,False,ppp_usd,31667.0,,,
PRT,Portugal,Households and NPISHs net adjusted disposable income per capita,USD_PPP_PS,2017,31932.0,A,disposable_income,Material,objective,1,core,False,ppp_usd,31932.0,,,
PRT,Portugal,Households and NPISHs net adjusted disposable income per capita,USD_PPP_PS,2018,32789.0,A,disposable_income,Material,objective,1,core,False,ppp_usd,32789.0,,,
PRT,Portugal,Households and NPISHs net adjusted disposable income per capita,USD_PPP_PS,2019,33905.0,A,disposable_income,Material,objective,1,core,False,ppp_usd,33905.0,,,
PRT,Portugal,Households and NPISHs net adjusted disposable income per capita,USD_PPP_PS,2020,33172.0,A,disposable_income,Material,objective,1,core,False,ppp_usd,33172.0,,,
PRT,Portugal,Households and NPISHs net adjusted disposable income per capita,USD_PPP_PS,2021,34419.0,A,disposable_income,Material,objective,1,core,False,ppp_usd,34419.0,,,
PRT,Portugal,Households and NPISHs net adjusted disposable income per capita,USD_PPP_PS,2022,34787.0,A,disposable_income,Material,objective,1,core,False,ppp_usd,34787.0,,,
PRT,Portugal,Households and NPISHs net adjusted disposable income per capita,USD_PPP_PS,2023,35973.0,A,disposable_income,Material,objective,1,core,False,ppp_usd,35973.0,,,
PRT,Portugal,Households and NPISHs net adjusted disposable income per capita,USD_PPP_PS,2024,38027.0,P,disposable_income,Material,objective,1,core,False,ppp_usd,38027.0,,,
PRT,Portugal,Households and NPISHs net adjusted disposable income per capita,USD_PPP_PS,2025,38464.0,P,disposable_income,Material,objective,1,core,False,ppp_usd,38464.0,,,
ROU,Romania,Households and NPISHs net adjusted disposable income per capita,USD_PPP_PS,2010,17394.0,A,disposable_income,Material,objective,1,core,False,ppp_usd,17394.0,,,
ROU,Romania,Households and NPISHs net adjusted disposable income per capita,USD_PPP_PS,2011,17772.0,A,disposable_income,Material,objective,1,core,False,ppp_usd,17772.0,,,
ROU,Romania,Households and NPISHs net adjusted disposable income per capita,USD_PPP_PS,2012,17810.0,A,disposable_income,Material,objective,1,core,False,ppp_usd,17810.0,,,
ROU,Romania,Households and NPISHs net adjusted disposable income per capita,USD_PPP_PS,2013,17642.0,A,disposable_income,Material,objective,1,core,False,ppp_usd,17642.0,,,
ROU,Romania,Households and NPISHs net adjusted disposable income per capita,USD_PPP_PS,2014,17947.0,A,disposable_income,Material,objective,1,core,False,ppp_usd,17947.0,,,
ROU,Romania,Households and NPISHs net adjusted disposable income per capita,USD_PPP_PS,2015,19045.0,A,disposable_income,Material,objective,1,core,False,ppp_usd,19045.0,,,
ROU,Romania,Households and NPISHs net adjusted disposable income per capita,USD_PPP_PS,2016,20515.0,A,disposable_income,Material,objective,1,core,False,ppp_usd,20515.0,,,
ROU,Romania,Households and NPISHs net adjusted disposable income per capita,USD_PPP_PS,2017,23087.0,A,disposable_income,Material,objective,1,core,False,ppp_usd,23087.0,,,
ROU,Romania,Households and NPISHs net adjusted disposable income per capita,USD_PPP_PS,2018,23888.0,A,disposable_income,Material,objective,1,core,False,ppp_usd,23888.0,,,
ROU,Romania,Households and NPISHs net adjusted disposable income per capita,USD_PPP_PS,2019,26856.0,A,disposable_income,Material,objective,1,core,False,ppp_usd,26856.0,,,
ROU,Romania,Households and NPISHs net adjusted disposable income per capita,USD_PPP_PS,2020,27259.0,A,disposable_income,Material,objective,1,core,False,ppp_usd,27259.0,,,
ROU,Romania,Households and NPISHs net adjusted disposable income per capita,USD_PPP_PS,2021,28403.0,A,disposable_income,Material,objective,1,core,False,ppp_usd,28403.0,,,
ROU,Romania,Households and NPISHs net adjusted disposable income per capita,USD_PPP_PS,2022,28678.0,A,disposable_income,Material,objective,1,core,False,ppp_usd,28678.0,,,
ROU,Romania,Households and NPISHs net adjusted disposable income per capita,USD_PPP_PS,2023,29957.0,A,disposable_income,Material,objective,1,core,False,ppp_usd,29957.0,,,
ROU,Romania,Households and NPISHs net adjusted disposable income per capita,USD_PPP_PS,2024,32087.0,P,disposable_income,Material,objective,1,core,False,ppp_usd,32087.0,,,
ROU,Romania,Households and NPISHs net adjusted disposable income per capita,USD_PPP_PS,2025,31964.0,P,disposable_income,Material,objective,1,core,False,ppp_usd,31964.0,,,
SVK,Slovak Republic,Households and NPISHs net adjusted disposable income per capita,USD_PPP_PS,2010,25240.0,A,disposable_income,Material,objective,1,core,False,ppp_usd,25240.0,,,
SVK,Slovak Republic,Households and NPISHs net adjusted disposable income per capita,USD_PPP_PS,2011,24604.0,B,disposable_income,Material,objective,1,core,False,ppp_usd,24604.0,,,
SVK,Slovak Republic,Households and NPISHs net adjusted disposable income per capita,USD_PPP_PS,2012,24451.0,A,disposable_income,Material,objective,1,core,False,ppp_usd,24451.0,,,
SVK,Slovak Republic,Households and NPISHs net adjusted disposable income per capita,USD_PPP_PS,2013,24368.0,A,disposable_income,Material,objective,1,core,False,ppp_usd,24368.0,,,
SVK,Slovak Republic,Households and NPISHs net adjusted disposable income per capita,USD_PPP_PS,2014,24948.0,A,disposable_income,Material,objective,1,core,False,ppp_usd,24948.0,,,
SVK,Slovak Republic,Households and NPISHs net adjusted disposable income per capita,USD_PPP_PS,2015,26278.0,A,disposable_income,Material,objective,1,core,False,ppp_usd,26278.0,,,
SVK,Slovak Republic,Households and NPISHs net adjusted disposable income per capita,USD_PPP_PS,2016,26999.0,A,disposable_income,Material,objective,1,core,False,ppp_usd,26999.0,,,
SVK,Slovak Republic,Households and NPISHs net adjusted disposable income per capita,USD_PPP_PS,2017,27816.0,A,disposable_income,Material,objective,1,core,False,ppp_usd,27816.0,,,
SVK,Slovak Republic,Households and NPISHs net adjusted disposable income per capita,USD_PPP_PS,2018,29781.0,A,disposable_income,Material,objective,1,core,False,ppp_usd,29781.0,,,
SVK,Slovak Republic,Households and NPISHs net adjusted disposable income per capita,USD_PPP_PS,2019,30671.0,A,disposable_income,Material,objective,1,core,False,ppp_usd,30671.0,,,
SVK,Slovak Republic,Households and NPISHs net adjusted disposable income per capita,USD_PPP_PS,2020,31164.0,A,disposable_income,Material,objective,1,core,False,ppp_usd,31164.0,,,
SVK,Slovak Republic,Households and NPISHs net adjusted disposable income per capita,USD_PPP_PS,2021,32242.0,B,disposable_income,Material,objective,1,core,False,ppp_usd,32242.0,,,
SVK,Slovak Republic,Households and NPISHs net adjusted disposable income per capita,USD_PPP_PS,2022,31877.0,A,disposable_income,Material,objective,1,core,False,ppp_usd,31877.0,,,
SVK,Slovak Republic,Households and NPISHs net adjusted disposable income per capita,USD_PPP_PS,2023,31789.0,A,disposable_income,Material,objective,1,core,False,ppp_usd,31789.0,,,
SVK,Slovak Republic,Households and NPISHs net adjusted disposable income per capita,USD_PPP_PS,2024,33124.0,A,disposable_income,Material,objective,1,core,False,ppp_usd,33124.0,,,
SVN,Slovenia,Households and NPISHs net adjusted disposable income per capita,USD_PPP_PS,2010,30484.0,A,disposable_income,Material,objective,1,core,False,ppp_usd,30484.0,,,
SVN,Slovenia,Households and NPISHs net adjusted disposable income per capita,USD_PPP_PS,2011,30442.0,A,disposable_income,Material,objective,1,core,False,ppp_usd,30442.0,,,
SVN,Slovenia,Households and NPISHs net adjusted disposable income per capita,USD_PPP_PS,2012,29219.0,A,disposable_income,Material,objective,1,core,False,ppp_usd,29219.0,,,
SVN,Slovenia,Households and NPISHs net adjusted disposable income per capita,USD_PPP_PS,2013,28663.0,A,disposable_income,Material,objective,1,core,False,ppp_usd,28663.0,,,
SVN,Slovenia,Households and NPISHs net adjusted disposable income per capita,USD_PPP_PS,2014,28871.0,A,disposable_income,Material,objective,1,core,False,ppp_usd,28871.0,,,
SVN,Slovenia,Households and NPISHs net adjusted disposable income per capita,USD_PPP_PS,2015,29575.0,A,disposable_income,Material,objective,1,core,False,ppp_usd,29575.0,,,
SVN,Slovenia,Households and NPISHs net adjusted disposable income per capita,USD_PPP_PS,2016,30882.0,A,disposable_income,Material,objective,1,core,False,ppp_usd,30882.0,,,
SVN,Slovenia,Households and NPISHs net adjusted disposable income per capita,USD_PPP_PS,2017,31865.0,A,disposable_income,Material,objective,1,core,False,ppp_usd,31865.0,,,
SVN,Slovenia,Households and NPISHs net adjusted disposable income per capita,USD_PPP_PS,2018,33103.0,A,disposable_income,Material,objective,1,core,False,ppp_usd,33103.0,,,
SVN,Slovenia,Households and NPISHs net adjusted disposable income per capita,USD_PPP_PS,2019,34453.0,A,disposable_income,Material,objective,1,core,False,ppp_usd,34453.0,,,
SVN,Slovenia,Households and NPISHs net adjusted disposable income per capita,USD_PPP_PS,2020,35905.0,A,disposable_income,Material,objective,1,core,False,ppp_usd,35905.0,,,
SVN,Slovenia,Households and NPISHs net adjusted disposable income per capita,USD_PPP_PS,2021,37345.0,A,disposable_income,Material,objective,1,core,False,ppp_usd,37345.0,,,
SVN,Slovenia,Households and NPISHs net adjusted disposable income per capita,USD_PPP_PS,2022,37384.0,A,disposable_income,Material,objective,1,core,False,ppp_usd,37384.0,,,
SVN,Slovenia,Households and NPISHs net adjusted disposable income per capita,USD_PPP_PS,2023,37376.0,A,disposable_income,Material,objective,1,core,False,ppp_usd,37376.0,,,
SVN,Slovenia,Households and NPISHs net adjusted disposable income per capita,USD_PPP_PS,2024,38603.0,A,disposable_income,Material,objective,1,core,False,ppp_usd,38603.0,,,
SWE,Sweden,Households and NPISHs net adjusted disposable income per capita,USD_PPP_PS,2010,41306.0,A,disposable_income,Material,objective,1,core,False,ppp_usd,41306.0,,,
SWE,Sweden,Households and NPISHs net adjusted disposable income per capita,USD_PPP_PS,2011,42092.0,A,disposable_income,Material,objective,1,core,False,ppp_usd,42092.0,,,
SWE,Sweden,Households and NPISHs net adjusted disposable income per capita,USD_PPP_PS,2012,43085.0,A,disposable_income,Material,objective,1,core,False,ppp_usd,43085.0,,,
SWE,Sweden,Households and NPISHs net adjusted disposable income per capita,USD_PPP_PS,2013,43394.0,A,disposable_income,Material,objective,1,core,False,ppp_usd,43394.0,,,
SWE,Sweden,Households and NPISHs net adjusted disposable income per capita,USD_PPP_PS,2014,43805.0,A,disposable_income,Material,objective,1,core,False,ppp_usd,43805.0,,,
SWE,Sweden,Households and NPISHs net adjusted disposable income per capita,USD_PPP_PS,2015,44422.0,A,disposable_income,Material,objective,1,core,False,ppp_usd,44422.0,,,
SWE,Sweden,Households and NPISHs net adjusted disposable income per capita,USD_PPP_PS,2016,45514.0,A,disposable_income,Material,objective,1,core,False,ppp_usd,45514.0,,,
SWE,Sweden,Households and NPISHs net adjusted disposable income per capita,USD_PPP_PS,2017,45563.0,A,disposable_income,Material,objective,1,core,False,ppp_usd,45563.0,,,
SWE,Sweden,Households and NPISHs net adjusted disposable income per capita,USD_PPP_PS,2018,45551.0,A,disposable_income,Material,objective,1,core,False,ppp_usd,45551.0,,,
SWE,Sweden,Households and NPISHs net adjusted disposable income per capita,USD_PPP_PS,2019,45810.0,A,disposable_income,Material,objective,1,core,False,ppp_usd,45810.0,,,
SWE,Sweden,Households and NPISHs net adjusted disposable income per capita,USD_PPP_PS,2020,44998.0,A,disposable_income,Material,objective,1,core,False,ppp_usd,44998.0,,,
SWE,Sweden,Households and NPISHs net adjusted disposable income per capita,USD_PPP_PS,2021,46568.0,A,disposable_income,Material,objective,1,core,False,ppp_usd,46568.0,,,
SWE,Sweden,Households and NPISHs net adjusted disposable income per capita,USD_PPP_PS,2022,46502.0,A,disposable_income,Material,objective,1,core,False,ppp_usd,46502.0,,,
SWE,Sweden,Households and NPISHs net adjusted disposable income per capita,USD_PPP_PS,2023,45863.0,A,disposable_income,Material,objective,1,core,False,ppp_usd,45863.0,,,
SWE,Sweden,Households and NPISHs net adjusted disposable income per capita,USD_PPP_PS,2024,46092.0,A,disposable_income,Material,objective,1,core,False,ppp_usd,46092.0,,,
SWE,Sweden,Households and NPISHs net adjusted disposable income per capita,USD_PPP_PS,2025,46440.0,A,disposable_income,Material,objective,1,core,False,ppp_usd,46440.0,,,
USA,United States,Households and NPISHs net adjusted disposable income per capita,USD_PPP_PS,2010,51520.0,A,disposable_income,Material,objective,1,core,False,ppp_usd,51520.0,,,
USA,United States,Households and NPISHs net adjusted disposable income per capita,USD_PPP_PS,2011,52120.0,A,disposable_income,Material,objective,1,core,False,ppp_usd,52120.0,,,
USA,United States,Households and NPISHs net adjusted disposable income per capita,USD_PPP_PS,2012,53067.0,A,disposable_income,Material,objective,1,core,False,ppp_usd,53067.0,,,
USA,United States,Households and NPISHs net adjusted disposable income per capita,USD_PPP_PS,2013,51988.0,A,disposable_income,Material,objective,1,core,False,ppp_usd,51988.0,,,
USA,United States,Households and NPISHs net adjusted disposable income per capita,USD_PPP_PS,2014,53215.0,A,disposable_income,Material,objective,1,core,False,ppp_usd,53215.0,,,
USA,United States,Households and NPISHs net adjusted disposable income per capita,USD_PPP_PS,2015,54766.0,A,disposable_income,Material,objective,1,core,False,ppp_usd,54766.0,,,
USA,United States,Households and NPISHs net adjusted disposable income per capita,USD_PPP_PS,2016,55445.0,A,disposable_income,Material,objective,1,core,False,ppp_usd,55445.0,,,
USA,United States,Households and NPISHs net adjusted disposable income per capita,USD_PPP_PS,2017,56619.0,A,disposable_income,Material,objective,1,core,False,ppp_usd,56619.0,,,
USA,United States,Households and NPISHs net adjusted disposable income per capita,USD_PPP_PS,2018,58158.0,A,disposable_income,Material,objective,1,core,False,ppp_usd,58158.0,,,
USA,United States,Households and NPISHs net adjusted disposable income per capita,USD_PPP_PS,2019,59693.0,A,disposable_income,Material,objective,1,core,False,ppp_usd,59693.0,,,
USA,United States,Households and NPISHs net adjusted disposable income per capita,USD_PPP_PS,2020,63400.0,A,disposable_income,Material,objective,1,core,False,ppp_usd,63400.0,,,
USA,United States,Households and NPISHs net adjusted disposable income per capita,USD_PPP_PS,2021,65670.0,A,disposable_income,Material,objective,1,core,False,ppp_usd,65670.0,,,
USA,United States,Households and NPISHs net adjusted disposable income per capita,USD_PPP_PS,2022,61725.0,A,disposable_income,Material,objective,1,core,False,ppp_usd,61725.0,,,
USA,United States,Households and NPISHs net adjusted disposable income per capita,USD_PPP_PS,2023,64233.0,A,disposable_income,Material,objective,1,core,False,ppp_usd,64233.0,,,
USA,United States,Households and NPISHs net adjusted disposable income per capita,USD_PPP_PS,2024,65479.0,A,disposable_income,Material,objective,1,core,False,ppp_usd,65479.0,,,
ARG,Argentina,Employment rate,PT_POP_Y25T64,2016,72.432,A,employment_rate,Work,objective,1,core,False,pct,72.432,,,
ARG,Argentina,Employment rate,PT_POP_Y25T64,2017,73.548,A,employment_rate,Work,objective,1,core,False,pct,73.548,,,
ARG,Argentina,Employment rate,PT_POP_Y25T64,2018,72.632,A,employment_rate,Work,objective,1,core,False,pct,72.632,,,
ARG,Argentina,Employment rate,PT_POP_Y25T64,2019,73.067,A,employment_rate,Work,objective,1,core,False,pct,73.067,,,
ARG,Argentina,Employment rate,PT_POP_Y25T64,2020,70.181,A,employment_rate,Work,objective,1,core,False,pct,70.181,,,
ARG,Argentina,Employment rate,PT_POP_Y25T64,2021,75.428,A,employment_rate,Work,objective,1,core,False,pct,75.428,,,
ARG,Argentina,Employment rate,PT_POP_Y25T64,2022,76.746,A,employment_rate,Work,objective,1,core,False,pct,76.746,,,
ARG,Argentina,Employment rate,PT_POP_Y25T64,2023,77.852,A,employment_rate,Work,objective,1,core,False,pct,77.852,,,
AUT,Austria,Employment rate,PT_POP_Y25T64,2010,74.646,A,employment_rate,Work,objective,1,core,False,pct,74.646,,,
AUT,Austria,Employment rate,PT_POP_Y25T64,2011,74.744,A,employment_rate,Work,objective,1,core,False,pct,74.744,,,
AUT,Austria,Employment rate,PT_POP_Y25T64,2012,75.154,A,employment_rate,Work,objective,1,core,False,pct,75.154,,,
AUT,Austria,Employment rate,PT_POP_Y25T64,2013,75.27,A,employment_rate,Work,objective,1,core,False,pct,75.27,,,
AUT,Austria,Employment rate,PT_POP_Y25T64,2014,75.027,A,employment_rate,Work,objective,1,core,False,pct,75.027,,,
AUT,Austria,Employment rate,PT_POP_Y25T64,2015,75.158,A,employment_rate,Work,objective,1,core,False,pct,75.158,,,
AUT,Austria,Employment rate,PT_POP_Y25T64,2016,75.742,A,employment_rate,Work,objective,1,core,False,pct,75.742,,,
AUT,Austria,Employment rate,PT_POP_Y25T64,2017,76.423,A,employment_rate,Work,objective,1,core,False,pct,76.423,,,
AUT,Austria,Employment rate,PT_POP_Y25T64,2018,77.178,A,employment_rate,Work,objective,1,core,False,pct,77.178,,,
AUT,Austria,Employment rate,PT_POP_Y25T64,2019,77.654,A,employment_rate,Work,objective,1,core,False,pct,77.654,,,
AUT,Austria,Employment rate,PT_POP_Y25T64,2020,76.456,A,employment_rate,Work,objective,1,core,False,pct,76.456,,,
AUT,Austria,Employment rate,PT_POP_Y25T64,2021,76.428,A,employment_rate,Work,objective,1,core,False,pct,76.428,,,
AUT,Austria,Employment rate,PT_POP_Y25T64,2022,78.006,A,employment_rate,Work,objective,1,core,False,pct,78.006,,,
AUT,Austria,Employment rate,PT_POP_Y25T64,2023,77.92,A,employment_rate,Work,objective,1,core,False,pct,77.92,,,
AUT,Austria,Employment rate,PT_POP_Y25T64,2024,78.197,A,employment_rate,Work,objective,1,core,False,pct,78.197,,,
AUT,Austria,Employment rate,PT_POP_Y25T64,2025,78.608,A,employment_rate,Work,objective,1,core,False,pct,78.608,,,
BEL,Belgium,Employment rate,PT_POP_Y25T64,2010,70.266,A,employment_rate,Work,objective,1,core,False,pct,70.266,,,
BEL,Belgium,Employment rate,PT_POP_Y25T64,2011,69.978,A,employment_rate,Work,objective,1,core,False,pct,69.978,,,
BEL,Belgium,Employment rate,PT_POP_Y25T64,2012,70.05,A,employment_rate,Work,objective,1,core,False,pct,70.05,,,
BEL,Belgium,Employment rate,PT_POP_Y25T64,2013,70.32,A,employment_rate,Work,objective,1,core,False,pct,70.32,,,
BEL,Belgium,Employment rate,PT_POP_Y25T64,2014,70.501,A,employment_rate,Work,objective,1,core,False,pct,70.501,,,
BEL,Belgium,Employment rate,PT_POP_Y25T64,2015,70.282,A,employment_rate,Work,objective,1,core,False,pct,70.282,,,
BEL,Belgium,Employment rate,PT_POP_Y25T64,2016,70.933,A,employment_rate,Work,objective,1,core,False,pct,70.933,,,
BEL,Belgium,Employment rate,PT_POP_Y25T64,2017,71.889,A,employment_rate,Work,objective,1,core,False,pct,71.889,,,
BEL,Belgium,Employment rate,PT_POP_Y25T64,2018,72.976,A,employment_rate,Work,objective,1,core,False,pct,72.976,,,
BEL,Belgium,Employment rate,PT_POP_Y25T64,2019,73.603,A,employment_rate,Work,objective,1,core,False,pct,73.603,,,
BEL,Belgium,Employment rate,PT_POP_Y25T64,2020,73.467,A,employment_rate,Work,objective,1,core,False,pct,73.467,,,
BEL,Belgium,Employment rate,PT_POP_Y25T64,2021,74.057,A,employment_rate,Work,objective,1,core,False,pct,74.057,,,
BEL,Belgium,Employment rate,PT_POP_Y25T64,2022,75.409,A,employment_rate,Work,objective,1,core,False,pct,75.409,,,
BEL,Belgium,Employment rate,PT_POP_Y25T64,2023,75.455,A,employment_rate,Work,objective,1,core,False,pct,75.455,,,
BEL,Belgium,Employment rate,PT_POP_Y25T64,2024,75.825,A,employment_rate,Work,objective,1,core,False,pct,75.825,,,
BEL,Belgium,Employment rate,PT_POP_Y25T64,2025,76.261,A,employment_rate,Work,objective,1,core,False,pct,76.261,,,
BGR,Bulgaria,Employment rate,PT_POP_Y25T64,2010,67.435,A,employment_rate,Work,objective,1,core,False,pct,67.435,,,
BGR,Bulgaria,Employment rate,PT_POP_Y25T64,2011,65.979,A,employment_rate,Work,objective,1,core,False,pct,65.979,,,
BGR,Bulgaria,Employment rate,PT_POP_Y25T64,2012,66.114,A,employment_rate,Work,objective,1,core,False,pct,66.114,,,
BGR,Bulgaria,Employment rate,PT_POP_Y25T64,2013,66.711,A,employment_rate,Work,objective,1,core,False,pct,66.711,,,
BGR,Bulgaria,Employment rate,PT_POP_Y25T64,2014,68.351,A,employment_rate,Work,objective,1,core,False,pct,68.351,,,
BGR,Bulgaria,Employment rate,PT_POP_Y25T64,2015,70.362,A,employment_rate,Work,objective,1,core,False,pct,70.362,,,
BGR,Bulgaria,Employment rate,PT_POP_Y25T64,2016,70.801,A,employment_rate,Work,objective,1,core,False,pct,70.801,,,
BGR,Bulgaria,Employment rate,PT_POP_Y25T64,2017,74.117,A,employment_rate,Work,objective,1,core,False,pct,74.117,,,
BGR,Bulgaria,Employment rate,PT_POP_Y25T64,2018,75.328,A,employment_rate,Work,objective,1,core,False,pct,75.328,,,
BGR,Bulgaria,Employment rate,PT_POP_Y25T64,2019,77.678,A,employment_rate,Work,objective,1,core,False,pct,77.678,,,
BGR,Bulgaria,Employment rate,PT_POP_Y25T64,2020,76.382,A,employment_rate,Work,objective,1,core,False,pct,76.382,,,
BGR,Bulgaria,Employment rate,PT_POP_Y25T64,2021,76.493,A,employment_rate,Work,objective,1,core,False,pct,76.493,,,
BGR,Bulgaria,Employment rate,PT_POP_Y25T64,2022,78.859,A,employment_rate,Work,objective,1,core,False,pct,78.859,,,
BGR,Bulgaria,Employment rate,PT_POP_Y25T64,2023,79.434,A,employment_rate,Work,objective,1,core,False,pct,79.434,,,
BGR,Bulgaria,Employment rate,PT_POP_Y25T64,2024,80.314,A,employment_rate,Work,objective,1,core,False,pct,80.314,,,
BGR,Bulgaria,Employment rate,PT_POP_Y25T64,2025,80.736,A,employment_rate,Work,objective,1,core,False,pct,80.736,,,
BRA,Brazil,Employment rate,PT_POP_Y25T64,2011,72.382,A,employment_rate,Work,objective,1,core,False,pct,72.382,,,
BRA,Brazil,Employment rate,PT_POP_Y25T64,2012,68.974,A,employment_rate,Work,objective,1,core,False,pct,68.974,,,
BRA,Brazil,Employment rate,PT_POP_Y25T64,2013,69.582,A,employment_rate,Work,objective,1,core,False,pct,69.582,,,
BRA,Brazil,Employment rate,PT_POP_Y25T64,2014,69.697,A,employment_rate,Work,objective,1,core,False,pct,69.697,,,
BRA,Brazil,Employment rate,PT_POP_Y25T64,2015,69.199,A,employment_rate,Work,objective,1,core,False,pct,69.199,,,
BRA,Brazil,Employment rate,PT_POP_Y25T64,2016,68.913,A,employment_rate,Work,objective,1,core,False,pct,68.913,,,
BRA,Brazil,Employment rate,PT_POP_Y25T64,2017,68.046,A,employment_rate,Work,objective,1,core,False,pct,68.046,,,
BRA,Brazil,Employment rate,PT_POP_Y25T64,2018,68.545,A,employment_rate,Work,objective,1,core,False,pct,68.545,,,
BRA,Brazil,Employment rate,PT_POP_Y25T64,2019,69.237,A,employment_rate,Work,objective,1,core,False,pct,69.237,,,
BRA,Brazil,Employment rate,PT_POP_Y25T64,2020,63.815,A,employment_rate,Work,objective,1,core,False,pct,63.815,,,
BRA,Brazil,Employment rate,PT_POP_Y25T64,2021,65.033,A,employment_rate,Work,objective,1,core,False,pct,65.033,,,
BRA,Brazil,Employment rate,PT_POP_Y25T64,2022,68.937,A,employment_rate,Work,objective,1,core,False,pct,68.937,,,
BRA,Brazil,Employment rate,PT_POP_Y25T64,2023,70.692,A,employment_rate,Work,objective,1,core,False,pct,70.692,,,
BRA,Brazil,Employment rate,PT_POP_Y25T64,2024,71.813,A,employment_rate,Work,objective,1,core,False,pct,71.813,,,
CAN,Canada,Employment rate,PT_POP_Y25T64,2010,75.252,A,employment_rate,Work,objective,1,core,False,pct,75.252,,,
CAN,Canada,Employment rate,PT_POP_Y25T64,2011,75.559,A,employment_rate,Work,objective,1,core,False,pct,75.559,,,
CAN,Canada,Employment rate,PT_POP_Y25T64,2012,76.015,A,employment_rate,Work,objective,1,core,False,pct,76.015,,,
CAN,Canada,Employment rate,PT_POP_Y25T64,2013,76.326,A,employment_rate,Work,objective,1,core,False,pct,76.326,,,
CAN,Canada,Employment rate,PT_POP_Y25T64,2014,76.009,A,employment_rate,Work,objective,1,core,False,pct,76.009,,,
CAN,Canada,Employment rate,PT_POP_Y25T64,2015,76.137,A,employment_rate,Work,objective,1,core,False,pct,76.137,,,
CAN,Canada,Employment rate,PT_POP_Y25T64,2016,76.117,A,employment_rate,Work,objective,1,core,False,pct,76.117,,,
CAN,Canada,Employment rate,PT_POP_Y25T64,2017,76.925,A,employment_rate,Work,objective,1,core,False,pct,76.925,,,
CAN,Canada,Employment rate,PT_POP_Y25T64,2018,77.568,A,employment_rate,Work,objective,1,core,False,pct,77.568,,,
CAN,Canada,Employment rate,PT_POP_Y25T64,2019,78.088,A,employment_rate,Work,objective,1,core,False,pct,78.088,,,
CAN,Canada,Employment rate,PT_POP_Y25T64,2020,74.613,A,employment_rate,Work,objective,1,core,False,pct,74.613,,,
CAN,Canada,Employment rate,PT_POP_Y25T64,2021,77.408,A,employment_rate,Work,objective,1,core,False,pct,77.408,,,
CAN,Canada,Employment rate,PT_POP_Y25T64,2022,79.252,A,employment_rate,Work,objective,1,core,False,pct,79.252,,,
CAN,Canada,Employment rate,PT_POP_Y25T64,2023,79.814,A,employment_rate,Work,objective,1,core,False,pct,79.814,,,
CAN,Canada,Employment rate,PT_POP_Y25T64,2024,79.198,A,employment_rate,Work,objective,1,core,False,pct,79.198,,,
CAN,Canada,Employment rate,PT_POP_Y25T64,2025,78.799,A,employment_rate,Work,objective,1,core,False,pct,78.799,,,
CHE,Switzerland,Employment rate,PT_POP_Y25T64,2010,80.43,A,employment_rate,Work,objective,1,core,False,pct,80.43,,,
CHE,Switzerland,Employment rate,PT_POP_Y25T64,2011,81.525,A,employment_rate,Work,objective,1,core,False,pct,81.525,,,
CHE,Switzerland,Employment rate,PT_POP_Y25T64,2012,81.96,A,employment_rate,Work,objective,1,core,False,pct,81.96,,,
CHE,Switzerland,Employment rate,PT_POP_Y25T64,2013,81.761,A,employment_rate,Work,objective,1,core,False,pct,81.761,,,
CHE,Switzerland,Employment rate,PT_POP_Y25T64,2014,82.172,A,employment_rate,Work,objective,1,core,False,pct,82.172,,,
CHE,Switzerland,Employment rate,PT_POP_Y25T64,2015,82.741,A,employment_rate,Work,objective,1,core,False,pct,82.741,,,
CHE,Switzerland,Employment rate,PT_POP_Y25T64,2016,82.996,A,employment_rate,Work,objective,1,core,False,pct,82.996,,,
CHE,Switzerland,Employment rate,PT_POP_Y25T64,2017,83.008,A,employment_rate,Work,objective,1,core,False,pct,83.008,,,
CHE,Switzerland,Employment rate,PT_POP_Y25T64,2018,83.431,A,employment_rate,Work,objective,1,core,False,pct,83.431,,,
CHE,Switzerland,Employment rate,PT_POP_Y25T64,2019,84.102,A,employment_rate,Work,objective,1,core,False,pct,84.102,,,
CHE,Switzerland,Employment rate,PT_POP_Y25T64,2020,83.734,A,employment_rate,Work,objective,1,core,False,pct,83.734,,,
CHE,Switzerland,Employment rate,PT_POP_Y25T64,2021,83.11,A,employment_rate,Work,objective,1,core,False,pct,83.11,,,
CHE,Switzerland,Employment rate,PT_POP_Y25T64,2022,83.447,A,employment_rate,Work,objective,1,core,False,pct,83.447,,,
CHE,Switzerland,Employment rate,PT_POP_Y25T64,2023,84.134,A,employment_rate,Work,objective,1,core,False,pct,84.134,,,
CHE,Switzerland,Employment rate,PT_POP_Y25T64,2024,84.012,A,employment_rate,Work,objective,1,core,False,pct,84.012,,,
CHE,Switzerland,Employment rate,PT_POP_Y25T64,2025,83.555,A,employment_rate,Work,objective,1,core,False,pct,83.555,,,
CHL,Chile,Employment rate,PT_POP_Y25T64,2010,69.816,A,employment_rate,Work,objective,1,core,False,pct,69.816,,,
CHL,Chile,Employment rate,PT_POP_Y25T64,2011,71.835,A,employment_rate,Work,objective,1,core,False,pct,71.835,,,
CHL,Chile,Employment rate,PT_POP_Y25T64,2012,72.703,A,employment_rate,Work,objective,1,core,False,pct,72.703,,,
CHL,Chile,Employment rate,PT_POP_Y25T64,2013,73.338,A,employment_rate,Work,objective,1,core,False,pct,73.338,,,
CHL,Chile,Employment rate,PT_POP_Y25T64,2014,73.121,A,employment_rate,Work,objective,1,core,False,pct,73.121,,,
CHL,Chile,Employment rate,PT_POP_Y25T64,2015,73.182,A,employment_rate,Work,objective,1,core,False,pct,73.182,,,
CHL,Chile,Employment rate,PT_POP_Y25T64,2016,72.919,A,employment_rate,Work,objective,1,core,False,pct,72.919,,,
CHL,Chile,Employment rate,PT_POP_Y25T64,2017,73.529,A,employment_rate,Work,objective,1,core,False,pct,73.529,,,
CHL,Chile,Employment rate,PT_POP_Y25T64,2018,73.729,A,employment_rate,Work,objective,1,core,False,pct,73.729,,,
CHL,Chile,Employment rate,PT_POP_Y25T64,2019,73.925,A,employment_rate,Work,objective,1,core,False,pct,73.925,,,
CHL,Chile,Employment rate,PT_POP_Y25T64,2020,65.217,A,employment_rate,Work,objective,1,core,False,pct,65.217,,,
CHL,Chile,Employment rate,PT_POP_Y25T64,2021,67.673,A,employment_rate,Work,objective,1,core,False,pct,67.673,,,
CHL,Chile,Employment rate,PT_POP_Y25T64,2022,70.97,A,employment_rate,Work,objective,1,core,False,pct,70.97,,,
CHL,Chile,Employment rate,PT_POP_Y25T64,2023,72.13,A,employment_rate,Work,objective,1,core,False,pct,72.13,,,
CHL,Chile,Employment rate,PT_POP_Y25T64,2024,73.484,A,employment_rate,Work,objective,1,core,False,pct,73.484,,,
CHL,Chile,Employment rate,PT_POP_Y25T64,2025,73.86,A,employment_rate,Work,objective,1,core,False,pct,73.86,,,
COL,Colombia,Employment rate,PT_POP_Y25T64,2010,72.041,A,employment_rate,Work,objective,1,core,False,pct,72.041,,,
COL,Colombia,Employment rate,PT_POP_Y25T64,2011,73.044,A,employment_rate,Work,objective,1,core,False,pct,73.044,,,
COL,Colombia,Employment rate,PT_POP_Y25T64,2012,73.695,A,employment_rate,Work,objective,1,core,False,pct,73.695,,,
COL,Colombia,Employment rate,PT_POP_Y25T64,2013,73.682,A,employment_rate,Work,objective,1,core,False,pct,73.682,,,
COL,Colombia,Employment rate,PT_POP_Y25T64,2014,73.949,A,employment_rate,Work,objective,1,core,False,pct,73.949,,,
COL,Colombia,Employment rate,PT_POP_Y25T64,2015,74.227,A,employment_rate,Work,objective,1,core,False,pct,74.227,,,
COL,Colombia,Employment rate,PT_POP_Y25T64,2016,73.819,A,employment_rate,Work,objective,1,core,False,pct,73.819,,,
COL,Colombia,Employment rate,PT_POP_Y25T64,2017,73.417,A,employment_rate,Work,objective,1,core,False,pct,73.417,,,
COL,Colombia,Employment rate,PT_POP_Y25T64,2018,72.736,A,employment_rate,Work,objective,1,core,False,pct,72.736,,,
COL,Colombia,Employment rate,PT_POP_Y25T64,2019,71.401,A,employment_rate,Work,objective,1,core,False,pct,71.401,,,
COL,Colombia,Employment rate,PT_POP_Y25T64,2020,63.133,A,employment_rate,Work,objective,1,core,False,pct,63.133,,,
COL,Colombia,Employment rate,PT_POP_Y25T64,2021,66.015,A,employment_rate,Work,objective,1,core,False,pct,66.015,,,
COL,Colombia,Employment rate,PT_POP_Y25T64,2022,69.93,A,employment_rate,Work,objective,1,core,False,pct,69.93,,,
COL,Colombia,Employment rate,PT_POP_Y25T64,2023,71.243,A,employment_rate,Work,objective,1,core,False,pct,71.243,,,
COL,Colombia,Employment rate,PT_POP_Y25T64,2024,71.196,A,employment_rate,Work,objective,1,core,False,pct,71.196,,,
COL,Colombia,Employment rate,PT_POP_Y25T64,2025,72.655,A,employment_rate,Work,objective,1,core,False,pct,72.655,,,
CRI,Costa Rica,Employment rate,PT_POP_Y25T64,2010,69.743,A,employment_rate,Work,objective,1,core,False,pct,69.743,,,
CRI,Costa Rica,Employment rate,PT_POP_Y25T64,2011,67.317,A,employment_rate,Work,objective,1,core,False,pct,67.317,,,
CRI,Costa Rica,Employment rate,PT_POP_Y25T64,2012,70.689,A,employment_rate,Work,objective,1,core,False,pct,70.689,,,
CRI,Costa Rica,Employment rate,PT_POP_Y25T64,2013,70.778,A,employment_rate,Work,objective,1,core,False,pct,70.778,,,
CRI,Costa Rica,Employment rate,PT_POP_Y25T64,2014,70.719,A,employment_rate,Work,objective,1,core,False,pct,70.719,,,
CRI,Costa Rica,Employment rate,PT_POP_Y25T64,2015,69.536,A,employment_rate,Work,objective,1,core,False,pct,69.536,,,
CRI,Costa Rica,Employment rate,PT_POP_Y25T64,2016,67.635,A,employment_rate,Work,objective,1,core,False,pct,67.635,,,
CRI,Costa Rica,Employment rate,PT_POP_Y25T64,2017,68.622,A,employment_rate,Work,objective,1,core,False,pct,68.622,,,
CRI,Costa Rica,Employment rate,PT_POP_Y25T64,2018,69.654,A,employment_rate,Work,objective,1,core,False,pct,69.654,,,
CRI,Costa Rica,Employment rate,PT_POP_Y25T64,2019,71.058,A,employment_rate,Work,objective,1,core,False,pct,71.058,,,
CRI,Costa Rica,Employment rate,PT_POP_Y25T64,2020,63.409,A,employment_rate,Work,objective,1,core,False,pct,63.409,,,
CRI,Costa Rica,Employment rate,PT_POP_Y25T64,2021,66.128,A,employment_rate,Work,objective,1,core,False,pct,66.128,,,
CRI,Costa Rica,Employment rate,PT_POP_Y25T64,2022,69.056,A,employment_rate,Work,objective,1,core,False,pct,69.056,,,
CRI,Costa Rica,Employment rate,PT_POP_Y25T64,2023,67.228,A,employment_rate,Work,objective,1,core,False,pct,67.228,,,
CRI,Costa Rica,Employment rate,PT_POP_Y25T64,2024,69.028,A,employment_rate,Work,objective,1,core,False,pct,69.028,,,
CRI,Costa Rica,Employment rate,PT_POP_Y25T64,2025,69.437,A,employment_rate,Work,objective,1,core,False,pct,69.437,,,
CZE,Czechia,Employment rate,PT_POP_Y25T64,2010,73.452,A,employment_rate,Work,objective,1,core,False,pct,73.452,,,
CZE,Czechia,Employment rate,PT_POP_Y25T64,2011,74.171,A,employment_rate,Work,objective,1,core,False,pct,74.171,,,
CZE,Czechia,Employment rate,PT_POP_Y25T64,2012,74.718,A,employment_rate,Work,objective,1,core,False,pct,74.718,,,
CZE,Czechia,Employment rate,PT_POP_Y25T64,2013,75.801,A,employment_rate,Work,objective,1,core,False,pct,75.801,,,
CZE,Czechia,Employment rate,PT_POP_Y25T64,2014,76.71,A,employment_rate,Work,objective,1,core,False,pct,76.71,,,
CZE,Czechia,Employment rate,PT_POP_Y25T64,2015,77.72,A,employment_rate,Work,objective,1,core,False,pct,77.72,,,
CZE,Czechia,Employment rate,PT_POP_Y25T64,2016,79.505,A,employment_rate,Work,objective,1,core,False,pct,79.505,,,
CZE,Czechia,Employment rate,PT_POP_Y25T64,2017,81.165,A,employment_rate,Work,objective,1,core,False,pct,81.165,,,
CZE,Czechia,Employment rate,PT_POP_Y25T64,2018,82.506,A,employment_rate,Work,objective,1,core,False,pct,82.506,,,
CZE,Czechia,Employment rate,PT_POP_Y25T64,2019,82.835,A,employment_rate,Work,objective,1,core,False,pct,82.835,,,
CZE,Czechia,Employment rate,PT_POP_Y25T64,2020,82.472,A,employment_rate,Work,objective,1,core,False,pct,82.472,,,
CZE,Czechia,Employment rate,PT_POP_Y25T64,2021,82.702,A,employment_rate,Work,objective,1,core,False,pct,82.702,,,
CZE,Czechia,Employment rate,PT_POP_Y25T64,2022,84.156,A,employment_rate,Work,objective,1,core,False,pct,84.156,,,
CZE,Czechia,Employment rate,PT_POP_Y25T64,2023,84.788,A,employment_rate,Work,objective,1,core,False,pct,84.788,,,
CZE,Czechia,Employment rate,PT_POP_Y25T64,2024,85.497,A,employment_rate,Work,objective,1,core,False,pct,85.497,,,
CZE,Czechia,Employment rate,PT_POP_Y25T64,2025,86.176,A,employment_rate,Work,objective,1,core,False,pct,86.176,,,
DEU,Germany,Employment rate,PT_POP_Y25T64,2010,76.15,A,employment_rate,Work,objective,1,core,False,pct,76.15,,,
DEU,Germany,Employment rate,PT_POP_Y25T64,2011,77.674,A,employment_rate,Work,objective,1,core,False,pct,77.674,,,
DEU,Germany,Employment rate,PT_POP_Y25T64,2012,78.202,A,employment_rate,Work,objective,1,core,False,pct,78.202,,,
DEU,Germany,Employment rate,PT_POP_Y25T64,2013,78.649,A,employment_rate,Work,objective,1,core,False,pct,78.649,,,
DEU,Germany,Employment rate,PT_POP_Y25T64,2014,79.097,A,employment_rate,Work,objective,1,core,False,pct,79.097,,,
DEU,Germany,Employment rate,PT_POP_Y25T64,2015,79.362,A,employment_rate,Work,objective,1,core,False,pct,79.362,,,
DEU,Germany,Employment rate,PT_POP_Y25T64,2016,80.081,A,employment_rate,Work,objective,1,core,False,pct,80.081,,,
DEU,Germany,Employment rate,PT_POP_Y25T64,2017,80.64,A,employment_rate,Work,objective,1,core,False,pct,80.64,,,
DEU,Germany,Employment rate,PT_POP_Y25T64,2018,81.303,A,employment_rate,Work,objective,1,core,False,pct,81.303,,,
DEU,Germany,Employment rate,PT_POP_Y25T64,2019,81.953,A,employment_rate,Work,objective,1,core,False,pct,81.953,,,
DEU,Germany,Employment rate,PT_POP_Y25T64,2020,80.504,A,employment_rate,Work,objective,1,core,False,pct,80.504,,,
DEU,Germany,Employment rate,PT_POP_Y25T64,2021,80.818,A,employment_rate,Work,objective,1,core,False,pct,80.818,,,
DEU,Germany,Employment rate,PT_POP_Y25T64,2022,81.818,A,employment_rate,Work,objective,1,core,False,pct,81.818,,,
DEU,Germany,Employment rate,PT_POP_Y25T64,2023,82.143,A,employment_rate,Work,objective,1,core,False,pct,82.143,,,
DEU,Germany,Employment rate,PT_POP_Y25T64,2024,82.339,A,employment_rate,Work,objective,1,core,False,pct,82.339,,,
DEU,Germany,Employment rate,PT_POP_Y25T64,2025,82.108,A,employment_rate,Work,objective,1,core,False,pct,82.108,,,
DNK,Denmark,Employment rate,PT_POP_Y25T64,2010,76.004,A,employment_rate,Work,objective,1,core,False,pct,76.004,,,
DNK,Denmark,Employment rate,PT_POP_Y25T64,2011,76.067,A,employment_rate,Work,objective,1,core,False,pct,76.067,,,
DNK,Denmark,Employment rate,PT_POP_Y25T64,2012,75.871,A,employment_rate,Work,objective,1,core,False,pct,75.871,,,
DNK,Denmark,Employment rate,PT_POP_Y25T64,2013,76.044,A,employment_rate,Work,objective,1,core,False,pct,76.044,,,
DNK,Denmark,Employment rate,PT_POP_Y25T64,2014,76.387,A,employment_rate,Work,objective,1,core,False,pct,76.387,,,
DNK,Denmark,Employment rate,PT_POP_Y25T64,2015,77.234,A,employment_rate,Work,objective,1,core,False,pct,77.234,,,
DNK,Denmark,Employment rate,PT_POP_Y25T64,2016,77.916,A,employment_rate,Work,objective,1,core,False,pct,77.916,,,
DNK,Denmark,Employment rate,PT_POP_Y25T64,2017,78.342,A,employment_rate,Work,objective,1,core,False,pct,78.342,,,
DNK,Denmark,Employment rate,PT_POP_Y25T64,2018,79.335,A,employment_rate,Work,objective,1,core,False,pct,79.335,,,
DNK,Denmark,Employment rate,PT_POP_Y25T64,2019,80.068,A,employment_rate,Work,objective,1,core,False,pct,80.068,,,
DNK,Denmark,Employment rate,PT_POP_Y25T64,2020,79.543,A,employment_rate,Work,objective,1,core,False,pct,79.543,,,
DNK,Denmark,Employment rate,PT_POP_Y25T64,2021,80.741,A,employment_rate,Work,objective,1,core,False,pct,80.741,,,
DNK,Denmark,Employment rate,PT_POP_Y25T64,2022,82.0,A,employment_rate,Work,objective,1,core,False,pct,82.0,,,
DNK,Denmark,Employment rate,PT_POP_Y25T64,2023,81.458,A,employment_rate,Work,objective,1,core,False,pct,81.458,,,
DNK,Denmark,Employment rate,PT_POP_Y25T64,2024,81.527,A,employment_rate,Work,objective,1,core,False,pct,81.527,,,
DNK,Denmark,Employment rate,PT_POP_Y25T64,2025,80.943,A,employment_rate,Work,objective,1,core,False,pct,80.943,,,
ESP,Spain,Employment rate,PT_POP_Y25T64,2010,64.986,A,employment_rate,Work,objective,1,core,False,pct,64.986,,,
ESP,Spain,Employment rate,PT_POP_Y25T64,2011,64.372,A,employment_rate,Work,objective,1,core,False,pct,64.372,,,
ESP,Spain,Employment rate,PT_POP_Y25T64,2012,62.231,A,employment_rate,Work,objective,1,core,False,pct,62.231,,,
ESP,Spain,Employment rate,PT_POP_Y25T64,2013,61.31,A,employment_rate,Work,objective,1,core,False,pct,61.31,,,
ESP,Spain,Employment rate,PT_POP_Y25T64,2014,62.661,A,employment_rate,Work,objective,1,core,False,pct,62.661,,,
ESP,Spain,Employment rate,PT_POP_Y25T64,2015,64.642,A,employment_rate,Work,objective,1,core,False,pct,64.642,,,
ESP,Spain,Employment rate,PT_POP_Y25T64,2016,66.604,A,employment_rate,Work,objective,1,core,False,pct,66.604,,,
ESP,Spain,Employment rate,PT_POP_Y25T64,2017,68.097,A,employment_rate,Work,objective,1,core,False,pct,68.097,,,
ESP,Spain,Employment rate,PT_POP_Y25T64,2018,69.522,A,employment_rate,Work,objective,1,core,False,pct,69.522,,,
ESP,Spain,Employment rate,PT_POP_Y25T64,2019,70.609,A,employment_rate,Work,objective,1,core,False,pct,70.609,,,
ESP,Spain,Employment rate,PT_POP_Y25T64,2020,68.663,A,employment_rate,Work,objective,1,core,False,pct,68.663,,,
ESP,Spain,Employment rate,PT_POP_Y25T64,2021,70.294,A,employment_rate,Work,objective,1,core,False,pct,70.294,,,
ESP,Spain,Employment rate,PT_POP_Y25T64,2022,72.001,A,employment_rate,Work,objective,1,core,False,pct,72.001,,,
ESP,Spain,Employment rate,PT_POP_Y25T64,2023,73.338,A,employment_rate,Work,objective,1,core,False,pct,73.338,,,
ESP,Spain,Employment rate,PT_POP_Y25T64,2024,74.174,A,employment_rate,Work,objective,1,core,False,pct,74.174,,,
ESP,Spain,Employment rate,PT_POP_Y25T64,2025,75.253,A,employment_rate,Work,objective,1,core,False,pct,75.253,,,
EST,Estonia,Employment rate,PT_POP_Y25T64,2010,70.028,A,employment_rate,Work,objective,1,core,False,pct,70.028,,,
EST,Estonia,Employment rate,PT_POP_Y25T64,2011,73.381,A,employment_rate,Work,objective,1,core,False,pct,73.381,,,
EST,Estonia,Employment rate,PT_POP_Y25T64,2012,74.902,A,employment_rate,Work,objective,1,core,False,pct,74.902,,,
EST,Estonia,Employment rate,PT_POP_Y25T64,2013,76.102,A,employment_rate,Work,objective,1,core,False,pct,76.102,,,
EST,Estonia,Employment rate,PT_POP_Y25T64,2014,76.738,A,employment_rate,Work,objective,1,core,False,pct,76.738,,,
EST,Estonia,Employment rate,PT_POP_Y25T64,2015,78.445,A,employment_rate,Work,objective,1,core,False,pct,78.445,,,
EST,Estonia,Employment rate,PT_POP_Y25T64,2016,78.238,A,employment_rate,Work,objective,1,core,False,pct,78.238,,,
EST,Estonia,Employment rate,PT_POP_Y25T64,2017,79.987,A,employment_rate,Work,objective,1,core,False,pct,79.987,,,
EST,Estonia,Employment rate,PT_POP_Y25T64,2018,80.425,A,employment_rate,Work,objective,1,core,False,pct,80.425,,,
EST,Estonia,Employment rate,PT_POP_Y25T64,2019,81.285,A,employment_rate,Work,objective,1,core,False,pct,81.285,,,
EST,Estonia,Employment rate,PT_POP_Y25T64,2020,80.708,A,employment_rate,Work,objective,1,core,False,pct,80.708,,,
EST,Estonia,Employment rate,PT_POP_Y25T64,2021,80.998,A,employment_rate,Work,objective,1,core,False,pct,80.998,,,
EST,Estonia,Employment rate,PT_POP_Y25T64,2022,83.451,A,employment_rate,Work,objective,1,core,False,pct,83.451,,,
EST,Estonia,Employment rate,PT_POP_Y25T64,2023,83.59,A,employment_rate,Work,objective,1,core,False,pct,83.59,,,
EST,Estonia,Employment rate,PT_POP_Y25T64,2024,83.415,A,employment_rate,Work,objective,1,core,False,pct,83.415,,,
EST,Estonia,Employment rate,PT_POP_Y25T64,2025,83.567,A,employment_rate,Work,objective,1,core,False,pct,83.567,,,
FIN,Finland,Employment rate,PT_POP_Y25T64,2010,74.62,A,employment_rate,Work,objective,1,core,False,pct,74.62,,,
FIN,Finland,Employment rate,PT_POP_Y25T64,2011,75.373,A,employment_rate,Work,objective,1,core,False,pct,75.373,,,
FIN,Finland,Employment rate,PT_POP_Y25T64,2012,75.585,A,employment_rate,Work,objective,1,core,False,pct,75.585,,,
FIN,Finland,Employment rate,PT_POP_Y25T64,2013,75.035,A,employment_rate,Work,objective,1,core,False,pct,75.035,,,
FIN,Finland,Employment rate,PT_POP_Y25T64,2014,74.824,A,employment_rate,Work,objective,1,core,False,pct,74.824,,,
FIN,Finland,Employment rate,PT_POP_Y25T64,2015,74.718,A,employment_rate,Work,objective,1,core,False,pct,74.718,,,
FIN,Finland,Employment rate,PT_POP_Y25T64,2016,75.081,A,employment_rate,Work,objective,1,core,False,pct,75.081,,,
FIN,Finland,Employment rate,PT_POP_Y25T64,2017,75.912,A,employment_rate,Work,objective,1,core,False,pct,75.912,,,
FIN,Finland,Employment rate,PT_POP_Y25T64,2018,78.045,A,employment_rate,Work,objective,1,core,False,pct,78.045,,,
FIN,Finland,Employment rate,PT_POP_Y25T64,2019,78.936,A,employment_rate,Work,objective,1,core,False,pct,78.936,,,
FIN,Finland,Employment rate,PT_POP_Y25T64,2020,78.556,A,employment_rate,Work,objective,1,core,False,pct,78.556,,,
FIN,Finland,Employment rate,PT_POP_Y25T64,2021,78.719,A,employment_rate,Work,objective,1,core,False,pct,78.719,,,
FIN,Finland,Employment rate,PT_POP_Y25T64,2022,80.183,A,employment_rate,Work,objective,1,core,False,pct,80.183,,,
FIN,Finland,Employment rate,PT_POP_Y25T64,2023,79.988,A,employment_rate,Work,objective,1,core,False,pct,79.988,,,
FIN,Finland,Employment rate,PT_POP_Y25T64,2024,78.827,A,employment_rate,Work,objective,1,core,False,pct,78.827,,,
FIN,Finland,Employment rate,PT_POP_Y25T64,2025,78.312,A,employment_rate,Work,objective,1,core,False,pct,78.312,,,
FRA,France,Employment rate,PT_POP_Y25T64,2010,71.248,A,employment_rate,Work,objective,1,core,False,pct,71.248,,,
FRA,France,Employment rate,PT_POP_Y25T64,2011,71.171,A,employment_rate,Work,objective,1,core,False,pct,71.171,,,
FRA,France,Employment rate,PT_POP_Y25T64,2012,71.513,A,employment_rate,Work,objective,1,core,False,pct,71.513,,,
FRA,France,Employment rate,PT_POP_Y25T64,2013,71.546,A,employment_rate,Work,objective,1,core,False,pct,71.546,,,
FRA,France,Employment rate,PT_POP_Y25T64,2014,71.737,A,employment_rate,Work,objective,1,core,False,pct,71.737,,,
FRA,France,Employment rate,PT_POP_Y25T64,2015,71.844,A,employment_rate,Work,objective,1,core,False,pct,71.844,,,
FRA,France,Employment rate,PT_POP_Y25T64,2016,72.328,A,employment_rate,Work,objective,1,core,False,pct,72.328,,,
FRA,France,Employment rate,PT_POP_Y25T64,2017,72.878,A,employment_rate,Work,objective,1,core,False,pct,72.878,,,
FRA,France,Employment rate,PT_POP_Y25T64,2018,73.473,A,employment_rate,Work,objective,1,core,False,pct,73.473,,,
FRA,France,Employment rate,PT_POP_Y25T64,2019,73.852,A,employment_rate,Work,objective,1,core,False,pct,73.852,,,
FRA,France,Employment rate,PT_POP_Y25T64,2020,73.915,A,employment_rate,Work,objective,1,core,False,pct,73.915,,,
FRA,France,Employment rate,PT_POP_Y25T64,2021,75.389,A,employment_rate,Work,objective,1,core,False,pct,75.389,,,
FRA,France,Employment rate,PT_POP_Y25T64,2022,76.045,A,employment_rate,Work,objective,1,core,False,pct,76.045,,,
FRA,France,Employment rate,PT_POP_Y25T64,2023,76.38,A,employment_rate,Work,objective,1,core,False,pct,76.38,,,
FRA,France,Employment rate,PT_POP_Y25T64,2024,77.161,A,employment_rate,Work,objective,1,core,False,pct,77.161,,,
FRA,France,Employment rate,PT_POP_Y25T64,2025,77.65,A,employment_rate,Work,objective,1,core,False,pct,77.65,,,
GBR,United Kingdom,Employment rate,PT_POP_Y25T64,2010,74.53,A,employment_rate,Work,objective,1,core,False,pct,74.53,,,
GBR,United Kingdom,Employment rate,PT_POP_Y25T64,2011,74.399,A,employment_rate,Work,objective,1,core,False,pct,74.399,,,
GBR,United Kingdom,Employment rate,PT_POP_Y25T64,2012,75.171,A,employment_rate,Work,objective,1,core,False,pct,75.171,,,
GBR,United Kingdom,Employment rate,PT_POP_Y25T64,2013,75.942,A,employment_rate,Work,objective,1,core,False,pct,75.942,,,
GBR,United Kingdom,Employment rate,PT_POP_Y25T64,2014,76.998,A,employment_rate,Work,objective,1,core,False,pct,76.998,,,
GBR,United Kingdom,Employment rate,PT_POP_Y25T64,2015,77.761,A,employment_rate,Work,objective,1,core,False,pct,77.761,,,
GBR,United Kingdom,Employment rate,PT_POP_Y25T64,2016,78.184,A,employment_rate,Work,objective,1,core,False,pct,78.184,,,
GBR,United Kingdom,Employment rate,PT_POP_Y25T64,2017,79.037,A,employment_rate,Work,objective,1,core,False,pct,79.037,,,
GBR,United Kingdom,Employment rate,PT_POP_Y25T64,2018,79.344,A,employment_rate,Work,objective,1,core,False,pct,79.344,,,
GBR,United Kingdom,Employment rate,PT_POP_Y25T64,2019,79.975,A,employment_rate,Work,objective,1,core,False,pct,79.975,,,
GBR,United Kingdom,Employment rate,PT_POP_Y25T64,2020,79.642,A,employment_rate,Work,objective,1,core,False,pct,79.642,,,
GBR,United Kingdom,Employment rate,PT_POP_Y25T64,2021,79.348,A,employment_rate,Work,objective,1,core,False,pct,79.348,,,
GBR,United Kingdom,Employment rate,PT_POP_Y25T64,2022,79.786,A,employment_rate,Work,objective,1,core,False,pct,79.786,,,
GBR,United Kingdom,Employment rate,PT_POP_Y25T64,2023,80.004,A,employment_rate,Work,objective,1,core,False,pct,80.004,,,
GBR,United Kingdom,Employment rate,PT_POP_Y25T64,2024,80.212,A,employment_rate,Work,objective,1,core,False,pct,80.212,,,
GBR,United Kingdom,Employment rate,PT_POP_Y25T64,2025,80.169,A,employment_rate,Work,objective,1,core,False,pct,80.169,,,
GRC,Greece,Employment rate,PT_POP_Y25T64,2010,66.604,A,employment_rate,Work,objective,1,core,False,pct,66.604,,,
GRC,Greece,Employment rate,PT_POP_Y25T64,2011,62.465,A,employment_rate,Work,objective,1,core,False,pct,62.465,,,
GRC,Greece,Employment rate,PT_POP_Y25T64,2012,57.892,A,employment_rate,Work,objective,1,core,False,pct,57.892,,,
GRC,Greece,Employment rate,PT_POP_Y25T64,2013,55.643,A,employment_rate,Work,objective,1,core,False,pct,55.643,,,
GRC,Greece,Employment rate,PT_POP_Y25T64,2014,56.045,A,employment_rate,Work,objective,1,core,False,pct,56.045,,,
GRC,Greece,Employment rate,PT_POP_Y25T64,2015,57.643,A,employment_rate,Work,objective,1,core,False,pct,57.643,,,
GRC,Greece,Employment rate,PT_POP_Y25T64,2016,59.101,A,employment_rate,Work,objective,1,core,False,pct,59.101,,,
GRC,Greece,Employment rate,PT_POP_Y25T64,2017,60.553,A,employment_rate,Work,objective,1,core,False,pct,60.553,,,
GRC,Greece,Employment rate,PT_POP_Y25T64,2018,62.287,A,employment_rate,Work,objective,1,core,False,pct,62.287,,,
GRC,Greece,Employment rate,PT_POP_Y25T64,2019,64.1,A,employment_rate,Work,objective,1,core,False,pct,64.1,,,
GRC,Greece,Employment rate,PT_POP_Y25T64,2020,64.043,A,employment_rate,Work,objective,1,core,False,pct,64.043,,,
GRC,Greece,Employment rate,PT_POP_Y25T64,2021,65.389,A,employment_rate,Work,objective,1,core,False,pct,65.389,,,
GRC,Greece,Employment rate,PT_POP_Y25T64,2022,69.069,A,employment_rate,Work,objective,1,core,False,pct,69.069,,,
GRC,Greece,Employment rate,PT_POP_Y25T64,2023,70.04,A,employment_rate,Work,objective,1,core,False,pct,70.04,,,
GRC,Greece,Employment rate,PT_POP_Y25T64,2024,71.98,A,employment_rate,Work,objective,1,core,False,pct,71.98,,,
GRC,Greece,Employment rate,PT_POP_Y25T64,2025,73.475,A,employment_rate,Work,objective,1,core,False,pct,73.475,,,
HRV,Croatia,Employment rate,PT_POP_Y25T64,2010,64.487,A,employment_rate,Work,objective,1,core,False,pct,64.487,,,
HRV,Croatia,Employment rate,PT_POP_Y25T64,2011,62.868,A,employment_rate,Work,objective,1,core,False,pct,62.868,,,
HRV,Croatia,Employment rate,PT_POP_Y25T64,2012,61.133,A,employment_rate,Work,objective,1,core,False,pct,61.133,,,
HRV,Croatia,Employment rate,PT_POP_Y25T64,2013,60.514,A,employment_rate,Work,objective,1,core,False,pct,60.514,,,
HRV,Croatia,Employment rate,PT_POP_Y25T64,2014,62.139,A,employment_rate,Work,objective,1,core,False,pct,62.139,,,
HRV,Croatia,Employment rate,PT_POP_Y25T64,2015,63.5,A,employment_rate,Work,objective,1,core,False,pct,63.5,,,
HRV,Croatia,Employment rate,PT_POP_Y25T64,2016,63.194,A,employment_rate,Work,objective,1,core,False,pct,63.194,,,
HRV,Croatia,Employment rate,PT_POP_Y25T64,2017,65.346,A,employment_rate,Work,objective,1,core,False,pct,65.346,,,
HRV,Croatia,Employment rate,PT_POP_Y25T64,2018,67.369,A,employment_rate,Work,objective,1,core,False,pct,67.369,,,
HRV,Croatia,Employment rate,PT_POP_Y25T64,2019,68.655,A,employment_rate,Work,objective,1,core,False,pct,68.655,,,
HRV,Croatia,Employment rate,PT_POP_Y25T64,2020,69.24,A,employment_rate,Work,objective,1,core,False,pct,69.24,,,
HRV,Croatia,Employment rate,PT_POP_Y25T64,2021,71.169,A,employment_rate,Work,objective,1,core,False,pct,71.169,,,
HRV,Croatia,Employment rate,PT_POP_Y25T64,2022,72.457,A,employment_rate,Work,objective,1,core,False,pct,72.457,,,
HRV,Croatia,Employment rate,PT_POP_Y25T64,2023,73.538,A,employment_rate,Work,objective,1,core,False,pct,73.538,,,
HRV,Croatia,Employment rate,PT_POP_Y25T64,2024,76.467,A,employment_rate,Work,objective,1,core,False,pct,76.467,,,
HRV,Croatia,Employment rate,PT_POP_Y25T64,2025,77.412,A,employment_rate,Work,objective,1,core,False,pct,77.412,,,
HUN,Hungary,Employment rate,PT_POP_Y25T64,2010,65.298,A,employment_rate,Work,objective,1,core,False,pct,65.298,,,
HUN,Hungary,Employment rate,PT_POP_Y25T64,2011,65.901,A,employment_rate,Work,objective,1,core,False,pct,65.901,,,
HUN,Hungary,Employment rate,PT_POP_Y25T64,2012,67.033,A,employment_rate,Work,objective,1,core,False,pct,67.033,,,
HUN,Hungary,Employment rate,PT_POP_Y25T64,2013,68.384,A,employment_rate,Work,objective,1,core,False,pct,68.384,,,
HUN,Hungary,Employment rate,PT_POP_Y25T64,2014,71.78,A,employment_rate,Work,objective,1,core,False,pct,71.78,,,
HUN,Hungary,Employment rate,PT_POP_Y25T64,2015,73.891,A,employment_rate,Work,objective,1,core,False,pct,73.891,,,
HUN,Hungary,Employment rate,PT_POP_Y25T64,2016,76.435,A,employment_rate,Work,objective,1,core,False,pct,76.435,,,
HUN,Hungary,Employment rate,PT_POP_Y25T64,2017,78.031,A,employment_rate,Work,objective,1,core,False,pct,78.031,,,
HUN,Hungary,Employment rate,PT_POP_Y25T64,2018,77.012,A,employment_rate,Work,objective,1,core,False,pct,77.012,,,
HUN,Hungary,Employment rate,PT_POP_Y25T64,2019,78.07,A,employment_rate,Work,objective,1,core,False,pct,78.07,,,
HUN,Hungary,Employment rate,PT_POP_Y25T64,2020,77.695,A,employment_rate,Work,objective,1,core,False,pct,77.695,,,
HUN,Hungary,Employment rate,PT_POP_Y25T64,2021,81.647,A,employment_rate,Work,objective,1,core,False,pct,81.647,,,
HUN,Hungary,Employment rate,PT_POP_Y25T64,2022,83.192,A,employment_rate,Work,objective,1,core,False,pct,83.192,,,
HUN,Hungary,Employment rate,PT_POP_Y25T64,2023,83.815,A,employment_rate,Work,objective,1,core,False,pct,83.815,,,
HUN,Hungary,Employment rate,PT_POP_Y25T64,2024,84.158,A,employment_rate,Work,objective,1,core,False,pct,84.158,,,
HUN,Hungary,Employment rate,PT_POP_Y25T64,2025,84.33,A,employment_rate,Work,objective,1,core,False,pct,84.33,,,
IDN,Indonesia,Employment rate,PT_POP_Y25T64,2010,73.868,A,employment_rate,Work,objective,1,core,False,pct,73.868,,,
IDN,Indonesia,Employment rate,PT_POP_Y25T64,2011,74.836,A,employment_rate,Work,objective,1,core,False,pct,74.836,,,
IDN,Indonesia,Employment rate,PT_POP_Y25T64,2012,75.467,A,employment_rate,Work,objective,1,core,False,pct,75.467,,,
IDN,Indonesia,Employment rate,PT_POP_Y25T64,2013,74.979,A,employment_rate,Work,objective,1,core,False,pct,74.979,,,
IDN,Indonesia,Employment rate,PT_POP_Y25T64,2014,75.201,A,employment_rate,Work,objective,1,core,False,pct,75.201,,,
IDN,Indonesia,Employment rate,PT_POP_Y25T64,2015,74.666,A,employment_rate,Work,objective,1,core,False,pct,74.666,,,
IDN,Indonesia,Employment rate,PT_POP_Y25T64,2016,74.271,A,employment_rate,Work,objective,1,core,False,pct,74.271,,,
IDN,Indonesia,Employment rate,PT_POP_Y25T64,2017,74.743,A,employment_rate,Work,objective,1,core,False,pct,74.743,,,
IDN,Indonesia,Employment rate,PT_POP_Y25T64,2018,74.518,A,employment_rate,Work,objective,1,core,False,pct,74.518,,,
IDN,Indonesia,Employment rate,PT_POP_Y25T64,2019,74.476,A,employment_rate,Work,objective,1,core,False,pct,74.476,,,
IRL,Ireland,Employment rate,PT_POP_Y25T64,2010,66.54,A,employment_rate,Work,objective,1,core,False,pct,66.54,,,
IRL,Ireland,Employment rate,PT_POP_Y25T64,2011,65.614,A,employment_rate,Work,objective,1,core,False,pct,65.614,,,
IRL,Ireland,Employment rate,PT_POP_Y25T64,2012,65.65,A,employment_rate,Work,objective,1,core,False,pct,65.65,,,
IRL,Ireland,Employment rate,PT_POP_Y25T64,2013,67.451,A,employment_rate,Work,objective,1,core,False,pct,67.451,,,
IRL,Ireland,Employment rate,PT_POP_Y25T64,2014,69.136,A,employment_rate,Work,objective,1,core,False,pct,69.136,,,
IRL,Ireland,Employment rate,PT_POP_Y25T64,2015,70.895,A,employment_rate,Work,objective,1,core,False,pct,70.895,,,
IRL,Ireland,Employment rate,PT_POP_Y25T64,2016,72.054,A,employment_rate,Work,objective,1,core,False,pct,72.054,,,
IRL,Ireland,Employment rate,PT_POP_Y25T64,2017,74.12,A,employment_rate,Work,objective,1,core,False,pct,74.12,,,
IRL,Ireland,Employment rate,PT_POP_Y25T64,2018,75.533,A,employment_rate,Work,objective,1,core,False,pct,75.533,,,
IRL,Ireland,Employment rate,PT_POP_Y25T64,2019,76.685,A,employment_rate,Work,objective,1,core,False,pct,76.685,,,
IRL,Ireland,Employment rate,PT_POP_Y25T64,2020,75.671,A,employment_rate,Work,objective,1,core,False,pct,75.671,,,
IRL,Ireland,Employment rate,PT_POP_Y25T64,2021,76.874,A,employment_rate,Work,objective,1,core,False,pct,76.874,,,
IRL,Ireland,Employment rate,PT_POP_Y25T64,2022,80.198,A,employment_rate,Work,objective,1,core,False,pct,80.198,,,
IRL,Ireland,Employment rate,PT_POP_Y25T64,2023,81.07,A,employment_rate,Work,objective,1,core,False,pct,81.07,,,
IRL,Ireland,Employment rate,PT_POP_Y25T64,2024,81.75,A,employment_rate,Work,objective,1,core,False,pct,81.75,,,
IRL,Ireland,Employment rate,PT_POP_Y25T64,2025,82.26,A,employment_rate,Work,objective,1,core,False,pct,82.26,,,
ISL,Iceland,Employment rate,PT_POP_Y25T64,2010,81.308,A,employment_rate,Work,objective,1,core,False,pct,81.308,,,
ISL,Iceland,Employment rate,PT_POP_Y25T64,2011,81.234,A,employment_rate,Work,objective,1,core,False,pct,81.234,,,
ISL,Iceland,Employment rate,PT_POP_Y25T64,2012,81.789,A,employment_rate,Work,objective,1,core,False,pct,81.789,,,
ISL,Iceland,Employment rate,PT_POP_Y25T64,2013,82.72,A,employment_rate,Work,objective,1,core,False,pct,82.72,,,
ISL,Iceland,Employment rate,PT_POP_Y25T64,2014,83.29,A,employment_rate,Work,objective,1,core,False,pct,83.29,,,
ISL,Iceland,Employment rate,PT_POP_Y25T64,2015,85.19,A,employment_rate,Work,objective,1,core,False,pct,85.19,,,
ISL,Iceland,Employment rate,PT_POP_Y25T64,2016,86.548,A,employment_rate,Work,objective,1,core,False,pct,86.548,,,
ISL,Iceland,Employment rate,PT_POP_Y25T64,2017,85.952,A,employment_rate,Work,objective,1,core,False,pct,85.952,,,
ISL,Iceland,Employment rate,PT_POP_Y25T64,2018,84.756,A,employment_rate,Work,objective,1,core,False,pct,84.756,,,
ISL,Iceland,Employment rate,PT_POP_Y25T64,2019,84.25,A,employment_rate,Work,objective,1,core,False,pct,84.25,,,
ISL,Iceland,Employment rate,PT_POP_Y25T64,2020,81.303,A,employment_rate,Work,objective,1,core,False,pct,81.303,,,
ISL,Iceland,Employment rate,PT_POP_Y25T64,2021,82.73,A,employment_rate,Work,objective,1,core,False,pct,82.73,,,
ISL,Iceland,Employment rate,PT_POP_Y25T64,2022,85.808,A,employment_rate,Work,objective,1,core,False,pct,85.808,,,
ISL,Iceland,Employment rate,PT_POP_Y25T64,2023,86.233,A,employment_rate,Work,objective,1,core,False,pct,86.233,,,
ISL,Iceland,Employment rate,PT_POP_Y25T64,2024,87.607,A,employment_rate,Work,objective,1,core,False,pct,87.607,,,
ISL,Iceland,Employment rate,PT_POP_Y25T64,2025,86.218,A,employment_rate,Work,objective,1,core,False,pct,86.218,,,
ISR,Israel,Employment rate,PT_POP_Y25T64,2010,71.871,A,employment_rate,Work,objective,1,core,False,pct,71.871,,,
ISR,Israel,Employment rate,PT_POP_Y25T64,2011,72.861,A,employment_rate,Work,objective,1,core,False,pct,72.861,,,
ISR,Israel,Employment rate,PT_POP_Y25T64,2012,74.035,A,employment_rate,Work,objective,1,core,False,pct,74.035,,,
ISR,Israel,Employment rate,PT_POP_Y25T64,2013,74.518,A,employment_rate,Work,objective,1,core,False,pct,74.518,,,
ISR,Israel,Employment rate,PT_POP_Y25T64,2014,75.525,A,employment_rate,Work,objective,1,core,False,pct,75.525,,,
ISR,Israel,Employment rate,PT_POP_Y25T64,2015,76.2,A,employment_rate,Work,objective,1,core,False,pct,76.2,,,
ISR,Israel,Employment rate,PT_POP_Y25T64,2016,76.61,A,employment_rate,Work,objective,1,core,False,pct,76.61,,,
ISR,Israel,Employment rate,PT_POP_Y25T64,2017,77.066,A,employment_rate,Work,objective,1,core,False,pct,77.066,,,
ISR,Israel,Employment rate,PT_POP_Y25T64,2018,77.494,A,employment_rate,Work,objective,1,core,False,pct,77.494,,,
ISR,Israel,Employment rate,PT_POP_Y25T64,2019,77.695,A,employment_rate,Work,objective,1,core,False,pct,77.695,,,
ISR,Israel,Employment rate,PT_POP_Y25T64,2020,76.175,A,employment_rate,Work,objective,1,core,False,pct,76.175,,,
ISR,Israel,Employment rate,PT_POP_Y25T64,2021,75.71,A,employment_rate,Work,objective,1,core,False,pct,75.71,,,
ISR,Israel,Employment rate,PT_POP_Y25T64,2022,78.583,A,employment_rate,Work,objective,1,core,False,pct,78.583,,,
ISR,Israel,Employment rate,PT_POP_Y25T64,2023,78.911,A,employment_rate,Work,objective,1,core,False,pct,78.911,,,
ISR,Israel,Employment rate,PT_POP_Y25T64,2024,78.423,A,employment_rate,Work,objective,1,core,False,pct,78.423,,,
ISR,Israel,Employment rate,PT_POP_Y25T64,2025,78.785,A,employment_rate,Work,objective,1,core,False,pct,78.785,,,
ITA,Italy,Employment rate,PT_POP_Y25T64,2010,63.367,A,employment_rate,Work,objective,1,core,False,pct,63.367,,,
ITA,Italy,Employment rate,PT_POP_Y25T64,2011,63.583,A,employment_rate,Work,objective,1,core,False,pct,63.583,,,
ITA,Italy,Employment rate,PT_POP_Y25T64,2012,63.543,A,employment_rate,Work,objective,1,core,False,pct,63.543,,,
ITA,Italy,Employment rate,PT_POP_Y25T64,2013,62.635,A,employment_rate,Work,objective,1,core,False,pct,62.635,,,
ITA,Italy,Employment rate,PT_POP_Y25T64,2014,62.917,A,employment_rate,Work,objective,1,core,False,pct,62.917,,,
ITA,Italy,Employment rate,PT_POP_Y25T64,2015,63.583,A,employment_rate,Work,objective,1,core,False,pct,63.583,,,
ITA,Italy,Employment rate,PT_POP_Y25T64,2016,64.499,A,employment_rate,Work,objective,1,core,False,pct,64.499,,,
ITA,Italy,Employment rate,PT_POP_Y25T64,2017,65.27,A,employment_rate,Work,objective,1,core,False,pct,65.27,,,
ITA,Italy,Employment rate,PT_POP_Y25T64,2018,65.916,A,employment_rate,Work,objective,1,core,False,pct,65.916,,,
ITA,Italy,Employment rate,PT_POP_Y25T64,2019,66.413,A,employment_rate,Work,objective,1,core,False,pct,66.413,,,
ITA,Italy,Employment rate,PT_POP_Y25T64,2020,65.501,A,employment_rate,Work,objective,1,core,False,pct,65.501,,,
ITA,Italy,Employment rate,PT_POP_Y25T64,2021,65.622,A,employment_rate,Work,objective,1,core,False,pct,65.622,,,
ITA,Italy,Employment rate,PT_POP_Y25T64,2022,67.547,A,employment_rate,Work,objective,1,core,False,pct,67.547,,,
ITA,Italy,Employment rate,PT_POP_Y25T64,2023,69.066,A,employment_rate,Work,objective,1,core,False,pct,69.066,,,
ITA,Italy,Employment rate,PT_POP_Y25T64,2024,70.054,A,employment_rate,Work,objective,1,core,False,pct,70.054,,,
ITA,Italy,Employment rate,PT_POP_Y25T64,2025,70.853,A,employment_rate,Work,objective,1,core,False,pct,70.853,,,
JPN,Japan,Employment rate,PT_POP_Y25T64,2010,75.915,A,employment_rate,Work,objective,1,core,False,pct,75.915,,,
JPN,Japan,Employment rate,PT_POP_Y25T64,2011,76.046,A,employment_rate,Work,objective,1,core,False,pct,76.046,,,
JPN,Japan,Employment rate,PT_POP_Y25T64,2012,76.388,A,employment_rate,Work,objective,1,core,False,pct,76.388,,,
JPN,Japan,Employment rate,PT_POP_Y25T64,2013,77.544,A,employment_rate,Work,objective,1,core,False,pct,77.544,,,
JPN,Japan,Employment rate,PT_POP_Y25T64,2014,78.66,A,employment_rate,Work,objective,1,core,False,pct,78.66,,,
JPN,Japan,Employment rate,PT_POP_Y25T64,2015,79.408,A,employment_rate,Work,objective,1,core,False,pct,79.408,,,
JPN,Japan,Employment rate,PT_POP_Y25T64,2016,80.418,A,employment_rate,Work,objective,1,core,False,pct,80.418,,,
JPN,Japan,Employment rate,PT_POP_Y25T64,2017,81.532,A,employment_rate,Work,objective,1,core,False,pct,81.532,,,
JPN,Japan,Employment rate,PT_POP_Y25T64,2018,82.791,A,employment_rate,Work,objective,1,core,False,pct,82.791,,,
JPN,Japan,Employment rate,PT_POP_Y25T64,2019,83.463,A,employment_rate,Work,objective,1,core,False,pct,83.463,,,
JPN,Japan,Employment rate,PT_POP_Y25T64,2020,83.261,A,employment_rate,Work,objective,1,core,False,pct,83.261,,,
JPN,Japan,Employment rate,PT_POP_Y25T64,2021,83.62,A,employment_rate,Work,objective,1,core,False,pct,83.62,,,
JPN,Japan,Employment rate,PT_POP_Y25T64,2022,84.372,A,employment_rate,Work,objective,1,core,False,pct,84.372,,,
JPN,Japan,Employment rate,PT_POP_Y25T64,2023,84.754,A,employment_rate,Work,objective,1,core,False,pct,84.754,,,
JPN,Japan,Employment rate,PT_POP_Y25T64,2024,85.145,A,employment_rate,Work,objective,1,core,False,pct,85.145,,,
JPN,Japan,Employment rate,PT_POP_Y25T64,2025,85.802,A,employment_rate,Work,objective,1,core,False,pct,85.802,,,
KOR,Korea,Employment rate,PT_POP_Y25T64,2010,71.581,A,employment_rate,Work,objective,1,core,False,pct,71.581,,,
KOR,Korea,Employment rate,PT_POP_Y25T64,2011,72.215,A,employment_rate,Work,objective,1,core,False,pct,72.215,,,
KOR,Korea,Employment rate,PT_POP_Y25T64,2012,72.557,A,employment_rate,Work,objective,1,core,False,pct,72.557,,,
KOR,Korea,Employment rate,PT_POP_Y25T64,2013,72.959,A,employment_rate,Work,objective,1,core,False,pct,72.959,,,
KOR,Korea,Employment rate,PT_POP_Y25T64,2014,73.708,A,employment_rate,Work,objective,1,core,False,pct,73.708,,,
KOR,Korea,Employment rate,PT_POP_Y25T64,2015,73.816,A,employment_rate,Work,objective,1,core,False,pct,73.816,,,
KOR,Korea,Employment rate,PT_POP_Y25T64,2016,73.859,A,employment_rate,Work,objective,1,core,False,pct,73.859,,,
KOR,Korea,Employment rate,PT_POP_Y25T64,2017,74.22,A,employment_rate,Work,objective,1,core,False,pct,74.22,,,
KOR,Korea,Employment rate,PT_POP_Y25T64,2018,74.053,A,employment_rate,Work,objective,1,core,False,pct,74.053,,,
KOR,Korea,Employment rate,PT_POP_Y25T64,2019,73.972,A,employment_rate,Work,objective,1,core,False,pct,73.972,,,
KOR,Korea,Employment rate,PT_POP_Y25T64,2020,72.78,A,employment_rate,Work,objective,1,core,False,pct,72.78,,,
KOR,Korea,Employment rate,PT_POP_Y25T64,2021,72.996,A,employment_rate,Work,objective,1,core,False,pct,72.996,,,
KOR,Korea,Employment rate,PT_POP_Y25T64,2022,74.832,A,employment_rate,Work,objective,1,core,False,pct,74.832,,,
KOR,Korea,Employment rate,PT_POP_Y25T64,2023,75.724,A,employment_rate,Work,objective,1,core,False,pct,75.724,,,
KOR,Korea,Employment rate,PT_POP_Y25T64,2024,76.066,A,employment_rate,Work,objective,1,core,False,pct,76.066,,,
KOR,Korea,Employment rate,PT_POP_Y25T64,2025,76.504,A,employment_rate,Work,objective,1,core,False,pct,76.504,,,
LTU,Lithuania,Employment rate,PT_POP_Y25T64,2010,68.367,A,employment_rate,Work,objective,1,core,False,pct,68.367,,,
LTU,Lithuania,Employment rate,PT_POP_Y25T64,2011,71.125,A,employment_rate,Work,objective,1,core,False,pct,71.125,,,
LTU,Lithuania,Employment rate,PT_POP_Y25T64,2012,72.48,A,employment_rate,Work,objective,1,core,False,pct,72.48,,,
LTU,Lithuania,Employment rate,PT_POP_Y25T64,2013,73.554,A,employment_rate,Work,objective,1,core,False,pct,73.554,,,
LTU,Lithuania,Employment rate,PT_POP_Y25T64,2014,74.994,A,employment_rate,Work,objective,1,core,False,pct,74.994,,,
LTU,Lithuania,Employment rate,PT_POP_Y25T64,2015,76.404,A,employment_rate,Work,objective,1,core,False,pct,76.404,,,
LTU,Lithuania,Employment rate,PT_POP_Y25T64,2016,78.163,A,employment_rate,Work,objective,1,core,False,pct,78.163,,,
LTU,Lithuania,Employment rate,PT_POP_Y25T64,2017,78.843,A,employment_rate,Work,objective,1,core,False,pct,78.843,,,
LTU,Lithuania,Employment rate,PT_POP_Y25T64,2018,80.368,A,employment_rate,Work,objective,1,core,False,pct,80.368,,,
LTU,Lithuania,Employment rate,PT_POP_Y25T64,2019,80.562,A,employment_rate,Work,objective,1,core,False,pct,80.562,,,
LTU,Lithuania,Employment rate,PT_POP_Y25T64,2020,79.353,A,employment_rate,Work,objective,1,core,False,pct,79.353,,,
LTU,Lithuania,Employment rate,PT_POP_Y25T64,2021,79.872,A,employment_rate,Work,objective,1,core,False,pct,79.872,,,
LTU,Lithuania,Employment rate,PT_POP_Y25T64,2022,80.956,A,employment_rate,Work,objective,1,core,False,pct,80.956,,,
LTU,Lithuania,Employment rate,PT_POP_Y25T64,2023,80.399,A,employment_rate,Work,objective,1,core,False,pct,80.399,,,
LTU,Lithuania,Employment rate,PT_POP_Y25T64,2024,80.992,A,employment_rate,Work,objective,1,core,False,pct,80.992,,,
LTU,Lithuania,Employment rate,PT_POP_Y25T64,2025,81.733,A,employment_rate,Work,objective,1,core,False,pct,81.733,,,
LUX,Luxembourg,Employment rate,PT_POP_Y25T64,2010,74.219,A,employment_rate,Work,objective,1,core,False,pct,74.219,,,
LUX,Luxembourg,Employment rate,PT_POP_Y25T64,2011,73.746,A,employment_rate,Work,objective,1,core,False,pct,73.746,,,
LUX,Luxembourg,Employment rate,PT_POP_Y25T64,2012,74.943,A,employment_rate,Work,objective,1,core,False,pct,74.943,,,
LUX,Luxembourg,Employment rate,PT_POP_Y25T64,2013,74.644,A,employment_rate,Work,objective,1,core,False,pct,74.644,,,
LUX,Luxembourg,Employment rate,PT_POP_Y25T64,2014,75.661,A,employment_rate,Work,objective,1,core,False,pct,75.661,,,
LUX,Luxembourg,Employment rate,PT_POP_Y25T64,2015,73.775,A,employment_rate,Work,objective,1,core,False,pct,73.775,,,
LUX,Luxembourg,Employment rate,PT_POP_Y25T64,2016,73.846,A,employment_rate,Work,objective,1,core,False,pct,73.846,,,
LUX,Luxembourg,Employment rate,PT_POP_Y25T64,2017,74.658,A,employment_rate,Work,objective,1,core,False,pct,74.658,,,
LUX,Luxembourg,Employment rate,PT_POP_Y25T64,2018,74.901,A,employment_rate,Work,objective,1,core,False,pct,74.901,,,
LUX,Luxembourg,Employment rate,PT_POP_Y25T64,2019,75.687,A,employment_rate,Work,objective,1,core,False,pct,75.687,,,
LUX,Luxembourg,Employment rate,PT_POP_Y25T64,2020,75.532,A,employment_rate,Work,objective,1,core,False,pct,75.532,,,
LUX,Luxembourg,Employment rate,PT_POP_Y25T64,2021,77.043,A,employment_rate,Work,objective,1,core,False,pct,77.043,,,
LUX,Luxembourg,Employment rate,PT_POP_Y25T64,2022,78.276,A,employment_rate,Work,objective,1,core,False,pct,78.276,,,
LUX,Luxembourg,Employment rate,PT_POP_Y25T64,2023,78.118,A,employment_rate,Work,objective,1,core,False,pct,78.118,,,
LUX,Luxembourg,Employment rate,PT_POP_Y25T64,2024,77.325,A,employment_rate,Work,objective,1,core,False,pct,77.325,,,
LUX,Luxembourg,Employment rate,PT_POP_Y25T64,2025,77.432,A,employment_rate,Work,objective,1,core,False,pct,77.432,,,
LVA,Latvia,Employment rate,PT_POP_Y25T64,2010,67.216,A,employment_rate,Work,objective,1,core,False,pct,67.216,,,
LVA,Latvia,Employment rate,PT_POP_Y25T64,2011,69.46,A,employment_rate,Work,objective,1,core,False,pct,69.46,,,
LVA,Latvia,Employment rate,PT_POP_Y25T64,2012,70.86,A,employment_rate,Work,objective,1,core,False,pct,70.86,,,
LVA,Latvia,Employment rate,PT_POP_Y25T64,2013,72.501,A,employment_rate,Work,objective,1,core,False,pct,72.501,,,
LVA,Latvia,Employment rate,PT_POP_Y25T64,2014,72.925,A,employment_rate,Work,objective,1,core,False,pct,72.925,,,
LVA,Latvia,Employment rate,PT_POP_Y25T64,2015,74.382,A,employment_rate,Work,objective,1,core,False,pct,74.382,,,
LVA,Latvia,Employment rate,PT_POP_Y25T64,2016,75.131,A,employment_rate,Work,objective,1,core,False,pct,75.131,,,
LVA,Latvia,Employment rate,PT_POP_Y25T64,2017,76.432,A,employment_rate,Work,objective,1,core,False,pct,76.432,,,
LVA,Latvia,Employment rate,PT_POP_Y25T64,2018,78.221,A,employment_rate,Work,objective,1,core,False,pct,78.221,,,
LVA,Latvia,Employment rate,PT_POP_Y25T64,2019,79.006,A,employment_rate,Work,objective,1,core,False,pct,79.006,,,
LVA,Latvia,Employment rate,PT_POP_Y25T64,2020,78.642,A,employment_rate,Work,objective,1,core,False,pct,78.642,,,
LVA,Latvia,Employment rate,PT_POP_Y25T64,2021,77.072,A,employment_rate,Work,objective,1,core,False,pct,77.072,,,
LVA,Latvia,Employment rate,PT_POP_Y25T64,2022,78.578,A,employment_rate,Work,objective,1,core,False,pct,78.578,,,
LVA,Latvia,Employment rate,PT_POP_Y25T64,2023,79.088,A,employment_rate,Work,objective,1,core,False,pct,79.088,,,
LVA,Latvia,Employment rate,PT_POP_Y25T64,2024,79.17,A,employment_rate,Work,objective,1,core,False,pct,79.17,,,
LVA,Latvia,Employment rate,PT_POP_Y25T64,2025,79.946,A,employment_rate,Work,objective,1,core,False,pct,79.946,,,
MEX,Mexico,Employment rate,PT_POP_Y25T64,2010,66.722,A,employment_rate,Work,objective,1,core,False,pct,66.722,,,
MEX,Mexico,Employment rate,PT_POP_Y25T64,2011,67.199,A,employment_rate,Work,objective,1,core,False,pct,67.199,,,
MEX,Mexico,Employment rate,PT_POP_Y25T64,2012,68.102,A,employment_rate,Work,objective,1,core,False,pct,68.102,,,
MEX,Mexico,Employment rate,PT_POP_Y25T64,2013,68.157,A,employment_rate,Work,objective,1,core,False,pct,68.157,,,
MEX,Mexico,Employment rate,PT_POP_Y25T64,2014,67.673,A,employment_rate,Work,objective,1,core,False,pct,67.673,,,
MEX,Mexico,Employment rate,PT_POP_Y25T64,2015,68.13,A,employment_rate,Work,objective,1,core,False,pct,68.13,,,
MEX,Mexico,Employment rate,PT_POP_Y25T64,2016,68.467,A,employment_rate,Work,objective,1,core,False,pct,68.467,,,
MEX,Mexico,Employment rate,PT_POP_Y25T64,2017,68.511,A,employment_rate,Work,objective,1,core,False,pct,68.511,,,
MEX,Mexico,Employment rate,PT_POP_Y25T64,2018,68.944,A,employment_rate,Work,objective,1,core,False,pct,68.944,,,
MEX,Mexico,Employment rate,PT_POP_Y25T64,2019,69.46,A,employment_rate,Work,objective,1,core,False,pct,69.46,,,
MEX,Mexico,Employment rate,PT_POP_Y25T64,2020,66.418,A,employment_rate,Work,objective,1,core,False,pct,66.418,,,
MEX,Mexico,Employment rate,PT_POP_Y25T64,2021,67.824,A,employment_rate,Work,objective,1,core,False,pct,67.824,,,
MEX,Mexico,Employment rate,PT_POP_Y25T64,2022,69.712,A,employment_rate,Work,objective,1,core,False,pct,69.712,,,
MEX,Mexico,Employment rate,PT_POP_Y25T64,2023,70.907,A,employment_rate,Work,objective,1,core,False,pct,70.907,,,
MEX,Mexico,Employment rate,PT_POP_Y25T64,2024,70.939,A,employment_rate,Work,objective,1,core,False,pct,70.939,,,
MEX,Mexico,Employment rate,PT_POP_Y25T64,2025,70.537,A,employment_rate,Work,objective,1,core,False,pct,70.537,,,
NLD,Netherlands,Employment rate,PT_POP_Y25T64,2010,76.937,A,employment_rate,Work,objective,1,core,False,pct,76.937,,,
NLD,Netherlands,Employment rate,PT_POP_Y25T64,2011,77.033,A,employment_rate,Work,objective,1,core,False,pct,77.033,,,
NLD,Netherlands,Employment rate,PT_POP_Y25T64,2012,77.357,A,employment_rate,Work,objective,1,core,False,pct,77.357,,,
NLD,Netherlands,Employment rate,PT_POP_Y25T64,2013,76.728,A,employment_rate,Work,objective,1,core,False,pct,76.728,,,
NLD,Netherlands,Employment rate,PT_POP_Y25T64,2014,76.49,A,employment_rate,Work,objective,1,core,False,pct,76.49,,,
NLD,Netherlands,Employment rate,PT_POP_Y25T64,2015,77.368,A,employment_rate,Work,objective,1,core,False,pct,77.368,,,
NLD,Netherlands,Employment rate,PT_POP_Y25T64,2016,78.269,A,employment_rate,Work,objective,1,core,False,pct,78.269,,,
NLD,Netherlands,Employment rate,PT_POP_Y25T64,2017,79.195,A,employment_rate,Work,objective,1,core,False,pct,79.195,,,
NLD,Netherlands,Employment rate,PT_POP_Y25T64,2018,80.442,A,employment_rate,Work,objective,1,core,False,pct,80.442,,,
NLD,Netherlands,Employment rate,PT_POP_Y25T64,2019,81.39,A,employment_rate,Work,objective,1,core,False,pct,81.39,,,
NLD,Netherlands,Employment rate,PT_POP_Y25T64,2020,81.561,A,employment_rate,Work,objective,1,core,False,pct,81.561,,,
NLD,Netherlands,Employment rate,PT_POP_Y25T64,2021,82.109,A,employment_rate,Work,objective,1,core,False,pct,82.109,,,
NLD,Netherlands,Employment rate,PT_POP_Y25T64,2022,83.227,A,employment_rate,Work,objective,1,core,False,pct,83.227,,,
NLD,Netherlands,Employment rate,PT_POP_Y25T64,2023,83.828,A,employment_rate,Work,objective,1,core,False,pct,83.828,,,
NLD,Netherlands,Employment rate,PT_POP_Y25T64,2024,83.82,A,employment_rate,Work,objective,1,core,False,pct,83.82,,,
NLD,Netherlands,Employment rate,PT_POP_Y25T64,2025,83.787,A,employment_rate,Work,objective,1,core,False,pct,83.787,,,
NOR,Norway,Employment rate,PT_POP_Y25T64,2010,81.057,A,employment_rate,Work,objective,1,core,False,pct,81.057,,,
NOR,Norway,Employment rate,PT_POP_Y25T64,2011,81.265,A,employment_rate,Work,objective,1,core,False,pct,81.265,,,
NOR,Norway,Employment rate,PT_POP_Y25T64,2012,81.547,A,employment_rate,Work,objective,1,core,False,pct,81.547,,,
NOR,Norway,Employment rate,PT_POP_Y25T64,2013,81.203,A,employment_rate,Work,objective,1,core,False,pct,81.203,,,
NOR,Norway,Employment rate,PT_POP_Y25T64,2014,81.318,A,employment_rate,Work,objective,1,core,False,pct,81.318,,,
NOR,Norway,Employment rate,PT_POP_Y25T64,2015,80.662,A,employment_rate,Work,objective,1,core,False,pct,80.662,,,
NOR,Norway,Employment rate,PT_POP_Y25T64,2016,80.438,A,employment_rate,Work,objective,1,core,False,pct,80.438,,,
NOR,Norway,Employment rate,PT_POP_Y25T64,2017,80.103,A,employment_rate,Work,objective,1,core,False,pct,80.103,,,
NOR,Norway,Employment rate,PT_POP_Y25T64,2018,80.813,A,employment_rate,Work,objective,1,core,False,pct,80.813,,,
NOR,Norway,Employment rate,PT_POP_Y25T64,2019,81.145,A,employment_rate,Work,objective,1,core,False,pct,81.145,,,
NOR,Norway,Employment rate,PT_POP_Y25T64,2020,80.449,A,employment_rate,Work,objective,1,core,False,pct,80.449,,,
NOR,Norway,Employment rate,PT_POP_Y25T64,2021,81.48,A,employment_rate,Work,objective,1,core,False,pct,81.48,,,
NOR,Norway,Employment rate,PT_POP_Y25T64,2022,82.178,A,employment_rate,Work,objective,1,core,False,pct,82.178,,,
NOR,Norway,Employment rate,PT_POP_Y25T64,2023,81.617,A,employment_rate,Work,objective,1,core,False,pct,81.617,,,
NOR,Norway,Employment rate,PT_POP_Y25T64,2024,81.322,A,employment_rate,Work,objective,1,core,False,pct,81.322,,,
NOR,Norway,Employment rate,PT_POP_Y25T64,2025,80.732,A,employment_rate,Work,objective,1,core,False,pct,80.732,,,
NZL,New Zealand,Employment rate,PT_POP_Y25T64,2010,78.436,A,employment_rate,Work,objective,1,core,False,pct,78.436,,,
NZL,New Zealand,Employment rate,PT_POP_Y25T64,2011,78.92,A,employment_rate,Work,objective,1,core,False,pct,78.92,,,
NZL,New Zealand,Employment rate,PT_POP_Y25T64,2012,78.404,A,employment_rate,Work,objective,1,core,False,pct,78.404,,,
NZL,New Zealand,Employment rate,PT_POP_Y25T64,2013,79.248,A,employment_rate,Work,objective,1,core,False,pct,79.248,,,
NZL,New Zealand,Employment rate,PT_POP_Y25T64,2014,80.391,A,employment_rate,Work,objective,1,core,False,pct,80.391,,,
NZL,New Zealand,Employment rate,PT_POP_Y25T64,2015,80.114,A,employment_rate,Work,objective,1,core,False,pct,80.114,,,
NZL,New Zealand,Employment rate,PT_POP_Y25T64,2016,81.437,A,employment_rate,Work,objective,1,core,False,pct,81.437,,,
NZL,New Zealand,Employment rate,PT_POP_Y25T64,2017,82.694,A,employment_rate,Work,objective,1,core,False,pct,82.694,,,
NZL,New Zealand,Employment rate,PT_POP_Y25T64,2018,82.966,A,employment_rate,Work,objective,1,core,False,pct,82.966,,,
NZL,New Zealand,Employment rate,PT_POP_Y25T64,2019,82.763,A,employment_rate,Work,objective,1,core,False,pct,82.763,,,
NZL,New Zealand,Employment rate,PT_POP_Y25T64,2020,82.109,A,employment_rate,Work,objective,1,core,False,pct,82.109,,,
NZL,New Zealand,Employment rate,PT_POP_Y25T64,2021,83.215,A,employment_rate,Work,objective,1,core,False,pct,83.215,,,
NZL,New Zealand,Employment rate,PT_POP_Y25T64,2022,84.076,A,employment_rate,Work,objective,1,core,False,pct,84.076,,,
NZL,New Zealand,Employment rate,PT_POP_Y25T64,2023,84.555,A,employment_rate,Work,objective,1,core,False,pct,84.555,,,
NZL,New Zealand,Employment rate,PT_POP_Y25T64,2024,83.893,A,employment_rate,Work,objective,1,core,False,pct,83.893,,,
NZL,New Zealand,Employment rate,PT_POP_Y25T64,2025,82.933,A,employment_rate,Work,objective,1,core,False,pct,82.933,,,
PER,Peru,Employment rate,PT_POP_Y25T64,2010,83.199,A,employment_rate,Work,objective,1,core,False,pct,83.199,,,
PER,Peru,Employment rate,PT_POP_Y25T64,2011,83.481,A,employment_rate,Work,objective,1,core,False,pct,83.481,,,
PER,Peru,Employment rate,PT_POP_Y25T64,2012,83.111,A,employment_rate,Work,objective,1,core,False,pct,83.111,,,
PER,Peru,Employment rate,PT_POP_Y25T64,2013,82.827,A,employment_rate,Work,objective,1,core,False,pct,82.827,,,
PER,Peru,Employment rate,PT_POP_Y25T64,2014,82.605,A,employment_rate,Work,objective,1,core,False,pct,82.605,,,
PER,Peru,Employment rate,PT_POP_Y25T64,2015,82.088,A,employment_rate,Work,objective,1,core,False,pct,82.088,,,
PER,Peru,Employment rate,PT_POP_Y25T64,2016,82.792,A,employment_rate,Work,objective,1,core,False,pct,82.792,,,
PER,Peru,Employment rate,PT_POP_Y25T64,2017,83.011,A,employment_rate,Work,objective,1,core,False,pct,83.011,,,
PER,Peru,Employment rate,PT_POP_Y25T64,2018,82.95,A,employment_rate,Work,objective,1,core,False,pct,82.95,,,
PER,Peru,Employment rate,PT_POP_Y25T64,2019,83.128,A,employment_rate,Work,objective,1,core,False,pct,83.128,,,
PER,Peru,Employment rate,PT_POP_Y25T64,2020,70.919,A,employment_rate,Work,objective,1,core,False,pct,70.919,,,
PER,Peru,Employment rate,PT_POP_Y25T64,2021,79.579,A,employment_rate,Work,objective,1,core,False,pct,79.579,,,
PER,Peru,Employment rate,PT_POP_Y25T64,2022,81.309,A,employment_rate,Work,objective,1,core,False,pct,81.309,,,
PER,Peru,Employment rate,PT_POP_Y25T64,2023,79.825,A,employment_rate,Work,objective,1,core,False,pct,79.825,,,
PER,Peru,Employment rate,PT_POP_Y25T64,2024,79.865,A,employment_rate,Work,objective,1,core,False,pct,79.865,,,
POL,Poland,Employment rate,PT_POP_Y25T64,2010,66.819,A,employment_rate,Work,objective,1,core,False,pct,66.819,,,
POL,Poland,Employment rate,PT_POP_Y25T64,2011,67.259,A,employment_rate,Work,objective,1,core,False,pct,67.259,,,
POL,Poland,Employment rate,PT_POP_Y25T64,2012,67.45,A,employment_rate,Work,objective,1,core,False,pct,67.45,,,
POL,Poland,Employment rate,PT_POP_Y25T64,2013,67.613,A,employment_rate,Work,objective,1,core,False,pct,67.613,,,
POL,Poland,Employment rate,PT_POP_Y25T64,2014,69.033,A,employment_rate,Work,objective,1,core,False,pct,69.033,,,
POL,Poland,Employment rate,PT_POP_Y25T64,2015,70.306,A,employment_rate,Work,objective,1,core,False,pct,70.306,,,
POL,Poland,Employment rate,PT_POP_Y25T64,2016,71.507,A,employment_rate,Work,objective,1,core,False,pct,71.507,,,
POL,Poland,Employment rate,PT_POP_Y25T64,2017,72.934,A,employment_rate,Work,objective,1,core,False,pct,72.934,,,
POL,Poland,Employment rate,PT_POP_Y25T64,2018,73.974,A,employment_rate,Work,objective,1,core,False,pct,73.974,,,
POL,Poland,Employment rate,PT_POP_Y25T64,2019,74.951,A,employment_rate,Work,objective,1,core,False,pct,74.951,,,
POL,Poland,Employment rate,PT_POP_Y25T64,2020,75.884,A,employment_rate,Work,objective,1,core,False,pct,75.884,,,
POL,Poland,Employment rate,PT_POP_Y25T64,2021,77.908,A,employment_rate,Work,objective,1,core,False,pct,77.908,,,
POL,Poland,Employment rate,PT_POP_Y25T64,2022,79.069,A,employment_rate,Work,objective,1,core,False,pct,79.069,,,
POL,Poland,Employment rate,PT_POP_Y25T64,2023,80.135,A,employment_rate,Work,objective,1,core,False,pct,80.135,,,
POL,Poland,Employment rate,PT_POP_Y25T64,2024,80.503,A,employment_rate,Work,objective,1,core,False,pct,80.503,,,
POL,Poland,Employment rate,PT_POP_Y25T64,2025,81.174,A,employment_rate,Work,objective,1,core,False,pct,81.174,,,
PRT,Portugal,Employment rate,PT_POP_Y25T64,2010,72.656,A,employment_rate,Work,objective,1,core,False,pct,72.656,,,
PRT,Portugal,Employment rate,PT_POP_Y25T64,2011,68.715,A,employment_rate,Work,objective,1,core,False,pct,68.715,,,
PRT,Portugal,Employment rate,PT_POP_Y25T64,2012,66.469,A,employment_rate,Work,objective,1,core,False,pct,66.469,,,
PRT,Portugal,Employment rate,PT_POP_Y25T64,2013,66.003,A,employment_rate,Work,objective,1,core,False,pct,66.003,,,
PRT,Portugal,Employment rate,PT_POP_Y25T64,2014,68.723,A,employment_rate,Work,objective,1,core,False,pct,68.723,,,
PRT,Portugal,Employment rate,PT_POP_Y25T64,2015,70.575,A,employment_rate,Work,objective,1,core,False,pct,70.575,,,
PRT,Portugal,Employment rate,PT_POP_Y25T64,2016,72.12,A,employment_rate,Work,objective,1,core,False,pct,72.12,,,
PRT,Portugal,Employment rate,PT_POP_Y25T64,2017,75.018,A,employment_rate,Work,objective,1,core,False,pct,75.018,,,
PRT,Portugal,Employment rate,PT_POP_Y25T64,2018,77.202,A,employment_rate,Work,objective,1,core,False,pct,77.202,,,
PRT,Portugal,Employment rate,PT_POP_Y25T64,2019,78.03,A,employment_rate,Work,objective,1,core,False,pct,78.03,,,
PRT,Portugal,Employment rate,PT_POP_Y25T64,2020,77.156,A,employment_rate,Work,objective,1,core,False,pct,77.156,,,
PRT,Portugal,Employment rate,PT_POP_Y25T64,2021,78.853,A,employment_rate,Work,objective,1,core,False,pct,78.853,,,
PRT,Portugal,Employment rate,PT_POP_Y25T64,2022,80.427,A,employment_rate,Work,objective,1,core,False,pct,80.427,,,
PRT,Portugal,Employment rate,PT_POP_Y25T64,2023,81.018,A,employment_rate,Work,objective,1,core,False,pct,81.018,,,
PRT,Portugal,Employment rate,PT_POP_Y25T64,2024,81.578,A,employment_rate,Work,objective,1,core,False,pct,81.578,,,
PRT,Portugal,Employment rate,PT_POP_Y25T64,2025,82.74,A,employment_rate,Work,objective,1,core,False,pct,82.74,,,
ROU,Romania,Employment rate,PT_POP_Y25T64,2010,68.181,A,employment_rate,Work,objective,1,core,False,pct,68.181,,,
ROU,Romania,Employment rate,PT_POP_Y25T64,2011,67.204,A,employment_rate,Work,objective,1,core,False,pct,67.204,,,
ROU,Romania,Employment rate,PT_POP_Y25T64,2012,68.107,A,employment_rate,Work,objective,1,core,False,pct,68.107,,,
ROU,Romania,Employment rate,PT_POP_Y25T64,2013,67.847,A,employment_rate,Work,objective,1,core,False,pct,67.847,,,
ROU,Romania,Employment rate,PT_POP_Y25T64,2014,68.77,A,employment_rate,Work,objective,1,core,False,pct,68.77,,,
ROU,Romania,Employment rate,PT_POP_Y25T64,2015,68.644,A,employment_rate,Work,objective,1,core,False,pct,68.644,,,
ROU,Romania,Employment rate,PT_POP_Y25T64,2016,69.245,A,employment_rate,Work,objective,1,core,False,pct,69.245,,,
ROU,Romania,Employment rate,PT_POP_Y25T64,2017,71.539,A,employment_rate,Work,objective,1,core,False,pct,71.539,,,
ROU,Romania,Employment rate,PT_POP_Y25T64,2018,72.623,A,employment_rate,Work,objective,1,core,False,pct,72.623,,,
ROU,Romania,Employment rate,PT_POP_Y25T64,2019,73.759,A,employment_rate,Work,objective,1,core,False,pct,73.759,,,
ROU,Romania,Employment rate,PT_POP_Y25T64,2020,73.521,A,employment_rate,Work,objective,1,core,False,pct,73.521,,,
ROU,Romania,Employment rate,PT_POP_Y25T64,2021,69.832,A,employment_rate,Work,objective,1,core,False,pct,69.832,,,
ROU,Romania,Employment rate,PT_POP_Y25T64,2022,71.723,A,employment_rate,Work,objective,1,core,False,pct,71.723,,,
ROU,Romania,Employment rate,PT_POP_Y25T64,2023,71.867,A,employment_rate,Work,objective,1,core,False,pct,71.867,,,
ROU,Romania,Employment rate,PT_POP_Y25T64,2024,72.826,A,employment_rate,Work,objective,1,core,False,pct,72.826,,,
ROU,Romania,Employment rate,PT_POP_Y25T64,2025,72.496,A,employment_rate,Work,objective,1,core,False,pct,72.496,,,
SVK,Slovak Republic,Employment rate,PT_POP_Y25T64,2010,68.433,A,employment_rate,Work,objective,1,core,False,pct,68.433,,,
SVK,Slovak Republic,Employment rate,PT_POP_Y25T64,2011,68.767,A,employment_rate,Work,objective,1,core,False,pct,68.767,,,
SVK,Slovak Republic,Employment rate,PT_POP_Y25T64,2012,68.848,A,employment_rate,Work,objective,1,core,False,pct,68.848,,,
SVK,Slovak Republic,Employment rate,PT_POP_Y25T64,2013,68.671,A,employment_rate,Work,objective,1,core,False,pct,68.671,,,
SVK,Slovak Republic,Employment rate,PT_POP_Y25T64,2014,69.397,A,employment_rate,Work,objective,1,core,False,pct,69.397,,,
SVK,Slovak Republic,Employment rate,PT_POP_Y25T64,2015,70.903,A,employment_rate,Work,objective,1,core,False,pct,70.903,,,
SVK,Slovak Republic,Employment rate,PT_POP_Y25T64,2016,72.814,A,employment_rate,Work,objective,1,core,False,pct,72.814,,,
SVK,Slovak Republic,Employment rate,PT_POP_Y25T64,2017,73.75,A,employment_rate,Work,objective,1,core,False,pct,73.75,,,
SVK,Slovak Republic,Employment rate,PT_POP_Y25T64,2018,75.042,A,employment_rate,Work,objective,1,core,False,pct,75.042,,,
SVK,Slovak Republic,Employment rate,PT_POP_Y25T64,2019,76.248,A,employment_rate,Work,objective,1,core,False,pct,76.248,,,
SVK,Slovak Republic,Employment rate,PT_POP_Y25T64,2020,75.462,A,employment_rate,Work,objective,1,core,False,pct,75.462,,,
SVK,Slovak Republic,Employment rate,PT_POP_Y25T64,2021,78.023,A,employment_rate,Work,objective,1,core,False,pct,78.023,,,
SVK,Slovak Republic,Employment rate,PT_POP_Y25T64,2022,80.04,A,employment_rate,Work,objective,1,core,False,pct,80.04,,,
SVK,Slovak Republic,Employment rate,PT_POP_Y25T64,2023,80.708,A,employment_rate,Work,objective,1,core,False,pct,80.708,,,
SVK,Slovak Republic,Employment rate,PT_POP_Y25T64,2024,81.323,A,employment_rate,Work,objective,1,core,False,pct,81.323,,,
SVK,Slovak Republic,Employment rate,PT_POP_Y25T64,2025,81.324,A,employment_rate,Work,objective,1,core,False,pct,81.324,,,
SVN,Slovenia,Employment rate,PT_POP_Y25T64,2010,72.71,A,employment_rate,Work,objective,1,core,False,pct,72.71,,,
SVN,Slovenia,Employment rate,PT_POP_Y25T64,2011,70.844,A,employment_rate,Work,objective,1,core,False,pct,70.844,,,
SVN,Slovenia,Employment rate,PT_POP_Y25T64,2012,70.968,A,employment_rate,Work,objective,1,core,False,pct,70.968,,,
SVN,Slovenia,Employment rate,PT_POP_Y25T64,2013,69.984,A,employment_rate,Work,objective,1,core,False,pct,69.984,,,
SVN,Slovenia,Employment rate,PT_POP_Y25T64,2014,70.397,A,employment_rate,Work,objective,1,core,False,pct,70.397,,,
SVN,Slovenia,Employment rate,PT_POP_Y25T64,2015,71.38,A,employment_rate,Work,objective,1,core,False,pct,71.38,,,
SVN,Slovenia,Employment rate,PT_POP_Y25T64,2016,72.23,A,employment_rate,Work,objective,1,core,False,pct,72.23,,,
SVN,Slovenia,Employment rate,PT_POP_Y25T64,2017,75.118,A,employment_rate,Work,objective,1,core,False,pct,75.118,,,
SVN,Slovenia,Employment rate,PT_POP_Y25T64,2018,77.185,A,employment_rate,Work,objective,1,core,False,pct,77.185,,,
SVN,Slovenia,Employment rate,PT_POP_Y25T64,2019,78.381,A,employment_rate,Work,objective,1,core,False,pct,78.381,,,
SVN,Slovenia,Employment rate,PT_POP_Y25T64,2020,78.288,A,employment_rate,Work,objective,1,core,False,pct,78.288,,,
SVN,Slovenia,Employment rate,PT_POP_Y25T64,2021,78.983,A,employment_rate,Work,objective,1,core,False,pct,78.983,,,
SVN,Slovenia,Employment rate,PT_POP_Y25T64,2022,80.585,A,employment_rate,Work,objective,1,core,False,pct,80.585,,,
SVN,Slovenia,Employment rate,PT_POP_Y25T64,2023,79.754,A,employment_rate,Work,objective,1,core,False,pct,79.754,,,
SVN,Slovenia,Employment rate,PT_POP_Y25T64,2024,80.542,A,employment_rate,Work,objective,1,core,False,pct,80.542,,,
SVN,Slovenia,Employment rate,PT_POP_Y25T64,2025,80.835,A,employment_rate,Work,objective,1,core,False,pct,80.835,,,
SWE,Sweden,Employment rate,PT_POP_Y25T64,2010,80.719,A,employment_rate,Work,objective,1,core,False,pct,80.719,,,
SWE,Sweden,Employment rate,PT_POP_Y25T64,2011,81.971,A,employment_rate,Work,objective,1,core,False,pct,81.971,,,
SWE,Sweden,Employment rate,PT_POP_Y25T64,2012,82.314,A,employment_rate,Work,objective,1,core,False,pct,82.314,,,
SWE,Sweden,Employment rate,PT_POP_Y25T64,2013,82.626,A,employment_rate,Work,objective,1,core,False,pct,82.626,,,
SWE,Sweden,Employment rate,PT_POP_Y25T64,2014,82.769,A,employment_rate,Work,objective,1,core,False,pct,82.769,,,
SWE,Sweden,Employment rate,PT_POP_Y25T64,2015,83.109,A,employment_rate,Work,objective,1,core,False,pct,83.109,,,
SWE,Sweden,Employment rate,PT_POP_Y25T64,2016,83.591,A,employment_rate,Work,objective,1,core,False,pct,83.591,,,
SWE,Sweden,Employment rate,PT_POP_Y25T64,2017,84.132,A,employment_rate,Work,objective,1,core,False,pct,84.132,,,
SWE,Sweden,Employment rate,PT_POP_Y25T64,2018,84.686,A,employment_rate,Work,objective,1,core,False,pct,84.686,,,
SWE,Sweden,Employment rate,PT_POP_Y25T64,2019,84.46,A,employment_rate,Work,objective,1,core,False,pct,84.46,,,
SWE,Sweden,Employment rate,PT_POP_Y25T64,2020,83.326,A,employment_rate,Work,objective,1,core,False,pct,83.326,,,
SWE,Sweden,Employment rate,PT_POP_Y25T64,2021,82.64,A,employment_rate,Work,objective,1,core,False,pct,82.64,,,
SWE,Sweden,Employment rate,PT_POP_Y25T64,2022,84.12,A,employment_rate,Work,objective,1,core,False,pct,84.12,,,
SWE,Sweden,Employment rate,PT_POP_Y25T64,2023,84.661,A,employment_rate,Work,objective,1,core,False,pct,84.661,,,
SWE,Sweden,Employment rate,PT_POP_Y25T64,2024,84.234,A,employment_rate,Work,objective,1,core,False,pct,84.234,,,
SWE,Sweden,Employment rate,PT_POP_Y25T64,2025,83.944,A,employment_rate,Work,objective,1,core,False,pct,83.944,,,
THA,Thailand,Employment rate,PT_POP_Y25T64,2010,84.613,A,employment_rate,Work,objective,1,core,False,pct,84.613,,,
THA,Thailand,Employment rate,PT_POP_Y25T64,2011,86.49,A,employment_rate,Work,objective,1,core,False,pct,86.49,,,
THA,Thailand,Employment rate,PT_POP_Y25T64,2012,86.171,A,employment_rate,Work,objective,1,core,False,pct,86.171,,,
THA,Thailand,Employment rate,PT_POP_Y25T64,2013,83.819,A,employment_rate,Work,objective,1,core,False,pct,83.819,,,
THA,Thailand,Employment rate,PT_POP_Y25T64,2014,83.836,A,employment_rate,Work,objective,1,core,False,pct,83.836,,,
THA,Thailand,Employment rate,PT_POP_Y25T64,2015,83.558,A,employment_rate,Work,objective,1,core,False,pct,83.558,,,
THA,Thailand,Employment rate,PT_POP_Y25T64,2016,82.62,A,employment_rate,Work,objective,1,core,False,pct,82.62,,,
THA,Thailand,Employment rate,PT_POP_Y25T64,2017,81.87,A,employment_rate,Work,objective,1,core,False,pct,81.87,,,
THA,Thailand,Employment rate,PT_POP_Y25T64,2018,82.279,A,employment_rate,Work,objective,1,core,False,pct,82.279,,,
THA,Thailand,Employment rate,PT_POP_Y25T64,2019,81.818,A,employment_rate,Work,objective,1,core,False,pct,81.818,,,
THA,Thailand,Employment rate,PT_POP_Y25T64,2020,81.754,A,employment_rate,Work,objective,1,core,False,pct,81.754,,,
THA,Thailand,Employment rate,PT_POP_Y25T64,2021,81.875,A,employment_rate,Work,objective,1,core,False,pct,81.875,,,
THA,Thailand,Employment rate,PT_POP_Y25T64,2022,82.739,A,employment_rate,Work,objective,1,core,False,pct,82.739,,,
THA,Thailand,Employment rate,PT_POP_Y25T64,2023,83.625,A,employment_rate,Work,objective,1,core,False,pct,83.625,,,
THA,Thailand,Employment rate,PT_POP_Y25T64,2024,83.348,A,employment_rate,Work,objective,1,core,False,pct,83.348,,,
TUR,Türkiye,Employment rate,PT_POP_Y25T64,2010,51.516,A,employment_rate,Work,objective,1,core,False,pct,51.516,,,
TUR,Türkiye,Employment rate,PT_POP_Y25T64,2011,53.55,A,employment_rate,Work,objective,1,core,False,pct,53.55,,,
TUR,Türkiye,Employment rate,PT_POP_Y25T64,2012,54.216,A,employment_rate,Work,objective,1,core,False,pct,54.216,,,
TUR,Türkiye,Employment rate,PT_POP_Y25T64,2013,54.691,A,employment_rate,Work,objective,1,core,False,pct,54.691,,,
TUR,Türkiye,Employment rate,PT_POP_Y25T64,2014,54.336,A,employment_rate,Work,objective,1,core,False,pct,54.336,,,
TUR,Türkiye,Employment rate,PT_POP_Y25T64,2015,54.931,A,employment_rate,Work,objective,1,core,False,pct,54.931,,,
TUR,Türkiye,Employment rate,PT_POP_Y25T64,2016,55.497,A,employment_rate,Work,objective,1,core,False,pct,55.497,,,
TUR,Türkiye,Employment rate,PT_POP_Y25T64,2017,56.479,A,employment_rate,Work,objective,1,core,False,pct,56.479,,,
TUR,Türkiye,Employment rate,PT_POP_Y25T64,2018,56.747,A,employment_rate,Work,objective,1,core,False,pct,56.747,,,
TUR,Türkiye,Employment rate,PT_POP_Y25T64,2019,54.991,A,employment_rate,Work,objective,1,core,False,pct,54.991,,,
TUR,Türkiye,Employment rate,PT_POP_Y25T64,2020,52.508,A,employment_rate,Work,objective,1,core,False,pct,52.508,,,
TUR,Türkiye,Employment rate,PT_POP_Y25T64,2021,55.149,A,employment_rate,Work,objective,1,core,False,pct,55.149,,,
TUR,Türkiye,Employment rate,PT_POP_Y25T64,2022,57.623,A,employment_rate,Work,objective,1,core,False,pct,57.623,,,
TUR,Türkiye,Employment rate,PT_POP_Y25T64,2023,58.096,A,employment_rate,Work,objective,1,core,False,pct,58.096,,,
TUR,Türkiye,Employment rate,PT_POP_Y25T64,2024,59.242,A,employment_rate,Work,objective,1,core,False,pct,59.242,,,
TUR,Türkiye,Employment rate,PT_POP_Y25T64,2025,58.694,A,employment_rate,Work,objective,1,core,False,pct,58.694,,,
USA,United States,Employment rate,PT_POP_Y25T64,2010,71.796,A,employment_rate,Work,objective,1,core,False,pct,71.796,,,
USA,United States,Employment rate,PT_POP_Y25T64,2011,71.654,A,employment_rate,Work,objective,1,core,False,pct,71.654,,,
USA,United States,Employment rate,PT_POP_Y25T64,2012,72.181,A,employment_rate,Work,objective,1,core,False,pct,72.181,,,
USA,United States,Employment rate,PT_POP_Y25T64,2013,72.319,A,employment_rate,Work,objective,1,core,False,pct,72.319,,,
USA,United States,Employment rate,PT_POP_Y25T64,2014,72.983,A,employment_rate,Work,objective,1,core,False,pct,72.983,,,
USA,United States,Employment rate,PT_POP_Y25T64,2015,73.392,A,employment_rate,Work,objective,1,core,False,pct,73.392,,,
USA,United States,Employment rate,PT_POP_Y25T64,2016,73.94,A,employment_rate,Work,objective,1,core,False,pct,73.94,,,
USA,United States,Employment rate,PT_POP_Y25T64,2017,74.616,A,employment_rate,Work,objective,1,core,False,pct,74.616,,,
USA,United States,Employment rate,PT_POP_Y25T64,2018,75.298,A,employment_rate,Work,objective,1,core,False,pct,75.298,,,
USA,United States,Employment rate,PT_POP_Y25T64,2019,75.877,A,employment_rate,Work,objective,1,core,False,pct,75.877,,,
USA,United States,Employment rate,PT_POP_Y25T64,2020,71.795,A,employment_rate,Work,objective,1,core,False,pct,71.795,,,
USA,United States,Employment rate,PT_POP_Y25T64,2021,73.68,A,employment_rate,Work,objective,1,core,False,pct,73.68,,,
USA,United States,Employment rate,PT_POP_Y25T64,2022,75.803,A,employment_rate,Work,objective,1,core,False,pct,75.803,,,
USA,United States,Employment rate,PT_POP_Y25T64,2023,76.641,A,employment_rate,Work,objective,1,core,False,pct,76.641,,,
USA,United States,Employment rate,PT_POP_Y25T64,2024,76.671,A,employment_rate,Work,objective,1,core,False,pct,76.671,,,
USA,United States,Employment rate,PT_POP_Y25T64,2025,76.776,A,employment_rate,Work,objective,1,core,False,pct,76.776,,,
ZAF,South Africa,Employment rate,PT_POP_Y25T64,2010,54.392,A,employment_rate,Work,objective,1,core,False,pct,54.392,,,
ZAF,South Africa,Employment rate,PT_POP_Y25T64,2011,54.403,A,employment_rate,Work,objective,1,core,False,pct,54.403,,,
ZAF,South Africa,Employment rate,PT_POP_Y25T64,2012,54.822,A,employment_rate,Work,objective,1,core,False,pct,54.822,,,
ZAF,South Africa,Employment rate,PT_POP_Y25T64,2013,55.264,A,employment_rate,Work,objective,1,core,False,pct,55.264,,,
ZAF,South Africa,Employment rate,PT_POP_Y25T64,2014,55.194,A,employment_rate,Work,objective,1,core,False,pct,55.194,,,
ZAF,South Africa,Employment rate,PT_POP_Y25T64,2015,55.834,A,employment_rate,Work,objective,1,core,False,pct,55.834,,,
ZAF,South Africa,Employment rate,PT_POP_Y25T64,2016,55.046,A,employment_rate,Work,objective,1,core,False,pct,55.046,,,
ZAF,South Africa,Employment rate,PT_POP_Y25T64,2017,55.149,A,employment_rate,Work,objective,1,core,False,pct,55.149,,,
ZAF,South Africa,Employment rate,PT_POP_Y25T64,2018,54.971,A,employment_rate,Work,objective,1,core,False,pct,54.971,,,
ZAF,South Africa,Employment rate,PT_POP_Y25T64,2019,53.92,A,employment_rate,Work,objective,1,core,False,pct,53.92,,,
ZAF,South Africa,Employment rate,PT_POP_Y25T64,2020,49.211,A,employment_rate,Work,objective,1,core,False,pct,49.211,,,
ZAF,South Africa,Employment rate,PT_POP_Y25T64,2021,47.253,A,employment_rate,Work,objective,1,core,False,pct,47.253,,,
ZAF,South Africa,Employment rate,PT_POP_Y25T64,2022,48.393,A,employment_rate,Work,objective,1,core,False,pct,48.393,,,
ZAF,South Africa,Employment rate,PT_POP_Y25T64,2023,50.363,A,employment_rate,Work,objective,1,core,False,pct,50.363,,,
ZAF,South Africa,Employment rate,PT_POP_Y25T64,2024,50.683,A,employment_rate,Work,objective,1,core,False,pct,50.683,,,
ZAF,South Africa,Employment rate,PT_POP_Y25T64,2025,50.187,A,employment_rate,Work,objective,1,core,False,pct,50.187,,,
ARG,Argentina,Gender wage gap,PT_WG_SAL_M_D,2017,7.8571428571,A,gender_wage_gap,Work,lived,-1,core,False,pct,-7.8571428571,,,
ARG,Argentina,Gender wage gap,PT_WG_SAL_M_D,2018,11.111111111,A,gender_wage_gap,Work,lived,-1,core,False,pct,-11.111111111,,,
ARG,Argentina,Gender wage gap,PT_WG_SAL_M_D,2019,12.0,A,gender_wage_gap,Work,lived,-1,core,False,pct,-12.0,,,
ARG,Argentina,Gender wage gap,PT_WG_SAL_M_D,2020,6.25,A,gender_wage_gap,Work,lived,-1,core,False,pct,-6.25,,,
ARG,Argentina,Gender wage gap,PT_WG_SAL_M_D,2021,6.25,A,gender_wage_gap,Work,lived,-1,core,False,pct,-6.25,,,
ARG,Argentina,Gender wage gap,PT_WG_SAL_M_D,2022,6.6666666667,A,gender_wage_gap,Work,lived,-1,core,False,pct,-6.6666666667,,,
ARG,Argentina,Gender wage gap,PT_WG_SAL_M_D,2023,6.25,A,gender_wage_gap,Work,lived,-1,core,False,pct,-6.25,,,
ARG,Argentina,Gender wage gap,PT_WG_SAL_M_D,2024,9.0909090909,A,gender_wage_gap,Work,lived,-1,core,False,pct,-9.0909090909,,,
AUT,Austria,Gender wage gap,PT_WG_SAL_M_D,2010,19.188862682,A,gender_wage_gap,Work,lived,-1,core,False,pct,-19.188862682,,,
AUT,Austria,Gender wage gap,PT_WG_SAL_M_D,2011,18.550554118,A,gender_wage_gap,Work,lived,-1,core,False,pct,-18.550554118,,,
AUT,Austria,Gender wage gap,PT_WG_SAL_M_D,2012,18.185056843,A,gender_wage_gap,Work,lived,-1,core,False,pct,-18.185056843,,,
AUT,Austria,Gender wage gap,PT_WG_SAL_M_D,2013,18.053211411,A,gender_wage_gap,Work,lived,-1,core,False,pct,-18.053211411,,,
AUT,Austria,Gender wage gap,PT_WG_SAL_M_D,2014,17.728884245,A,gender_wage_gap,Work,lived,-1,core,False,pct,-17.728884245,,,
AUT,Austria,Gender wage gap,PT_WG_SAL_M_D,2015,17.04325299,A,gender_wage_gap,Work,lived,-1,core,False,pct,-17.04325299,,,
AUT,Austria,Gender wage gap,PT_WG_SAL_M_D,2016,15.670899643,A,gender_wage_gap,Work,lived,-1,core,False,pct,-15.670899643,,,
AUT,Austria,Gender wage gap,PT_WG_SAL_M_D,2017,15.38215397,A,gender_wage_gap,Work,lived,-1,core,False,pct,-15.38215397,,,
AUT,Austria,Gender wage gap,PT_WG_SAL_M_D,2018,14.876690892,A,gender_wage_gap,Work,lived,-1,core,False,pct,-14.876690892,,,
AUT,Austria,Gender wage gap,PT_WG_SAL_M_D,2019,14.011740808,A,gender_wage_gap,Work,lived,-1,core,False,pct,-14.011740808,,,
AUT,Austria,Gender wage gap,PT_WG_SAL_M_D,2020,12.381539673,A,gender_wage_gap,Work,lived,-1,core,False,pct,-12.381539673,,,
AUT,Austria,Gender wage gap,PT_WG_SAL_M_D,2021,12.157208488,A,gender_wage_gap,Work,lived,-1,core,False,pct,-12.157208488,,,
AUT,Austria,Gender wage gap,PT_WG_SAL_M_D,2022,12.143697036,A,gender_wage_gap,Work,lived,-1,core,False,pct,-12.143697036,,,
AUT,Austria,Gender wage gap,PT_WG_SAL_M_D,2023,11.955710284,A,gender_wage_gap,Work,lived,-1,core,False,pct,-11.955710284,,,
AUT,Austria,Gender wage gap,PT_WG_SAL_M_D,2024,11.062251664,A,gender_wage_gap,Work,lived,-1,core,False,pct,-11.062251664,,,
BEL,Belgium,Gender wage gap,PT_WG_SAL_M_D,2010,7.0437956204,A,gender_wage_gap,Work,lived,-1,core,False,pct,-7.0437956204,,,
BEL,Belgium,Gender wage gap,PT_WG_SAL_M_D,2011,5.8381088825,A,gender_wage_gap,Work,lived,-1,core,False,pct,-5.8381088825,,,
BEL,Belgium,Gender wage gap,PT_WG_SAL_M_D,2012,6.4111498258,A,gender_wage_gap,Work,lived,-1,core,False,pct,-6.4111498258,,,
BEL,Belgium,Gender wage gap,PT_WG_SAL_M_D,2013,5.9128630705,A,gender_wage_gap,Work,lived,-1,core,False,pct,-5.9128630705,,,
BEL,Belgium,Gender wage gap,PT_WG_SAL_M_D,2014,3.2989003665,A,gender_wage_gap,Work,lived,-1,core,False,pct,-3.2989003665,,,
BEL,Belgium,Gender wage gap,PT_WG_SAL_M_D,2015,4.672,A,gender_wage_gap,Work,lived,-1,core,False,pct,-4.672,,,
BEL,Belgium,Gender wage gap,PT_WG_SAL_M_D,2016,3.7012987013,A,gender_wage_gap,Work,lived,-1,core,False,pct,-3.7012987013,,,
BEL,Belgium,Gender wage gap,PT_WG_SAL_M_D,2017,4.1902961563,A,gender_wage_gap,Work,lived,-1,core,False,pct,-4.1902961563,,,
BEL,Belgium,Gender wage gap,PT_WG_SAL_M_D,2018,3.4087569791,A,gender_wage_gap,Work,lived,-1,core,False,pct,-3.4087569791,,,
BEL,Belgium,Gender wage gap,PT_WG_SAL_M_D,2019,3.798185941,A,gender_wage_gap,Work,lived,-1,core,False,pct,-3.798185941,,,
BEL,Belgium,Gender wage gap,PT_WG_SAL_M_D,2020,1.1731843575,A,gender_wage_gap,Work,lived,-1,core,False,pct,-1.1731843575,,,
BEL,Belgium,Gender wage gap,PT_WG_SAL_M_D,2021,0.113960114,A,gender_wage_gap,Work,lived,-1,core,False,pct,-0.113960114,,,
BEL,Belgium,Gender wage gap,PT_WG_SAL_M_D,2022,0.9069085089,A,gender_wage_gap,Work,lived,-1,core,False,pct,-0.9069085089,,,
BGR,Bulgaria,Gender wage gap,PT_WG_SAL_M_D,2010,6.9343065693,A,gender_wage_gap,Work,lived,-1,core,False,pct,-6.9343065693,,,
BGR,Bulgaria,Gender wage gap,PT_WG_SAL_M_D,2014,4.0625,A,gender_wage_gap,Work,lived,-1,core,False,pct,-4.0625,,,
BGR,Bulgaria,Gender wage gap,PT_WG_SAL_M_D,2018,3.0303030303,A,gender_wage_gap,Work,lived,-1,core,False,pct,-3.0303030303,,,
BGR,Bulgaria,Gender wage gap,PT_WG_SAL_M_D,2022,1.7663043478,A,gender_wage_gap,Work,lived,-1,core,False,pct,-1.7663043478,,,
BGR,Bulgaria,Gender wage gap,PT_WG_SAL_M_D,2024,2.3600736513,A,gender_wage_gap,Work,lived,-1,core,False,pct,-2.3600736513,,,
BRA,Brazil,Gender wage gap,PT_WG_SAL_M_D,2012,15.0,A,gender_wage_gap,Work,lived,-1,core,False,pct,-15.0,,,
BRA,Brazil,Gender wage gap,PT_WG_SAL_M_D,2013,16.363636364,A,gender_wage_gap,Work,lived,-1,core,False,pct,-16.363636364,,,
BRA,Brazil,Gender wage gap,PT_WG_SAL_M_D,2014,16.666666667,A,gender_wage_gap,Work,lived,-1,core,False,pct,-16.666666667,,,
BRA,Brazil,Gender wage gap,PT_WG_SAL_M_D,2015,15.384615385,A,gender_wage_gap,Work,lived,-1,core,False,pct,-15.384615385,,,
BRA,Brazil,Gender wage gap,PT_WG_SAL_M_D,2016,14.285714286,A,gender_wage_gap,Work,lived,-1,core,False,pct,-14.285714286,,,
BRA,Brazil,Gender wage gap,PT_WG_SAL_M_D,2017,13.333333333,A,gender_wage_gap,Work,lived,-1,core,False,pct,-13.333333333,,,
BRA,Brazil,Gender wage gap,PT_WG_SAL_M_D,2018,10.666666667,A,gender_wage_gap,Work,lived,-1,core,False,pct,-10.666666667,,,
BRA,Brazil,Gender wage gap,PT_WG_SAL_M_D,2019,6.6666666667,A,gender_wage_gap,Work,lived,-1,core,False,pct,-6.6666666667,,,
BRA,Brazil,Gender wage gap,PT_WG_SAL_M_D,2020,6.25,A,gender_wage_gap,Work,lived,-1,core,False,pct,-6.25,,,
BRA,Brazil,Gender wage gap,PT_WG_SAL_M_D,2021,9.0909090909,A,gender_wage_gap,Work,lived,-1,core,False,pct,-9.0909090909,,,
BRA,Brazil,Gender wage gap,PT_WG_SAL_M_D,2022,11.111111111,A,gender_wage_gap,Work,lived,-1,core,False,pct,-11.111111111,,,
BRA,Brazil,Gender wage gap,PT_WG_SAL_M_D,2023,10.0,A,gender_wage_gap,Work,lived,-1,core,False,pct,-10.0,,,
CAN,Canada,Gender wage gap,PT_WG_SAL_M_D,2010,20.168067227,A,gender_wage_gap,Work,lived,-1,core,False,pct,-20.168067227,,,
CAN,Canada,Gender wage gap,PT_WG_SAL_M_D,2011,19.875,A,gender_wage_gap,Work,lived,-1,core,False,pct,-19.875,,,
CAN,Canada,Gender wage gap,PT_WG_SAL_M_D,2012,20.159660469,A,gender_wage_gap,Work,lived,-1,core,False,pct,-20.159660469,,,
CAN,Canada,Gender wage gap,PT_WG_SAL_M_D,2013,20.0,A,gender_wage_gap,Work,lived,-1,core,False,pct,-20.0,,,
CAN,Canada,Gender wage gap,PT_WG_SAL_M_D,2014,17.582417582,A,gender_wage_gap,Work,lived,-1,core,False,pct,-17.582417582,,,
CAN,Canada,Gender wage gap,PT_WG_SAL_M_D,2015,18.653846154,A,gender_wage_gap,Work,lived,-1,core,False,pct,-18.653846154,,,
CAN,Canada,Gender wage gap,PT_WG_SAL_M_D,2016,18.192133132,A,gender_wage_gap,Work,lived,-1,core,False,pct,-18.192133132,,,
CAN,Canada,Gender wage gap,PT_WG_SAL_M_D,2017,18.755803157,A,gender_wage_gap,Work,lived,-1,core,False,pct,-18.755803157,,,
CAN,Canada,Gender wage gap,PT_WG_SAL_M_D,2018,18.443223443,A,gender_wage_gap,Work,lived,-1,core,False,pct,-18.443223443,,,
CAN,Canada,Gender wage gap,PT_WG_SAL_M_D,2019,18.646457526,A,gender_wage_gap,Work,lived,-1,core,False,pct,-18.646457526,,,
CAN,Canada,Gender wage gap,PT_WG_SAL_M_D,2020,17.572905286,A,gender_wage_gap,Work,lived,-1,core,False,pct,-17.572905286,,,
CAN,Canada,Gender wage gap,PT_WG_SAL_M_D,2021,16.666666667,A,gender_wage_gap,Work,lived,-1,core,False,pct,-16.666666667,,,
CAN,Canada,Gender wage gap,PT_WG_SAL_M_D,2022,17.142857143,A,gender_wage_gap,Work,lived,-1,core,False,pct,-17.142857143,,,
CAN,Canada,Gender wage gap,PT_WG_SAL_M_D,2023,16.136363636,A,gender_wage_gap,Work,lived,-1,core,False,pct,-16.136363636,,,
CAN,Canada,Gender wage gap,PT_WG_SAL_M_D,2024,16.497829233,A,gender_wage_gap,Work,lived,-1,core,False,pct,-16.497829233,,,
CHE,Switzerland,Gender wage gap,PT_WG_SAL_M_D,2010,20.053595355,A,gender_wage_gap,Work,lived,-1,core,False,pct,-20.053595355,,,
CHE,Switzerland,Gender wage gap,PT_WG_SAL_M_D,2012,19.343526441,A,gender_wage_gap,Work,lived,-1,core,False,pct,-19.343526441,,,
CHE,Switzerland,Gender wage gap,PT_WG_SAL_M_D,2014,16.940742841,A,gender_wage_gap,Work,lived,-1,core,False,pct,-16.940742841,,,
CHE,Switzerland,Gender wage gap,PT_WG_SAL_M_D,2016,14.762372073,A,gender_wage_gap,Work,lived,-1,core,False,pct,-14.762372073,,,
CHE,Switzerland,Gender wage gap,PT_WG_SAL_M_D,2018,15.095647352,A,gender_wage_gap,Work,lived,-1,core,False,pct,-15.095647352,,,
CHE,Switzerland,Gender wage gap,PT_WG_SAL_M_D,2020,13.802546899,A,gender_wage_gap,Work,lived,-1,core,False,pct,-13.802546899,,,
CHE,Switzerland,Gender wage gap,PT_WG_SAL_M_D,2021,15.23792156,A,gender_wage_gap,Work,lived,-1,core,False,pct,-15.23792156,,,
CHE,Switzerland,Gender wage gap,PT_WG_SAL_M_D,2022,12.067099567,A,gender_wage_gap,Work,lived,-1,core,False,pct,-12.067099567,,,
CHE,Switzerland,Gender wage gap,PT_WG_SAL_M_D,2024,11.014078997,A,gender_wage_gap,Work,lived,-1,core,False,pct,-11.014078997,,,
CHL,Chile,Gender wage gap,PT_WG_SAL_M_D,2011,16.0,A,gender_wage_gap,Work,lived,-1,core,False,pct,-16.0,,,
CHL,Chile,Gender wage gap,PT_WG_SAL_M_D,2013,10.666666667,A,gender_wage_gap,Work,lived,-1,core,False,pct,-10.666666667,,,
CHL,Chile,Gender wage gap,PT_WG_SAL_M_D,2015,14.285714286,A,gender_wage_gap,Work,lived,-1,core,False,pct,-14.285714286,,,
CHL,Chile,Gender wage gap,PT_WG_SAL_M_D,2017,12.5,A,gender_wage_gap,Work,lived,-1,core,False,pct,-12.5,,,
CHL,Chile,Gender wage gap,PT_WG_SAL_M_D,2020,8.5964583333,A,gender_wage_gap,Work,lived,-1,core,False,pct,-8.5964583333,,,
CHL,Chile,Gender wage gap,PT_WG_SAL_M_D,2021,10.918891755,A,gender_wage_gap,Work,lived,-1,core,False,pct,-10.918891755,,,
CHL,Chile,Gender wage gap,PT_WG_SAL_M_D,2022,15.36705037,A,gender_wage_gap,Work,lived,-1,core,False,pct,-15.36705037,,,
CHL,Chile,Gender wage gap,PT_WG_SAL_M_D,2023,13.593248303,A,gender_wage_gap,Work,lived,-1,core,False,pct,-13.593248303,,,
COL,Colombia,Gender wage gap,PT_WG_SAL_M_D,2010,12.661498709,A,gender_wage_gap,Work,lived,-1,core,False,pct,-12.661498709,,,
COL,Colombia,Gender wage gap,PT_WG_SAL_M_D,2011,12.637804878,A,gender_wage_gap,Work,lived,-1,core,False,pct,-12.637804878,,,
COL,Colombia,Gender wage gap,PT_WG_SAL_M_D,2012,14.497685185,A,gender_wage_gap,Work,lived,-1,core,False,pct,-14.497685185,,,
COL,Colombia,Gender wage gap,PT_WG_SAL_M_D,2013,13.592555666,A,gender_wage_gap,Work,lived,-1,core,False,pct,-13.592555666,,,
COL,Colombia,Gender wage gap,PT_WG_SAL_M_D,2014,14.772666666,A,gender_wage_gap,Work,lived,-1,core,False,pct,-14.772666666,,,
COL,Colombia,Gender wage gap,PT_WG_SAL_M_D,2015,14.245359161,A,gender_wage_gap,Work,lived,-1,core,False,pct,-14.245359161,,,
COL,Colombia,Gender wage gap,PT_WG_SAL_M_D,2016,12.755307692,A,gender_wage_gap,Work,lived,-1,core,False,pct,-12.755307692,,,
COL,Colombia,Gender wage gap,PT_WG_SAL_M_D,2017,11.251349353,A,gender_wage_gap,Work,lived,-1,core,False,pct,-11.251349353,,,
COL,Colombia,Gender wage gap,PT_WG_SAL_M_D,2018,10.628862538,A,gender_wage_gap,Work,lived,-1,core,False,pct,-10.628862538,,,
COL,Colombia,Gender wage gap,PT_WG_SAL_M_D,2019,9.3855889861,A,gender_wage_gap,Work,lived,-1,core,False,pct,-9.3855889861,,,
COL,Colombia,Gender wage gap,PT_WG_SAL_M_D,2020,2.9639540816,A,gender_wage_gap,Work,lived,-1,core,False,pct,-2.9639540816,,,
COL,Colombia,Gender wage gap,PT_WG_SAL_M_D,2021,3.3405065793,A,gender_wage_gap,Work,lived,-1,core,False,pct,-3.3405065793,,,
COL,Colombia,Gender wage gap,PT_WG_SAL_M_D,2022,1.8587360566,A,gender_wage_gap,Work,lived,-1,core,False,pct,-1.8587360566,,,
COL,Colombia,Gender wage gap,PT_WG_SAL_M_D,2023,1.9455252918,A,gender_wage_gap,Work,lived,-1,core,False,pct,-1.9455252918,,,
COL,Colombia,Gender wage gap,PT_WG_SAL_M_D,2024,0.5882352988,A,gender_wage_gap,Work,lived,-1,core,False,pct,-0.5882352988,,,
CRI,Costa Rica,Gender wage gap,PT_WG_SAL_M_D,2010,9.333333332,A,gender_wage_gap,Work,lived,-1,core,False,pct,-9.333333332,,,
CRI,Costa Rica,Gender wage gap,PT_WG_SAL_M_D,2011,9.723076922,A,gender_wage_gap,Work,lived,-1,core,False,pct,-9.723076922,,,
CRI,Costa Rica,Gender wage gap,PT_WG_SAL_M_D,2012,10.089285714,A,gender_wage_gap,Work,lived,-1,core,False,pct,-10.089285714,,,
CRI,Costa Rica,Gender wage gap,PT_WG_SAL_M_D,2013,9.7222222233,A,gender_wage_gap,Work,lived,-1,core,False,pct,-9.7222222233,,,
CRI,Costa Rica,Gender wage gap,PT_WG_SAL_M_D,2014,12.307692308,A,gender_wage_gap,Work,lived,-1,core,False,pct,-12.307692308,,,
CRI,Costa Rica,Gender wage gap,PT_WG_SAL_M_D,2015,9.0909090909,A,gender_wage_gap,Work,lived,-1,core,False,pct,-9.0909090909,,,
CRI,Costa Rica,Gender wage gap,PT_WG_SAL_M_D,2016,6.2500000009,A,gender_wage_gap,Work,lived,-1,core,False,pct,-6.2500000009,,,
CRI,Costa Rica,Gender wage gap,PT_WG_SAL_M_D,2017,6.5868263482,A,gender_wage_gap,Work,lived,-1,core,False,pct,-6.5868263482,,,
CRI,Costa Rica,Gender wage gap,PT_WG_SAL_M_D,2018,8.4507042254,A,gender_wage_gap,Work,lived,-1,core,False,pct,-8.4507042254,,,
CRI,Costa Rica,Gender wage gap,PT_WG_SAL_M_D,2019,6.529209622,A,gender_wage_gap,Work,lived,-1,core,False,pct,-6.529209622,,,
CRI,Costa Rica,Gender wage gap,PT_WG_SAL_M_D,2020,3.0303030294,A,gender_wage_gap,Work,lived,-1,core,False,pct,-3.0303030294,,,
CRI,Costa Rica,Gender wage gap,PT_WG_SAL_M_D,2021,5.2036199077,A,gender_wage_gap,Work,lived,-1,core,False,pct,-5.2036199077,,,
CRI,Costa Rica,Gender wage gap,PT_WG_SAL_M_D,2022,1.4492753632,A,gender_wage_gap,Work,lived,-1,core,False,pct,-1.4492753632,,,
CRI,Costa Rica,Gender wage gap,PT_WG_SAL_M_D,2023,4.210524667,A,gender_wage_gap,Work,lived,-1,core,False,pct,-4.210524667,,,
CRI,Costa Rica,Gender wage gap,PT_WG_SAL_M_D,2024,7.3267319392,A,gender_wage_gap,Work,lived,-1,core,False,pct,-7.3267319392,,,
CZE,Czechia,Gender wage gap,PT_WG_SAL_M_D,2010,15.798503073,A,gender_wage_gap,Work,lived,-1,core,False,pct,-15.798503073,,,
CZE,Czechia,Gender wage gap,PT_WG_SAL_M_D,2011,16.329656697,A,gender_wage_gap,Work,lived,-1,core,False,pct,-16.329656697,,,
CZE,Czechia,Gender wage gap,PT_WG_SAL_M_D,2012,15.262979875,A,gender_wage_gap,Work,lived,-1,core,False,pct,-15.262979875,,,
CZE,Czechia,Gender wage gap,PT_WG_SAL_M_D,2013,15.378835316,A,gender_wage_gap,Work,lived,-1,core,False,pct,-15.378835316,,,
CZE,Czechia,Gender wage gap,PT_WG_SAL_M_D,2014,16.254560195,A,gender_wage_gap,Work,lived,-1,core,False,pct,-16.254560195,,,
CZE,Czechia,Gender wage gap,PT_WG_SAL_M_D,2015,16.455154158,A,gender_wage_gap,Work,lived,-1,core,False,pct,-16.455154158,,,
CZE,Czechia,Gender wage gap,PT_WG_SAL_M_D,2016,16.023430838,A,gender_wage_gap,Work,lived,-1,core,False,pct,-16.023430838,,,
CZE,Czechia,Gender wage gap,PT_WG_SAL_M_D,2017,15.614010894,A,gender_wage_gap,Work,lived,-1,core,False,pct,-15.614010894,,,
CZE,Czechia,Gender wage gap,PT_WG_SAL_M_D,2018,15.127413864,A,gender_wage_gap,Work,lived,-1,core,False,pct,-15.127413864,,,
CZE,Czechia,Gender wage gap,PT_WG_SAL_M_D,2019,14.714332257,A,gender_wage_gap,Work,lived,-1,core,False,pct,-14.714332257,,,
CZE,Czechia,Gender wage gap,PT_WG_SAL_M_D,2020,12.372862094,A,gender_wage_gap,Work,lived,-1,core,False,pct,-12.372862094,,,
CZE,Czechia,Gender wage gap,PT_WG_SAL_M_D,2021,11.518748314,A,gender_wage_gap,Work,lived,-1,core,False,pct,-11.518748314,,,
CZE,Czechia,Gender wage gap,PT_WG_SAL_M_D,2022,13.575712144,A,gender_wage_gap,Work,lived,-1,core,False,pct,-13.575712144,,,
CZE,Czechia,Gender wage gap,PT_WG_SAL_M_D,2023,13.170419834,A,gender_wage_gap,Work,lived,-1,core,False,pct,-13.170419834,,,
CZE,Czechia,Gender wage gap,PT_WG_SAL_M_D,2024,13.553866786,A,gender_wage_gap,Work,lived,-1,core,False,pct,-13.553866786,,,
DEU,Germany,Gender wage gap,PT_WG_SAL_M_D,2010,16.694715584,A,gender_wage_gap,Work,lived,-1,core,False,pct,-16.694715584,,,
DEU,Germany,Gender wage gap,PT_WG_SAL_M_D,2011,16.944444443,A,gender_wage_gap,Work,lived,-1,core,False,pct,-16.944444443,,,
DEU,Germany,Gender wage gap,PT_WG_SAL_M_D,2012,16.304347826,A,gender_wage_gap,Work,lived,-1,core,False,pct,-16.304347826,,,
DEU,Germany,Gender wage gap,PT_WG_SAL_M_D,2013,14.323287672,A,gender_wage_gap,Work,lived,-1,core,False,pct,-14.323287672,,,
DEU,Germany,Gender wage gap,PT_WG_SAL_M_D,2014,17.1875,A,gender_wage_gap,Work,lived,-1,core,False,pct,-17.1875,,,
DEU,Germany,Gender wage gap,PT_WG_SAL_M_D,2015,15.816326531,A,gender_wage_gap,Work,lived,-1,core,False,pct,-15.816326531,,,
DEU,Germany,Gender wage gap,PT_WG_SAL_M_D,2016,15.510718789,A,gender_wage_gap,Work,lived,-1,core,False,pct,-15.510718789,,,
DEU,Germany,Gender wage gap,PT_WG_SAL_M_D,2017,14.427860696,A,gender_wage_gap,Work,lived,-1,core,False,pct,-14.427860696,,,
DEU,Germany,Gender wage gap,PT_WG_SAL_M_D,2018,15.714285714,A,gender_wage_gap,Work,lived,-1,core,False,pct,-15.714285714,,,
DEU,Germany,Gender wage gap,PT_WG_SAL_M_D,2019,14.351851853,A,gender_wage_gap,Work,lived,-1,core,False,pct,-14.351851853,,,
DEU,Germany,Gender wage gap,PT_WG_SAL_M_D,2020,12.062573468,A,gender_wage_gap,Work,lived,-1,core,False,pct,-12.062573468,,,
DEU,Germany,Gender wage gap,PT_WG_SAL_M_D,2021,13.506493506,A,gender_wage_gap,Work,lived,-1,core,False,pct,-13.506493506,,,
DEU,Germany,Gender wage gap,PT_WG_SAL_M_D,2022,14.285714286,A,gender_wage_gap,Work,lived,-1,core,False,pct,-14.285714286,,,
DEU,Germany,Gender wage gap,PT_WG_SAL_M_D,2023,14.150767887,A,gender_wage_gap,Work,lived,-1,core,False,pct,-14.150767887,,,
DEU,Germany,Gender wage gap,PT_WG_SAL_M_D,2024,13.467176917,A,gender_wage_gap,Work,lived,-1,core,False,pct,-13.467176917,,,
DNK,Denmark,Gender wage gap,PT_WG_SAL_M_D,2010,8.8950984786,A,gender_wage_gap,Work,lived,-1,core,False,pct,-8.8950984786,,,
DNK,Denmark,Gender wage gap,PT_WG_SAL_M_D,2011,7.9471972536,A,gender_wage_gap,Work,lived,-1,core,False,pct,-7.9471972536,,,
DNK,Denmark,Gender wage gap,PT_WG_SAL_M_D,2012,6.999844875,A,gender_wage_gap,Work,lived,-1,core,False,pct,-6.999844875,,,
DNK,Denmark,Gender wage gap,PT_WG_SAL_M_D,2013,6.7689119421,A,gender_wage_gap,Work,lived,-1,core,False,pct,-6.7689119421,,,
DNK,Denmark,Gender wage gap,PT_WG_SAL_M_D,2014,6.3238656958,A,gender_wage_gap,Work,lived,-1,core,False,pct,-6.3238656958,,,
DNK,Denmark,Gender wage gap,PT_WG_SAL_M_D,2015,5.8360481121,A,gender_wage_gap,Work,lived,-1,core,False,pct,-5.8360481121,,,
DNK,Denmark,Gender wage gap,PT_WG_SAL_M_D,2016,5.7326280373,A,gender_wage_gap,Work,lived,-1,core,False,pct,-5.7326280373,,,
DNK,Denmark,Gender wage gap,PT_WG_SAL_M_D,2017,5.2966919656,A,gender_wage_gap,Work,lived,-1,core,False,pct,-5.2966919656,,,
DNK,Denmark,Gender wage gap,PT_WG_SAL_M_D,2018,4.863206011,A,gender_wage_gap,Work,lived,-1,core,False,pct,-4.863206011,,,
DNK,Denmark,Gender wage gap,PT_WG_SAL_M_D,2019,5.059215628,A,gender_wage_gap,Work,lived,-1,core,False,pct,-5.059215628,,,
DNK,Denmark,Gender wage gap,PT_WG_SAL_M_D,2020,4.9943997379,A,gender_wage_gap,Work,lived,-1,core,False,pct,-4.9943997379,,,
DNK,Denmark,Gender wage gap,PT_WG_SAL_M_D,2021,5.5760826338,A,gender_wage_gap,Work,lived,-1,core,False,pct,-5.5760826338,,,
DNK,Denmark,Gender wage gap,PT_WG_SAL_M_D,2022,5.8370885927,A,gender_wage_gap,Work,lived,-1,core,False,pct,-5.8370885927,,,
DNK,Denmark,Gender wage gap,PT_WG_SAL_M_D,2023,5.3659597682,A,gender_wage_gap,Work,lived,-1,core,False,pct,-5.3659597682,,,
DNK,Denmark,Gender wage gap,PT_WG_SAL_M_D,2024,3.3351996694,A,gender_wage_gap,Work,lived,-1,core,False,pct,-3.3351996694,,,
ESP,Spain,Gender wage gap,PT_WG_SAL_M_D,2010,13.504464286,A,gender_wage_gap,Work,lived,-1,core,False,pct,-13.504464286,,,
ESP,Spain,Gender wage gap,PT_WG_SAL_M_D,2014,11.540497618,A,gender_wage_gap,Work,lived,-1,core,False,pct,-11.540497618,,,
ESP,Spain,Gender wage gap,PT_WG_SAL_M_D,2018,8.6216072379,A,gender_wage_gap,Work,lived,-1,core,False,pct,-8.6216072379,,,
ESP,Spain,Gender wage gap,PT_WG_SAL_M_D,2022,6.1156235069,A,gender_wage_gap,Work,lived,-1,core,False,pct,-6.1156235069,,,
ESP,Spain,Gender wage gap,PT_WG_SAL_M_D,2023,6.6071148716,A,gender_wage_gap,Work,lived,-1,core,False,pct,-6.6071148716,,,
ESP,Spain,Gender wage gap,PT_WG_SAL_M_D,2024,6.7395907055,A,gender_wage_gap,Work,lived,-1,core,False,pct,-6.7395907055,,,
EST,Estonia,Gender wage gap,PT_WG_SAL_M_D,2010,27.797833935,A,gender_wage_gap,Work,lived,-1,core,False,pct,-27.797833935,,,
EST,Estonia,Gender wage gap,PT_WG_SAL_M_D,2014,28.339350181,A,gender_wage_gap,Work,lived,-1,core,False,pct,-28.339350181,,,
EST,Estonia,Gender wage gap,PT_WG_SAL_M_D,2018,22.68115942,A,gender_wage_gap,Work,lived,-1,core,False,pct,-22.68115942,,,
EST,Estonia,Gender wage gap,PT_WG_SAL_M_D,2022,21.660252886,A,gender_wage_gap,Work,lived,-1,core,False,pct,-21.660252886,,,
EST,Estonia,Gender wage gap,PT_WG_SAL_M_D,2023,20.7,A,gender_wage_gap,Work,lived,-1,core,False,pct,-20.7,,,
EST,Estonia,Gender wage gap,PT_WG_SAL_M_D,2024,19.77020627,A,gender_wage_gap,Work,lived,-1,core,False,pct,-19.77020627,,,
FIN,Finland,Gender wage gap,PT_WG_SAL_M_D,2010,17.892644135,A,gender_wage_gap,Work,lived,-1,core,False,pct,-17.892644135,,,
FIN,Finland,Gender wage gap,PT_WG_SAL_M_D,2011,17.236884979,A,gender_wage_gap,Work,lived,-1,core,False,pct,-17.236884979,,,
FIN,Finland,Gender wage gap,PT_WG_SAL_M_D,2012,17.771464646,A,gender_wage_gap,Work,lived,-1,core,False,pct,-17.771464646,,,
FIN,Finland,Gender wage gap,PT_WG_SAL_M_D,2013,17.34032706,A,gender_wage_gap,Work,lived,-1,core,False,pct,-17.34032706,,,
FIN,Finland,Gender wage gap,PT_WG_SAL_M_D,2014,16.876342436,A,gender_wage_gap,Work,lived,-1,core,False,pct,-16.876342436,,,
FIN,Finland,Gender wage gap,PT_WG_SAL_M_D,2015,16.676847892,A,gender_wage_gap,Work,lived,-1,core,False,pct,-16.676847892,,,
FIN,Finland,Gender wage gap,PT_WG_SAL_M_D,2016,17.447447447,A,gender_wage_gap,Work,lived,-1,core,False,pct,-17.447447447,,,
FIN,Finland,Gender wage gap,PT_WG_SAL_M_D,2017,16.88155922,A,gender_wage_gap,Work,lived,-1,core,False,pct,-16.88155922,,,
FIN,Finland,Gender wage gap,PT_WG_SAL_M_D,2018,16.823529412,A,gender_wage_gap,Work,lived,-1,core,False,pct,-16.823529412,,,
FIN,Finland,Gender wage gap,PT_WG_SAL_M_D,2019,16.348931254,A,gender_wage_gap,Work,lived,-1,core,False,pct,-16.348931254,,,
FIN,Finland,Gender wage gap,PT_WG_SAL_M_D,2020,17.41196199,A,gender_wage_gap,Work,lived,-1,core,False,pct,-17.41196199,,,
FIN,Finland,Gender wage gap,PT_WG_SAL_M_D,2021,17.270498502,A,gender_wage_gap,Work,lived,-1,core,False,pct,-17.270498502,,,
FIN,Finland,Gender wage gap,PT_WG_SAL_M_D,2022,16.515957447,A,gender_wage_gap,Work,lived,-1,core,False,pct,-16.515957447,,,
FIN,Finland,Gender wage gap,PT_WG_SAL_M_D,2023,16.416772554,A,gender_wage_gap,Work,lived,-1,core,False,pct,-16.416772554,,,
FIN,Finland,Gender wage gap,PT_WG_SAL_M_D,2024,13.101117754,A,gender_wage_gap,Work,lived,-1,core,False,pct,-13.101117754,,,
FRA,France,Gender wage gap,PT_WG_SAL_M_D,2010,9.1188075406,A,gender_wage_gap,Work,lived,-1,core,False,pct,-9.1188075406,,,
FRA,France,Gender wage gap,PT_WG_SAL_M_D,2014,9.8721023181,A,gender_wage_gap,Work,lived,-1,core,False,pct,-9.8721023181,,,
FRA,France,Gender wage gap,PT_WG_SAL_M_D,2018,11.823802164,A,gender_wage_gap,Work,lived,-1,core,False,pct,-11.823802164,,,
FRA,France,Gender wage gap,PT_WG_SAL_M_D,2022,6.7158671587,A,gender_wage_gap,Work,lived,-1,core,False,pct,-6.7158671587,,,
FRA,France,Gender wage gap,PT_WG_SAL_M_D,2023,6.1954495571,A,gender_wage_gap,Work,lived,-1,core,False,pct,-6.1954495571,,,
FRA,France,Gender wage gap,PT_WG_SAL_M_D,2024,6.5789084443,A,gender_wage_gap,Work,lived,-1,core,False,pct,-6.5789084443,,,
GBR,United Kingdom,Gender wage gap,PT_WG_SAL_M_D,2010,19.231436917,A,gender_wage_gap,Work,lived,-1,core,False,pct,-19.231436917,,,
GBR,United Kingdom,Gender wage gap,PT_WG_SAL_M_D,2011,18.246005203,A,gender_wage_gap,Work,lived,-1,core,False,pct,-18.246005203,,,
GBR,United Kingdom,Gender wage gap,PT_WG_SAL_M_D,2012,17.783882784,A,gender_wage_gap,Work,lived,-1,core,False,pct,-17.783882784,,,
GBR,United Kingdom,Gender wage gap,PT_WG_SAL_M_D,2013,17.482014388,A,gender_wage_gap,Work,lived,-1,core,False,pct,-17.482014388,,,
GBR,United Kingdom,Gender wage gap,PT_WG_SAL_M_D,2014,17.382742571,A,gender_wage_gap,Work,lived,-1,core,False,pct,-17.382742571,,,
GBR,United Kingdom,Gender wage gap,PT_WG_SAL_M_D,2015,17.101551481,A,gender_wage_gap,Work,lived,-1,core,False,pct,-17.101551481,,,
GBR,United Kingdom,Gender wage gap,PT_WG_SAL_M_D,2016,16.796536797,A,gender_wage_gap,Work,lived,-1,core,False,pct,-16.796536797,,,
GBR,United Kingdom,Gender wage gap,PT_WG_SAL_M_D,2017,16.534100525,A,gender_wage_gap,Work,lived,-1,core,False,pct,-16.534100525,,,
GBR,United Kingdom,Gender wage gap,PT_WG_SAL_M_D,2018,16.310424203,A,gender_wage_gap,Work,lived,-1,core,False,pct,-16.310424203,,,
GBR,United Kingdom,Gender wage gap,PT_WG_SAL_M_D,2019,16.099809282,A,gender_wage_gap,Work,lived,-1,core,False,pct,-16.099809282,,,
GBR,United Kingdom,Gender wage gap,PT_WG_SAL_M_D,2020,11.983805668,A,gender_wage_gap,Work,lived,-1,core,False,pct,-11.983805668,,,
GBR,United Kingdom,Gender wage gap,PT_WG_SAL_M_D,2021,14.169356078,A,gender_wage_gap,Work,lived,-1,core,False,pct,-14.169356078,,,
GBR,United Kingdom,Gender wage gap,PT_WG_SAL_M_D,2022,13.978337237,A,gender_wage_gap,Work,lived,-1,core,False,pct,-13.978337237,,,
GBR,United Kingdom,Gender wage gap,PT_WG_SAL_M_D,2023,13.393590797,A,gender_wage_gap,Work,lived,-1,core,False,pct,-13.393590797,,,
GBR,United Kingdom,Gender wage gap,PT_WG_SAL_M_D,2024,13.138497349,A,gender_wage_gap,Work,lived,-1,core,False,pct,-13.138497349,,,
GRC,Greece,Gender wage gap,PT_WG_SAL_M_D,2010,9.9099099099,A,gender_wage_gap,Work,lived,-1,core,False,pct,-9.9099099099,,,
GRC,Greece,Gender wage gap,PT_WG_SAL_M_D,2014,7.1715817694,A,gender_wage_gap,Work,lived,-1,core,False,pct,-7.1715817694,,,
GRC,Greece,Gender wage gap,PT_WG_SAL_M_D,2018,5.9090909091,A,gender_wage_gap,Work,lived,-1,core,False,pct,-5.9090909091,,,
GRC,Greece,Gender wage gap,PT_WG_SAL_M_D,2022,7.5902726603,A,gender_wage_gap,Work,lived,-1,core,False,pct,-7.5902726603,,,
HRV,Croatia,Gender wage gap,PT_WG_SAL_M_D,2010,3.8323353293,A,gender_wage_gap,Work,lived,-1,core,False,pct,-3.8323353293,,,
HRV,Croatia,Gender wage gap,PT_WG_SAL_M_D,2014,-1.677852349,A,gender_wage_gap,Work,lived,-1,core,False,pct,1.677852349,,,
HRV,Croatia,Gender wage gap,PT_WG_SAL_M_D,2018,7.9150579151,A,gender_wage_gap,Work,lived,-1,core,False,pct,-7.9150579151,,,
HRV,Croatia,Gender wage gap,PT_WG_SAL_M_D,2022,5.0406504065,A,gender_wage_gap,Work,lived,-1,core,False,pct,-5.0406504065,,,
HUN,Hungary,Gender wage gap,PT_WG_SAL_M_D,2010,6.3817122518,A,gender_wage_gap,Work,lived,-1,core,False,pct,-6.3817122518,,,
HUN,Hungary,Gender wage gap,PT_WG_SAL_M_D,2011,6.8639053254,A,gender_wage_gap,Work,lived,-1,core,False,pct,-6.8639053254,,,
HUN,Hungary,Gender wage gap,PT_WG_SAL_M_D,2012,11.332462443,A,gender_wage_gap,Work,lived,-1,core,False,pct,-11.332462443,,,
HUN,Hungary,Gender wage gap,PT_WG_SAL_M_D,2013,8.7236506348,A,gender_wage_gap,Work,lived,-1,core,False,pct,-8.7236506348,,,
HUN,Hungary,Gender wage gap,PT_WG_SAL_M_D,2014,3.7726055271,A,gender_wage_gap,Work,lived,-1,core,False,pct,-3.7726055271,,,
HUN,Hungary,Gender wage gap,PT_WG_SAL_M_D,2015,9.5238095238,A,gender_wage_gap,Work,lived,-1,core,False,pct,-9.5238095238,,,
HUN,Hungary,Gender wage gap,PT_WG_SAL_M_D,2016,9.3643171806,A,gender_wage_gap,Work,lived,-1,core,False,pct,-9.3643171806,,,
HUN,Hungary,Gender wage gap,PT_WG_SAL_M_D,2017,5.3202686547,A,gender_wage_gap,Work,lived,-1,core,False,pct,-5.3202686547,,,
HUN,Hungary,Gender wage gap,PT_WG_SAL_M_D,2018,5.0632142857,A,gender_wage_gap,Work,lived,-1,core,False,pct,-5.0632142857,,,
HUN,Hungary,Gender wage gap,PT_WG_SAL_M_D,2019,12.753673197,A,gender_wage_gap,Work,lived,-1,core,False,pct,-12.753673197,,,
HUN,Hungary,Gender wage gap,PT_WG_SAL_M_D,2020,12.350016442,A,gender_wage_gap,Work,lived,-1,core,False,pct,-12.350016442,,,
HUN,Hungary,Gender wage gap,PT_WG_SAL_M_D,2021,13.076614108,A,gender_wage_gap,Work,lived,-1,core,False,pct,-13.076614108,,,
HUN,Hungary,Gender wage gap,PT_WG_SAL_M_D,2022,13.335555556,A,gender_wage_gap,Work,lived,-1,core,False,pct,-13.335555556,,,
HUN,Hungary,Gender wage gap,PT_WG_SAL_M_D,2023,14.241161051,A,gender_wage_gap,Work,lived,-1,core,False,pct,-14.241161051,,,
IRL,Ireland,Gender wage gap,PT_WG_SAL_M_D,2010,14.345864662,A,gender_wage_gap,Work,lived,-1,core,False,pct,-14.345864662,,,
IRL,Ireland,Gender wage gap,PT_WG_SAL_M_D,2014,10.606060606,A,gender_wage_gap,Work,lived,-1,core,False,pct,-10.606060606,,,
IRL,Ireland,Gender wage gap,PT_WG_SAL_M_D,2018,8.2840236686,A,gender_wage_gap,Work,lived,-1,core,False,pct,-8.2840236686,,,
IRL,Ireland,Gender wage gap,PT_WG_SAL_M_D,2022,9.3370445344,A,gender_wage_gap,Work,lived,-1,core,False,pct,-9.3370445344,,,
IRL,Ireland,Gender wage gap,PT_WG_SAL_M_D,2023,12.835634049,A,gender_wage_gap,Work,lived,-1,core,False,pct,-12.835634049,,,
IRL,Ireland,Gender wage gap,PT_WG_SAL_M_D,2024,14.08193024,A,gender_wage_gap,Work,lived,-1,core,False,pct,-14.08193024,,,
ISL,Iceland,Gender wage gap,PT_WG_SAL_M_D,2010,16.46039604,A,gender_wage_gap,Work,lived,-1,core,False,pct,-16.46039604,,,
ISL,Iceland,Gender wage gap,PT_WG_SAL_M_D,2014,13.84083045,A,gender_wage_gap,Work,lived,-1,core,False,pct,-13.84083045,,,
ISL,Iceland,Gender wage gap,PT_WG_SAL_M_D,2018,12.901247189,A,gender_wage_gap,Work,lived,-1,core,False,pct,-12.901247189,,,
ISL,Iceland,Gender wage gap,PT_WG_SAL_M_D,2022,10.818767249,A,gender_wage_gap,Work,lived,-1,core,False,pct,-10.818767249,,,
ISR,Israel,Gender wage gap,PT_WG_SAL_M_D,2010,20.391577392,A,gender_wage_gap,Work,lived,-1,core,False,pct,-20.391577392,,,
ISR,Israel,Gender wage gap,PT_WG_SAL_M_D,2011,19.659666908,A,gender_wage_gap,Work,lived,-1,core,False,pct,-19.659666908,,,
ISR,Israel,Gender wage gap,PT_WG_SAL_M_D,2012,20.0,A,gender_wage_gap,Work,lived,-1,core,False,pct,-20.0,,,
ISR,Israel,Gender wage gap,PT_WG_SAL_M_D,2013,20.345901815,A,gender_wage_gap,Work,lived,-1,core,False,pct,-20.345901815,,,
ISR,Israel,Gender wage gap,PT_WG_SAL_M_D,2014,20.108141196,A,gender_wage_gap,Work,lived,-1,core,False,pct,-20.108141196,,,
ISR,Israel,Gender wage gap,PT_WG_SAL_M_D,2015,20.439189189,A,gender_wage_gap,Work,lived,-1,core,False,pct,-20.439189189,,,
ISR,Israel,Gender wage gap,PT_WG_SAL_M_D,2016,21.593332041,A,gender_wage_gap,Work,lived,-1,core,False,pct,-21.593332041,,,
ISR,Israel,Gender wage gap,PT_WG_SAL_M_D,2017,21.791789941,A,gender_wage_gap,Work,lived,-1,core,False,pct,-21.791789941,,,
ISR,Israel,Gender wage gap,PT_WG_SAL_M_D,2018,22.659192432,A,gender_wage_gap,Work,lived,-1,core,False,pct,-22.659192432,,,
ISR,Israel,Gender wage gap,PT_WG_SAL_M_D,2019,24.318869828,A,gender_wage_gap,Work,lived,-1,core,False,pct,-24.318869828,,,
ISR,Israel,Gender wage gap,PT_WG_SAL_M_D,2020,21.558333333,A,gender_wage_gap,Work,lived,-1,core,False,pct,-21.558333333,,,
ISR,Israel,Gender wage gap,PT_WG_SAL_M_D,2021,25.357513813,A,gender_wage_gap,Work,lived,-1,core,False,pct,-25.357513813,,,
ISR,Israel,Gender wage gap,PT_WG_SAL_M_D,2022,20.846153846,A,gender_wage_gap,Work,lived,-1,core,False,pct,-20.846153846,,,
ITA,Italy,Gender wage gap,PT_WG_SAL_M_D,2010,5.6405353728,A,gender_wage_gap,Work,lived,-1,core,False,pct,-5.6405353728,,,
ITA,Italy,Gender wage gap,PT_WG_SAL_M_D,2014,6.5847234416,A,gender_wage_gap,Work,lived,-1,core,False,pct,-6.5847234416,,,
ITA,Italy,Gender wage gap,PT_WG_SAL_M_D,2018,5.7080610022,A,gender_wage_gap,Work,lived,-1,core,False,pct,-5.7080610022,,,
ITA,Italy,Gender wage gap,PT_WG_SAL_M_D,2022,5.2787162162,A,gender_wage_gap,Work,lived,-1,core,False,pct,-5.2787162162,,,
ITA,Italy,Gender wage gap,PT_WG_SAL_M_D,2023,4.8607541951,A,gender_wage_gap,Work,lived,-1,core,False,pct,-4.8607541951,,,
ITA,Italy,Gender wage gap,PT_WG_SAL_M_D,2024,5.1091967447,A,gender_wage_gap,Work,lived,-1,core,False,pct,-5.1091967447,,,
JPN,Japan,Gender wage gap,PT_WG_SAL_M_D,2010,28.684300928,A,gender_wage_gap,Work,lived,-1,core,False,pct,-28.684300928,,,
JPN,Japan,Gender wage gap,PT_WG_SAL_M_D,2011,27.395364926,A,gender_wage_gap,Work,lived,-1,core,False,pct,-27.395364926,,,
JPN,Japan,Gender wage gap,PT_WG_SAL_M_D,2012,26.523545706,A,gender_wage_gap,Work,lived,-1,core,False,pct,-26.523545706,,,
JPN,Japan,Gender wage gap,PT_WG_SAL_M_D,2013,26.587578507,A,gender_wage_gap,Work,lived,-1,core,False,pct,-26.587578507,,,
JPN,Japan,Gender wage gap,PT_WG_SAL_M_D,2014,25.870989997,A,gender_wage_gap,Work,lived,-1,core,False,pct,-25.870989997,,,
JPN,Japan,Gender wage gap,PT_WG_SAL_M_D,2015,25.731790334,A,gender_wage_gap,Work,lived,-1,core,False,pct,-25.731790334,,,
JPN,Japan,Gender wage gap,PT_WG_SAL_M_D,2016,24.601289447,A,gender_wage_gap,Work,lived,-1,core,False,pct,-24.601289447,,,
JPN,Japan,Gender wage gap,PT_WG_SAL_M_D,2017,24.518092661,A,gender_wage_gap,Work,lived,-1,core,False,pct,-24.518092661,,,
JPN,Japan,Gender wage gap,PT_WG_SAL_M_D,2018,23.537368955,A,gender_wage_gap,Work,lived,-1,core,False,pct,-23.537368955,,,
JPN,Japan,Gender wage gap,PT_WG_SAL_M_D,2019,23.480013436,A,gender_wage_gap,Work,lived,-1,core,False,pct,-23.480013436,,,
JPN,Japan,Gender wage gap,PT_WG_SAL_M_D,2020,22.518568535,A,gender_wage_gap,Work,lived,-1,core,False,pct,-22.518568535,,,
JPN,Japan,Gender wage gap,PT_WG_SAL_M_D,2021,22.113766409,A,gender_wage_gap,Work,lived,-1,core,False,pct,-22.113766409,,,
JPN,Japan,Gender wage gap,PT_WG_SAL_M_D,2022,21.347941567,A,gender_wage_gap,Work,lived,-1,core,False,pct,-21.347941567,,,
JPN,Japan,Gender wage gap,PT_WG_SAL_M_D,2023,22.042139384,A,gender_wage_gap,Work,lived,-1,core,False,pct,-22.042139384,,,
JPN,Japan,Gender wage gap,PT_WG_SAL_M_D,2024,20.650457847,A,gender_wage_gap,Work,lived,-1,core,False,pct,-20.650457847,,,
KOR,Korea,Gender wage gap,PT_WG_SAL_M_D,2010,39.605857342,A,gender_wage_gap,Work,lived,-1,core,False,pct,-39.605857342,,,
KOR,Korea,Gender wage gap,PT_WG_SAL_M_D,2011,36.5642295,A,gender_wage_gap,Work,lived,-1,core,False,pct,-36.5642295,,,
KOR,Korea,Gender wage gap,PT_WG_SAL_M_D,2012,36.298529966,A,gender_wage_gap,Work,lived,-1,core,False,pct,-36.298529966,,,
KOR,Korea,Gender wage gap,PT_WG_SAL_M_D,2013,36.599634369,A,gender_wage_gap,Work,lived,-1,core,False,pct,-36.599634369,,,
KOR,Korea,Gender wage gap,PT_WG_SAL_M_D,2014,36.653176139,A,gender_wage_gap,Work,lived,-1,core,False,pct,-36.653176139,,,
KOR,Korea,Gender wage gap,PT_WG_SAL_M_D,2015,37.176281754,A,gender_wage_gap,Work,lived,-1,core,False,pct,-37.176281754,,,
KOR,Korea,Gender wage gap,PT_WG_SAL_M_D,2016,36.666666667,A,gender_wage_gap,Work,lived,-1,core,False,pct,-36.666666667,,,
KOR,Korea,Gender wage gap,PT_WG_SAL_M_D,2017,34.617382557,A,gender_wage_gap,Work,lived,-1,core,False,pct,-34.617382557,,,
KOR,Korea,Gender wage gap,PT_WG_SAL_M_D,2018,34.107310951,A,gender_wage_gap,Work,lived,-1,core,False,pct,-34.107310951,,,
KOR,Korea,Gender wage gap,PT_WG_SAL_M_D,2019,32.480444715,A,gender_wage_gap,Work,lived,-1,core,False,pct,-32.480444715,,,
KOR,Korea,Gender wage gap,PT_WG_SAL_M_D,2020,31.48475223,A,gender_wage_gap,Work,lived,-1,core,False,pct,-31.48475223,,,
KOR,Korea,Gender wage gap,PT_WG_SAL_M_D,2021,31.064839435,A,gender_wage_gap,Work,lived,-1,core,False,pct,-31.064839435,,,
KOR,Korea,Gender wage gap,PT_WG_SAL_M_D,2022,31.242084275,A,gender_wage_gap,Work,lived,-1,core,False,pct,-31.242084275,,,
KOR,Korea,Gender wage gap,PT_WG_SAL_M_D,2023,29.300864101,A,gender_wage_gap,Work,lived,-1,core,False,pct,-29.300864101,,,
KOR,Korea,Gender wage gap,PT_WG_SAL_M_D,2024,28.953678228,A,gender_wage_gap,Work,lived,-1,core,False,pct,-28.953678228,,,
LTU,Lithuania,Gender wage gap,PT_WG_SAL_M_D,2010,10.642570281,A,gender_wage_gap,Work,lived,-1,core,False,pct,-10.642570281,,,
LTU,Lithuania,Gender wage gap,PT_WG_SAL_M_D,2014,12.479740681,A,gender_wage_gap,Work,lived,-1,core,False,pct,-12.479740681,,,
LTU,Lithuania,Gender wage gap,PT_WG_SAL_M_D,2018,11.689814815,A,gender_wage_gap,Work,lived,-1,core,False,pct,-11.689814815,,,
LTU,Lithuania,Gender wage gap,PT_WG_SAL_M_D,2022,6.954887218,A,gender_wage_gap,Work,lived,-1,core,False,pct,-6.954887218,,,
LTU,Lithuania,Gender wage gap,PT_WG_SAL_M_D,2023,1.5335966864,A,gender_wage_gap,Work,lived,-1,core,False,pct,-1.5335966864,,,
LTU,Lithuania,Gender wage gap,PT_WG_SAL_M_D,2024,6.3416505529,A,gender_wage_gap,Work,lived,-1,core,False,pct,-6.3416505529,,,
LUX,Luxembourg,Gender wage gap,PT_WG_SAL_M_D,2010,4.5921644188,A,gender_wage_gap,Work,lived,-1,core,False,pct,-4.5921644188,,,
LUX,Luxembourg,Gender wage gap,PT_WG_SAL_M_D,2014,3.4029167858,A,gender_wage_gap,Work,lived,-1,core,False,pct,-3.4029167858,,,
LUX,Luxembourg,Gender wage gap,PT_WG_SAL_M_D,2018,-3.133514986,A,gender_wage_gap,Work,lived,-1,core,False,pct,3.133514986,,,
LUX,Luxembourg,Gender wage gap,PT_WG_SAL_M_D,2022,-8.677098151,A,gender_wage_gap,Work,lived,-1,core,False,pct,8.677098151,,,
LVA,Latvia,Gender wage gap,PT_WG_SAL_M_D,2010,19.055649241,A,gender_wage_gap,Work,lived,-1,core,False,pct,-19.055649241,,,
LVA,Latvia,Gender wage gap,PT_WG_SAL_M_D,2014,21.122994652,A,gender_wage_gap,Work,lived,-1,core,False,pct,-21.122994652,,,
LVA,Latvia,Gender wage gap,PT_WG_SAL_M_D,2018,20.289855072,A,gender_wage_gap,Work,lived,-1,core,False,pct,-20.289855072,,,
LVA,Latvia,Gender wage gap,PT_WG_SAL_M_D,2022,19.35483871,A,gender_wage_gap,Work,lived,-1,core,False,pct,-19.35483871,,,
LVA,Latvia,Gender wage gap,PT_WG_SAL_M_D,2023,18.211830381,A,gender_wage_gap,Work,lived,-1,core,False,pct,-18.211830381,,,
LVA,Latvia,Gender wage gap,PT_WG_SAL_M_D,2024,16.893755591,A,gender_wage_gap,Work,lived,-1,core,False,pct,-16.893755591,,,
MEX,Mexico,Gender wage gap,PT_WG_SAL_M_D,2010,11.627906977,A,gender_wage_gap,Work,lived,-1,core,False,pct,-11.627906977,,,
MEX,Mexico,Gender wage gap,PT_WG_SAL_M_D,2011,10.0,A,gender_wage_gap,Work,lived,-1,core,False,pct,-10.0,,,
MEX,Mexico,Gender wage gap,PT_WG_SAL_M_D,2012,13.555555556,A,gender_wage_gap,Work,lived,-1,core,False,pct,-13.555555556,,,
MEX,Mexico,Gender wage gap,PT_WG_SAL_M_D,2013,15.433403805,A,gender_wage_gap,Work,lived,-1,core,False,pct,-15.433403805,,,
MEX,Mexico,Gender wage gap,PT_WG_SAL_M_D,2014,18.3,A,gender_wage_gap,Work,lived,-1,core,False,pct,-18.3,,,
MEX,Mexico,Gender wage gap,PT_WG_SAL_M_D,2015,16.666666667,A,gender_wage_gap,Work,lived,-1,core,False,pct,-16.666666667,,,
MEX,Mexico,Gender wage gap,PT_WG_SAL_M_D,2016,16.492248062,A,gender_wage_gap,Work,lived,-1,core,False,pct,-16.492248062,,,
MEX,Mexico,Gender wage gap,PT_WG_SAL_M_D,2017,11.111111111,A,gender_wage_gap,Work,lived,-1,core,False,pct,-11.111111111,,,
MEX,Mexico,Gender wage gap,PT_WG_SAL_M_D,2018,14.0,A,gender_wage_gap,Work,lived,-1,core,False,pct,-14.0,,,
MEX,Mexico,Gender wage gap,PT_WG_SAL_M_D,2021,12.5,A,gender_wage_gap,Work,lived,-1,core,False,pct,-12.5,,,
MEX,Mexico,Gender wage gap,PT_WG_SAL_M_D,2022,16.666666667,A,gender_wage_gap,Work,lived,-1,core,False,pct,-16.666666667,,,
MEX,Mexico,Gender wage gap,PT_WG_SAL_M_D,2023,15.0,A,gender_wage_gap,Work,lived,-1,core,False,pct,-15.0,,,
MEX,Mexico,Gender wage gap,PT_WG_SAL_M_D,2024,11.406423034,A,gender_wage_gap,Work,lived,-1,core,False,pct,-11.406423034,,,
NLD,Netherlands,Gender wage gap,PT_WG_SAL_M_D,2010,17.88914703,A,gender_wage_gap,Work,lived,-1,core,False,pct,-17.88914703,,,
NLD,Netherlands,Gender wage gap,PT_WG_SAL_M_D,2014,15.304839723,A,gender_wage_gap,Work,lived,-1,core,False,pct,-15.304839723,,,
NLD,Netherlands,Gender wage gap,PT_WG_SAL_M_D,2018,12.657091562,A,gender_wage_gap,Work,lived,-1,core,False,pct,-12.657091562,,,
NLD,Netherlands,Gender wage gap,PT_WG_SAL_M_D,2022,9.5139607032,A,gender_wage_gap,Work,lived,-1,core,False,pct,-9.5139607032,,,
NLD,Netherlands,Gender wage gap,PT_WG_SAL_M_D,2023,5.8012319759,A,gender_wage_gap,Work,lived,-1,core,False,pct,-5.8012319759,,,
NLD,Netherlands,Gender wage gap,PT_WG_SAL_M_D,2024,6.1682482754,A,gender_wage_gap,Work,lived,-1,core,False,pct,-6.1682482754,,,
NOR,Norway,Gender wage gap,PT_WG_SAL_M_D,2010,7.2360953462,A,gender_wage_gap,Work,lived,-1,core,False,pct,-7.2360953462,,,
NOR,Norway,Gender wage gap,PT_WG_SAL_M_D,2011,7.1448124829,A,gender_wage_gap,Work,lived,-1,core,False,pct,-7.1448124829,,,
NOR,Norway,Gender wage gap,PT_WG_SAL_M_D,2012,5.7921184872,A,gender_wage_gap,Work,lived,-1,core,False,pct,-5.7921184872,,,
NOR,Norway,Gender wage gap,PT_WG_SAL_M_D,2013,6.5970453388,A,gender_wage_gap,Work,lived,-1,core,False,pct,-6.5970453388,,,
NOR,Norway,Gender wage gap,PT_WG_SAL_M_D,2014,5.8006941001,A,gender_wage_gap,Work,lived,-1,core,False,pct,-5.8006941001,,,
NOR,Norway,Gender wage gap,PT_WG_SAL_M_D,2015,6.9577735125,A,gender_wage_gap,Work,lived,-1,core,False,pct,-6.9577735125,,,
NOR,Norway,Gender wage gap,PT_WG_SAL_M_D,2016,6.3063063063,A,gender_wage_gap,Work,lived,-1,core,False,pct,-6.3063063063,,,
NOR,Norway,Gender wage gap,PT_WG_SAL_M_D,2017,5.4947613504,A,gender_wage_gap,Work,lived,-1,core,False,pct,-5.4947613504,,,
NOR,Norway,Gender wage gap,PT_WG_SAL_M_D,2018,5.1293690422,A,gender_wage_gap,Work,lived,-1,core,False,pct,-5.1293690422,,,
NOR,Norway,Gender wage gap,PT_WG_SAL_M_D,2019,4.3678665496,A,gender_wage_gap,Work,lived,-1,core,False,pct,-4.3678665496,,,
NOR,Norway,Gender wage gap,PT_WG_SAL_M_D,2020,4.8138639281,A,gender_wage_gap,Work,lived,-1,core,False,pct,-4.8138639281,,,
NOR,Norway,Gender wage gap,PT_WG_SAL_M_D,2021,4.6014790468,A,gender_wage_gap,Work,lived,-1,core,False,pct,-4.6014790468,,,
NOR,Norway,Gender wage gap,PT_WG_SAL_M_D,2022,4.4814594487,A,gender_wage_gap,Work,lived,-1,core,False,pct,-4.4814594487,,,
NOR,Norway,Gender wage gap,PT_WG_SAL_M_D,2023,4.5200892857,A,gender_wage_gap,Work,lived,-1,core,False,pct,-4.5200892857,,,
NOR,Norway,Gender wage gap,PT_WG_SAL_M_D,2024,4.6888771373,A,gender_wage_gap,Work,lived,-1,core,False,pct,-4.6888771373,,,
NZL,New Zealand,Gender wage gap,PT_WG_SAL_M_D,2010,7.0112359551,A,gender_wage_gap,Work,lived,-1,core,False,pct,-7.0112359551,,,
NZL,New Zealand,Gender wage gap,PT_WG_SAL_M_D,2011,4.5333333333,A,gender_wage_gap,Work,lived,-1,core,False,pct,-4.5333333333,,,
NZL,New Zealand,Gender wage gap,PT_WG_SAL_M_D,2012,5.9079061685,A,gender_wage_gap,Work,lived,-1,core,False,pct,-5.9079061685,,,
NZL,New Zealand,Gender wage gap,PT_WG_SAL_M_D,2013,6.5943238731,A,gender_wage_gap,Work,lived,-1,core,False,pct,-6.5943238731,,,
NZL,New Zealand,Gender wage gap,PT_WG_SAL_M_D,2014,6.0833333333,A,gender_wage_gap,Work,lived,-1,core,False,pct,-6.0833333333,,,
NZL,New Zealand,Gender wage gap,PT_WG_SAL_M_D,2015,7.92,A,gender_wage_gap,Work,lived,-1,core,False,pct,-7.92,,,
NZL,New Zealand,Gender wage gap,PT_WG_SAL_M_D,2016,7.7692307692,A,gender_wage_gap,Work,lived,-1,core,False,pct,-7.7692307692,,,
NZL,New Zealand,Gender wage gap,PT_WG_SAL_M_D,2017,7.1508379888,A,gender_wage_gap,Work,lived,-1,core,False,pct,-7.1508379888,,,
NZL,New Zealand,Gender wage gap,PT_WG_SAL_M_D,2018,7.8696925329,A,gender_wage_gap,Work,lived,-1,core,False,pct,-7.8696925329,,,
NZL,New Zealand,Gender wage gap,PT_WG_SAL_M_D,2019,6.5084501978,A,gender_wage_gap,Work,lived,-1,core,False,pct,-6.5084501978,,,
NZL,New Zealand,Gender wage gap,PT_WG_SAL_M_D,2020,4.5814674475,A,gender_wage_gap,Work,lived,-1,core,False,pct,-4.5814674475,,,
NZL,New Zealand,Gender wage gap,PT_WG_SAL_M_D,2021,6.6666666667,A,gender_wage_gap,Work,lived,-1,core,False,pct,-6.6666666667,,,
NZL,New Zealand,Gender wage gap,PT_WG_SAL_M_D,2022,6.2558648733,A,gender_wage_gap,Work,lived,-1,core,False,pct,-6.2558648733,,,
NZL,New Zealand,Gender wage gap,PT_WG_SAL_M_D,2023,4.2303172738,A,gender_wage_gap,Work,lived,-1,core,False,pct,-4.2303172738,,,
NZL,New Zealand,Gender wage gap,PT_WG_SAL_M_D,2024,8.2117310443,A,gender_wage_gap,Work,lived,-1,core,False,pct,-8.2117310443,,,
PER,Peru,Gender wage gap,PT_WG_SAL_M_D,2010,23.711340209,A,gender_wage_gap,Work,lived,-1,core,False,pct,-23.711340209,,,
PER,Peru,Gender wage gap,PT_WG_SAL_M_D,2011,22.265827474,A,gender_wage_gap,Work,lived,-1,core,False,pct,-22.265827474,,,
PER,Peru,Gender wage gap,PT_WG_SAL_M_D,2012,23.473166788,A,gender_wage_gap,Work,lived,-1,core,False,pct,-23.473166788,,,
PER,Peru,Gender wage gap,PT_WG_SAL_M_D,2013,19.071363808,A,gender_wage_gap,Work,lived,-1,core,False,pct,-19.071363808,,,
PER,Peru,Gender wage gap,PT_WG_SAL_M_D,2014,19.959763462,A,gender_wage_gap,Work,lived,-1,core,False,pct,-19.959763462,,,
PER,Peru,Gender wage gap,PT_WG_SAL_M_D,2015,19.859297678,A,gender_wage_gap,Work,lived,-1,core,False,pct,-19.859297678,,,
PER,Peru,Gender wage gap,PT_WG_SAL_M_D,2016,20.355064333,A,gender_wage_gap,Work,lived,-1,core,False,pct,-20.355064333,,,
PER,Peru,Gender wage gap,PT_WG_SAL_M_D,2017,19.224402062,A,gender_wage_gap,Work,lived,-1,core,False,pct,-19.224402062,,,
PER,Peru,Gender wage gap,PT_WG_SAL_M_D,2018,17.567936543,A,gender_wage_gap,Work,lived,-1,core,False,pct,-17.567936543,,,
PER,Peru,Gender wage gap,PT_WG_SAL_M_D,2020,10.593119808,A,gender_wage_gap,Work,lived,-1,core,False,pct,-10.593119808,,,
PER,Peru,Gender wage gap,PT_WG_SAL_M_D,2021,15.576093522,A,gender_wage_gap,Work,lived,-1,core,False,pct,-15.576093522,,,
PER,Peru,Gender wage gap,PT_WG_SAL_M_D,2022,18.728040677,A,gender_wage_gap,Work,lived,-1,core,False,pct,-18.728040677,,,
POL,Poland,Gender wage gap,PT_WG_SAL_M_D,2010,7.1902070437,A,gender_wage_gap,Work,lived,-1,core,False,pct,-7.1902070437,,,
POL,Poland,Gender wage gap,PT_WG_SAL_M_D,2012,10.620155274,A,gender_wage_gap,Work,lived,-1,core,False,pct,-10.620155274,,,
POL,Poland,Gender wage gap,PT_WG_SAL_M_D,2014,11.07286288,A,gender_wage_gap,Work,lived,-1,core,False,pct,-11.07286288,,,
POL,Poland,Gender wage gap,PT_WG_SAL_M_D,2016,9.4178809362,A,gender_wage_gap,Work,lived,-1,core,False,pct,-9.4178809362,,,
POL,Poland,Gender wage gap,PT_WG_SAL_M_D,2018,11.497909952,A,gender_wage_gap,Work,lived,-1,core,False,pct,-11.497909952,,,
POL,Poland,Gender wage gap,PT_WG_SAL_M_D,2020,8.6906141367,A,gender_wage_gap,Work,lived,-1,core,False,pct,-8.6906141367,,,
POL,Poland,Gender wage gap,PT_WG_SAL_M_D,2022,10.170974578,A,gender_wage_gap,Work,lived,-1,core,False,pct,-10.170974578,,,
POL,Poland,Gender wage gap,PT_WG_SAL_M_D,2023,10.85719122,A,gender_wage_gap,Work,lived,-1,core,False,pct,-10.85719122,,,
POL,Poland,Gender wage gap,PT_WG_SAL_M_D,2024,4.0386558017,A,gender_wage_gap,Work,lived,-1,core,False,pct,-4.0386558017,,,
PRT,Portugal,Gender wage gap,PT_WG_SAL_M_D,2010,16.020942408,A,gender_wage_gap,Work,lived,-1,core,False,pct,-16.020942408,,,
PRT,Portugal,Gender wage gap,PT_WG_SAL_M_D,2014,15.321756895,A,gender_wage_gap,Work,lived,-1,core,False,pct,-15.321756895,,,
PRT,Portugal,Gender wage gap,PT_WG_SAL_M_D,2018,11.665004985,A,gender_wage_gap,Work,lived,-1,core,False,pct,-11.665004985,,,
PRT,Portugal,Gender wage gap,PT_WG_SAL_M_D,2022,9.5113438045,A,gender_wage_gap,Work,lived,-1,core,False,pct,-9.5113438045,,,
ROU,Romania,Gender wage gap,PT_WG_SAL_M_D,2010,9.6317280453,A,gender_wage_gap,Work,lived,-1,core,False,pct,-9.6317280453,,,
ROU,Romania,Gender wage gap,PT_WG_SAL_M_D,2014,1.5463917526,A,gender_wage_gap,Work,lived,-1,core,False,pct,-1.5463917526,,,
ROU,Romania,Gender wage gap,PT_WG_SAL_M_D,2018,3.4965034965,A,gender_wage_gap,Work,lived,-1,core,False,pct,-3.4965034965,,,
ROU,Romania,Gender wage gap,PT_WG_SAL_M_D,2022,13.63602475,A,gender_wage_gap,Work,lived,-1,core,False,pct,-13.63602475,,,
SVK,Slovak Republic,Gender wage gap,PT_WG_SAL_M_D,2010,14.851117649,A,gender_wage_gap,Work,lived,-1,core,False,pct,-14.851117649,,,
SVK,Slovak Republic,Gender wage gap,PT_WG_SAL_M_D,2011,15.449856429,A,gender_wage_gap,Work,lived,-1,core,False,pct,-15.449856429,,,
SVK,Slovak Republic,Gender wage gap,PT_WG_SAL_M_D,2012,15.965269161,A,gender_wage_gap,Work,lived,-1,core,False,pct,-15.965269161,,,
SVK,Slovak Republic,Gender wage gap,PT_WG_SAL_M_D,2013,14.109329757,A,gender_wage_gap,Work,lived,-1,core,False,pct,-14.109329757,,,
SVK,Slovak Republic,Gender wage gap,PT_WG_SAL_M_D,2014,14.350047529,A,gender_wage_gap,Work,lived,-1,core,False,pct,-14.350047529,,,
SVK,Slovak Republic,Gender wage gap,PT_WG_SAL_M_D,2015,13.376624885,A,gender_wage_gap,Work,lived,-1,core,False,pct,-13.376624885,,,
SVK,Slovak Republic,Gender wage gap,PT_WG_SAL_M_D,2016,13.899182143,A,gender_wage_gap,Work,lived,-1,core,False,pct,-13.899182143,,,
SVK,Slovak Republic,Gender wage gap,PT_WG_SAL_M_D,2017,15.040042332,A,gender_wage_gap,Work,lived,-1,core,False,pct,-15.040042332,,,
SVK,Slovak Republic,Gender wage gap,PT_WG_SAL_M_D,2018,15.662080133,A,gender_wage_gap,Work,lived,-1,core,False,pct,-15.662080133,,,
SVK,Slovak Republic,Gender wage gap,PT_WG_SAL_M_D,2019,13.869849949,A,gender_wage_gap,Work,lived,-1,core,False,pct,-13.869849949,,,
SVK,Slovak Republic,Gender wage gap,PT_WG_SAL_M_D,2020,11.014467821,A,gender_wage_gap,Work,lived,-1,core,False,pct,-11.014467821,,,
SVK,Slovak Republic,Gender wage gap,PT_WG_SAL_M_D,2021,11.700371359,A,gender_wage_gap,Work,lived,-1,core,False,pct,-11.700371359,,,
SVK,Slovak Republic,Gender wage gap,PT_WG_SAL_M_D,2022,13.808194646,A,gender_wage_gap,Work,lived,-1,core,False,pct,-13.808194646,,,
SVK,Slovak Republic,Gender wage gap,PT_WG_SAL_M_D,2023,12.463883051,A,gender_wage_gap,Work,lived,-1,core,False,pct,-12.463883051,,,
SVK,Slovak Republic,Gender wage gap,PT_WG_SAL_M_D,2024,12.473204624,A,gender_wage_gap,Work,lived,-1,core,False,pct,-12.473204624,,,
SVN,Slovenia,Gender wage gap,PT_WG_SAL_M_D,2010,0.9917355372,A,gender_wage_gap,Work,lived,-1,core,False,pct,-0.9917355372,,,
SVN,Slovenia,Gender wage gap,PT_WG_SAL_M_D,2014,4.9962714392,A,gender_wage_gap,Work,lived,-1,core,False,pct,-4.9962714392,,,
SVN,Slovenia,Gender wage gap,PT_WG_SAL_M_D,2018,8.1945369753,A,gender_wage_gap,Work,lived,-1,core,False,pct,-8.1945369753,,,
SVN,Slovenia,Gender wage gap,PT_WG_SAL_M_D,2022,7.7457264957,A,gender_wage_gap,Work,lived,-1,core,False,pct,-7.7457264957,,,
SVN,Slovenia,Gender wage gap,PT_WG_SAL_M_D,2023,9.0055389208,A,gender_wage_gap,Work,lived,-1,core,False,pct,-9.0055389208,,,
SVN,Slovenia,Gender wage gap,PT_WG_SAL_M_D,2024,8.5330872223,A,gender_wage_gap,Work,lived,-1,core,False,pct,-8.5330872223,,,
SWE,Sweden,Gender wage gap,PT_WG_SAL_M_D,2010,9.3632958801,A,gender_wage_gap,Work,lived,-1,core,False,pct,-9.3632958801,,,
SWE,Sweden,Gender wage gap,PT_WG_SAL_M_D,2011,9.1575091575,A,gender_wage_gap,Work,lived,-1,core,False,pct,-9.1575091575,,,
SWE,Sweden,Gender wage gap,PT_WG_SAL_M_D,2012,9.2857142857,A,gender_wage_gap,Work,lived,-1,core,False,pct,-9.2857142857,,,
SWE,Sweden,Gender wage gap,PT_WG_SAL_M_D,2013,9.375,A,gender_wage_gap,Work,lived,-1,core,False,pct,-9.375,,,
SWE,Sweden,Gender wage gap,PT_WG_SAL_M_D,2014,9.1525423729,A,gender_wage_gap,Work,lived,-1,core,False,pct,-9.1525423729,,,
SWE,Sweden,Gender wage gap,PT_WG_SAL_M_D,2015,8.3333333333,A,gender_wage_gap,Work,lived,-1,core,False,pct,-8.3333333333,,,
SWE,Sweden,Gender wage gap,PT_WG_SAL_M_D,2016,8.1699346405,A,gender_wage_gap,Work,lived,-1,core,False,pct,-8.1699346405,,,
SWE,Sweden,Gender wage gap,PT_WG_SAL_M_D,2017,7.3482428115,A,gender_wage_gap,Work,lived,-1,core,False,pct,-7.3482428115,,,
SWE,Sweden,Gender wage gap,PT_WG_SAL_M_D,2018,7.1428571429,A,gender_wage_gap,Work,lived,-1,core,False,pct,-7.1428571429,,,
SWE,Sweden,Gender wage gap,PT_WG_SAL_M_D,2019,7.5757575758,A,gender_wage_gap,Work,lived,-1,core,False,pct,-7.5757575758,,,
SWE,Sweden,Gender wage gap,PT_WG_SAL_M_D,2020,7.4183976261,A,gender_wage_gap,Work,lived,-1,core,False,pct,-7.4183976261,,,
SWE,Sweden,Gender wage gap,PT_WG_SAL_M_D,2021,7.2463768116,A,gender_wage_gap,Work,lived,-1,core,False,pct,-7.2463768116,,,
SWE,Sweden,Gender wage gap,PT_WG_SAL_M_D,2022,7.0422535211,A,gender_wage_gap,Work,lived,-1,core,False,pct,-7.0422535211,,,
SWE,Sweden,Gender wage gap,PT_WG_SAL_M_D,2023,7.2972972973,A,gender_wage_gap,Work,lived,-1,core,False,pct,-7.2972972973,,,
SWE,Sweden,Gender wage gap,PT_WG_SAL_M_D,2024,7.5129533679,A,gender_wage_gap,Work,lived,-1,core,False,pct,-7.5129533679,,,
TUR,Türkiye,Gender wage gap,PT_WG_SAL_M_D,2010,3.1042128603,A,gender_wage_gap,Work,lived,-1,core,False,pct,-3.1042128603,,,
TUR,Türkiye,Gender wage gap,PT_WG_SAL_M_D,2014,6.8825910931,A,gender_wage_gap,Work,lived,-1,core,False,pct,-6.8825910931,,,
TUR,Türkiye,Gender wage gap,PT_WG_SAL_M_D,2018,9.980806142,A,gender_wage_gap,Work,lived,-1,core,False,pct,-9.980806142,,,
TUR,Türkiye,Gender wage gap,PT_WG_SAL_M_D,2022,4.0543237459,A,gender_wage_gap,Work,lived,-1,core,False,pct,-4.0543237459,,,
TUR,Türkiye,Gender wage gap,PT_WG_SAL_M_D,2023,4.9207696108,A,gender_wage_gap,Work,lived,-1,core,False,pct,-4.9207696108,,,
USA,United States,Gender wage gap,PT_WG_SAL_M_D,2010,18.810679612,A,gender_wage_gap,Work,lived,-1,core,False,pct,-18.810679612,,,
USA,United States,Gender wage gap,PT_WG_SAL_M_D,2011,17.788461538,A,gender_wage_gap,Work,lived,-1,core,False,pct,-17.788461538,,,
USA,United States,Gender wage gap,PT_WG_SAL_M_D,2012,19.086651054,A,gender_wage_gap,Work,lived,-1,core,False,pct,-19.086651054,,,
USA,United States,Gender wage gap,PT_WG_SAL_M_D,2013,17.906976744,A,gender_wage_gap,Work,lived,-1,core,False,pct,-17.906976744,,,
USA,United States,Gender wage gap,PT_WG_SAL_M_D,2014,17.451205511,A,gender_wage_gap,Work,lived,-1,core,False,pct,-17.451205511,,,
USA,United States,Gender wage gap,PT_WG_SAL_M_D,2015,18.882681564,A,gender_wage_gap,Work,lived,-1,core,False,pct,-18.882681564,,,
USA,United States,Gender wage gap,PT_WG_SAL_M_D,2016,18.142076503,A,gender_wage_gap,Work,lived,-1,core,False,pct,-18.142076503,,,
USA,United States,Gender wage gap,PT_WG_SAL_M_D,2017,18.172157279,A,gender_wage_gap,Work,lived,-1,core,False,pct,-18.172157279,,,
USA,United States,Gender wage gap,PT_WG_SAL_M_D,2018,18.910585817,A,gender_wage_gap,Work,lived,-1,core,False,pct,-18.910585817,,,
USA,United States,Gender wage gap,PT_WG_SAL_M_D,2019,18.470705065,A,gender_wage_gap,Work,lived,-1,core,False,pct,-18.470705065,,,
USA,United States,Gender wage gap,PT_WG_SAL_M_D,2020,17.652495379,A,gender_wage_gap,Work,lived,-1,core,False,pct,-17.652495379,,,
USA,United States,Gender wage gap,PT_WG_SAL_M_D,2021,16.864175023,A,gender_wage_gap,Work,lived,-1,core,False,pct,-16.864175023,,,
USA,United States,Gender wage gap,PT_WG_SAL_M_D,2022,16.98440208,A,gender_wage_gap,Work,lived,-1,core,False,pct,-16.98440208,,,
USA,United States,Gender wage gap,PT_WG_SAL_M_D,2023,16.389351082,A,gender_wage_gap,Work,lived,-1,core,False,pct,-16.389351082,,,
USA,United States,Gender wage gap,PT_WG_SAL_M_D,2024,17.287866772,A,gender_wage_gap,Work,lived,-1,core,False,pct,-17.287866772,,,
AUT,Austria,Housing affordability,PT_B7G_S14,2010,80.1800346659,A,housing_affordability,Material,lived,1,core,False,pct_income_remaining,80.1800346659,,,
AUT,Austria,Housing affordability,PT_B7G_S14,2011,79.6906692922,A,housing_affordability,Material,lived,1,core,False,pct_income_remaining,79.6906692922,,,
AUT,Austria,Housing affordability,PT_B7G_S14,2012,79.8114982411,A,housing_affordability,Material,lived,1,core,False,pct_income_remaining,79.8114982411,,,
AUT,Austria,Housing affordability,PT_B7G_S14,2013,79.2066632087,A,housing_affordability,Material,lived,1,core,False,pct_income_remaining,79.2066632087,,,
AUT,Austria,Housing affordability,PT_B7G_S14,2014,79.2580931766,A,housing_affordability,Material,lived,1,core,False,pct_income_remaining,79.2580931766,,,
AUT,Austria,Housing affordability,PT_B7G_S14,2015,79.2105374973,A,housing_affordability,Material,lived,1,core,False,pct_income_remaining,79.2105374973,,,
AUT,Austria,Housing affordability,PT_B7G_S14,2016,79.3050425241,A,housing_affordability,Material,lived,1,core,False,pct_income_remaining,79.3050425241,,,
AUT,Austria,Housing affordability,PT_B7G_S14,2017,79.1502390374,A,housing_affordability,Material,lived,1,core,False,pct_income_remaining,79.1502390374,,,
AUT,Austria,Housing affordability,PT_B7G_S14,2018,79.3418907548,A,housing_affordability,Material,lived,1,core,False,pct_income_remaining,79.3418907548,,,
AUT,Austria,Housing affordability,PT_B7G_S14,2019,79.2029613777,A,housing_affordability,Material,lived,1,core,False,pct_income_remaining,79.2029613777,,,
AUT,Austria,Housing affordability,PT_B7G_S14,2020,78.7387693976,A,housing_affordability,Material,lived,1,core,False,pct_income_remaining,78.7387693976,,,
AUT,Austria,Housing affordability,PT_B7G_S14,2021,78.9233010387,A,housing_affordability,Material,lived,1,core,False,pct_income_remaining,78.9233010387,,,
AUT,Austria,Housing affordability,PT_B7G_S14,2022,79.3847865597,A,housing_affordability,Material,lived,1,core,False,pct_income_remaining,79.3847865597,,,
AUT,Austria,Housing affordability,PT_B7G_S14,2023,79.3365485262,A,housing_affordability,Material,lived,1,core,False,pct_income_remaining,79.3365485262,,,
AUT,Austria,Housing affordability,PT_B7G_S14,2024,80.3947137812,A,housing_affordability,Material,lived,1,core,False,pct_income_remaining,80.3947137812,,,
BEL,Belgium,Housing affordability,PT_B7G_S14,2010,80.1496001068,A,housing_affordability,Material,lived,1,core,False,pct_income_remaining,80.1496001068,,,
BEL,Belgium,Housing affordability,PT_B7G_S14,2011,79.7568918754,A,housing_affordability,Material,lived,1,core,False,pct_income_remaining,79.7568918754,,,
BEL,Belgium,Housing affordability,PT_B7G_S14,2012,79.3608437988,A,housing_affordability,Material,lived,1,core,False,pct_income_remaining,79.3608437988,,,
BEL,Belgium,Housing affordability,PT_B7G_S14,2013,79.3476319554,A,housing_affordability,Material,lived,1,core,False,pct_income_remaining,79.3476319554,,,
BEL,Belgium,Housing affordability,PT_B7G_S14,2014,79.8882666752,A,housing_affordability,Material,lived,1,core,False,pct_income_remaining,79.8882666752,,,
BEL,Belgium,Housing affordability,PT_B7G_S14,2015,79.8464339998,A,housing_affordability,Material,lived,1,core,False,pct_income_remaining,79.8464339998,,,
BEL,Belgium,Housing affordability,PT_B7G_S14,2016,79.9362732432,A,housing_affordability,Material,lived,1,core,False,pct_income_remaining,79.9362732432,,,
BEL,Belgium,Housing affordability,PT_B7G_S14,2017,79.9509800914,A,housing_affordability,Material,lived,1,core,False,pct_income_remaining,79.9509800914,,,
BEL,Belgium,Housing affordability,PT_B7G_S14,2018,80.0845608292,A,housing_affordability,Material,lived,1,core,False,pct_income_remaining,80.0845608292,,,
BEL,Belgium,Housing affordability,PT_B7G_S14,2019,80.4111912624,A,housing_affordability,Material,lived,1,core,False,pct_income_remaining,80.4111912624,,,
BEL,Belgium,Housing affordability,PT_B7G_S14,2020,80.6831223978,A,housing_affordability,Material,lived,1,core,False,pct_income_remaining,80.6831223978,,,
BEL,Belgium,Housing affordability,PT_B7G_S14,2021,80.3713361305,A,housing_affordability,Material,lived,1,core,False,pct_income_remaining,80.3713361305,,,
BEL,Belgium,Housing affordability,PT_B7G_S14,2022,79.3954351841,A,housing_affordability,Material,lived,1,core,False,pct_income_remaining,79.3954351841,,,
BEL,Belgium,Housing affordability,PT_B7G_S14,2023,80.8688834733,A,housing_affordability,Material,lived,1,core,False,pct_income_remaining,80.8688834733,,,
BEL,Belgium,Housing affordability,PT_B7G_S14,2024,81.1270599716,P,housing_affordability,Material,lived,1,core,False,pct_income_remaining,81.1270599716,,,
BGR,Bulgaria,Housing affordability,PT_B7G_S14,2010,75.219636633,A,housing_affordability,Material,lived,1,core,False,pct_income_remaining,75.219636633,,,
BGR,Bulgaria,Housing affordability,PT_B7G_S14,2011,75.4114035878,A,housing_affordability,Material,lived,1,core,False,pct_income_remaining,75.4114035878,,,
BGR,Bulgaria,Housing affordability,PT_B7G_S14,2012,73.7639885671,A,housing_affordability,Material,lived,1,core,False,pct_income_remaining,73.7639885671,,,
BGR,Bulgaria,Housing affordability,PT_B7G_S14,2013,75.1964029178,A,housing_affordability,Material,lived,1,core,False,pct_income_remaining,75.1964029178,,,
BGR,Bulgaria,Housing affordability,PT_B7G_S14,2014,76.3500646394,A,housing_affordability,Material,lived,1,core,False,pct_income_remaining,76.3500646394,,,
BGR,Bulgaria,Housing affordability,PT_B7G_S14,2015,76.1683455382,A,housing_affordability,Material,lived,1,core,False,pct_income_remaining,76.1683455382,,,
BGR,Bulgaria,Housing affordability,PT_B7G_S14,2016,76.6099594267,A,housing_affordability,Material,lived,1,core,False,pct_income_remaining,76.6099594267,,,
BGR,Bulgaria,Housing affordability,PT_B7G_S14,2017,76.3023434976,A,housing_affordability,Material,lived,1,core,False,pct_income_remaining,76.3023434976,,,
BGR,Bulgaria,Housing affordability,PT_B7G_S14,2018,76.8062755397,A,housing_affordability,Material,lived,1,core,False,pct_income_remaining,76.8062755397,,,
BGR,Bulgaria,Housing affordability,PT_B7G_S14,2019,76.2585121512,A,housing_affordability,Material,lived,1,core,False,pct_income_remaining,76.2585121512,,,
BGR,Bulgaria,Housing affordability,PT_B7G_S14,2020,77.2799823016,A,housing_affordability,Material,lived,1,core,False,pct_income_remaining,77.2799823016,,,
BGR,Bulgaria,Housing affordability,PT_B7G_S14,2021,76.7758042961,A,housing_affordability,Material,lived,1,core,False,pct_income_remaining,76.7758042961,,,
BGR,Bulgaria,Housing affordability,PT_B7G_S14,2022,76.6188859385,A,housing_affordability,Material,lived,1,core,False,pct_income_remaining,76.6188859385,,,
CAN,Canada,Housing affordability,PT_B7G_S14,2010,78.0754062982,E,housing_affordability,Material,lived,1,core,False,pct_income_remaining,78.0754062982,,,
CAN,Canada,Housing affordability,PT_B7G_S14,2011,78.1231757054,E,housing_affordability,Material,lived,1,core,False,pct_income_remaining,78.1231757054,,,
CAN,Canada,Housing affordability,PT_B7G_S14,2012,78.2007515816,E,housing_affordability,Material,lived,1,core,False,pct_income_remaining,78.2007515816,,,
CAN,Canada,Housing affordability,PT_B7G_S14,2013,78.1180642742,E,housing_affordability,Material,lived,1,core,False,pct_income_remaining,78.1180642742,,,
CAN,Canada,Housing affordability,PT_B7G_S14,2014,77.7420968187,E,housing_affordability,Material,lived,1,core,False,pct_income_remaining,77.7420968187,,,
CAN,Canada,Housing affordability,PT_B7G_S14,2015,77.8039187387,E,housing_affordability,Material,lived,1,core,False,pct_income_remaining,77.8039187387,,,
CAN,Canada,Housing affordability,PT_B7G_S14,2016,77.2696297596,E,housing_affordability,Material,lived,1,core,False,pct_income_remaining,77.2696297596,,,
CAN,Canada,Housing affordability,PT_B7G_S14,2017,77.5036088343,E,housing_affordability,Material,lived,1,core,False,pct_income_remaining,77.5036088343,,,
CAN,Canada,Housing affordability,PT_B7G_S14,2018,77.3838417342,E,housing_affordability,Material,lived,1,core,False,pct_income_remaining,77.3838417342,,,
CAN,Canada,Housing affordability,PT_B7G_S14,2019,77.2516154287,E,housing_affordability,Material,lived,1,core,False,pct_income_remaining,77.2516154287,,,
CAN,Canada,Housing affordability,PT_B7G_S14,2020,78.1033457271,E,housing_affordability,Material,lived,1,core,False,pct_income_remaining,78.1033457271,,,
CAN,Canada,Housing affordability,PT_B7G_S14,2021,77.7299291309,E,housing_affordability,Material,lived,1,core,False,pct_income_remaining,77.7299291309,,,
CAN,Canada,Housing affordability,PT_B7G_S14,2022,77.1928448687,E,housing_affordability,Material,lived,1,core,False,pct_income_remaining,77.1928448687,,,
CAN,Canada,Housing affordability,PT_B7G_S14,2023,77.3138418218,E,housing_affordability,Material,lived,1,core,False,pct_income_remaining,77.3138418218,,,
CAN,Canada,Housing affordability,PT_B7G_S14,2024,77.3695293086,E,housing_affordability,Material,lived,1,core,False,pct_income_remaining,77.3695293086,,,
CAN,Canada,Housing affordability,PT_B7G_S14,2025,76.8749624808,E,housing_affordability,Material,lived,1,core,False,pct_income_remaining,76.8749624808,,,
CHE,Switzerland,Housing affordability,PT_B7G_S14,2010,78.8504830485,A,housing_affordability,Material,lived,1,core,False,pct_income_remaining,78.8504830485,,,
CHE,Switzerland,Housing affordability,PT_B7G_S14,2011,78.8010526628,A,housing_affordability,Material,lived,1,core,False,pct_income_remaining,78.8010526628,,,
CHE,Switzerland,Housing affordability,PT_B7G_S14,2012,78.8401802763,A,housing_affordability,Material,lived,1,core,False,pct_income_remaining,78.8401802763,,,
CHE,Switzerland,Housing affordability,PT_B7G_S14,2013,79.0305431914,A,housing_affordability,Material,lived,1,core,False,pct_income_remaining,79.0305431914,,,
CHE,Switzerland,Housing affordability,PT_B7G_S14,2014,79.1118992872,A,housing_affordability,Material,lived,1,core,False,pct_income_remaining,79.1118992872,,,
CHE,Switzerland,Housing affordability,PT_B7G_S14,2015,78.9285266498,A,housing_affordability,Material,lived,1,core,False,pct_income_remaining,78.9285266498,,,
CHE,Switzerland,Housing affordability,PT_B7G_S14,2016,78.8141296282,A,housing_affordability,Material,lived,1,core,False,pct_income_remaining,78.8141296282,,,
CHE,Switzerland,Housing affordability,PT_B7G_S14,2017,78.6300484442,A,housing_affordability,Material,lived,1,core,False,pct_income_remaining,78.6300484442,,,
CHE,Switzerland,Housing affordability,PT_B7G_S14,2018,78.5607439,A,housing_affordability,Material,lived,1,core,False,pct_income_remaining,78.5607439,,,
CHE,Switzerland,Housing affordability,PT_B7G_S14,2019,78.5773319116,A,housing_affordability,Material,lived,1,core,False,pct_income_remaining,78.5773319116,,,
CHE,Switzerland,Housing affordability,PT_B7G_S14,2020,79.0480361328,A,housing_affordability,Material,lived,1,core,False,pct_income_remaining,79.0480361328,,,
CHE,Switzerland,Housing affordability,PT_B7G_S14,2021,78.5535769252,A,housing_affordability,Material,lived,1,core,False,pct_income_remaining,78.5535769252,,,
CHE,Switzerland,Housing affordability,PT_B7G_S14,2022,78.8792894261,P,housing_affordability,Material,lived,1,core,False,pct_income_remaining,78.8792894261,,,
CHL,Chile,Housing affordability,PT_B7G_S14,2018,82.2796927923,A,housing_affordability,Material,lived,1,core,False,pct_income_remaining,82.2796927923,,,
CHL,Chile,Housing affordability,PT_B7G_S14,2019,82.4374699743,A,housing_affordability,Material,lived,1,core,False,pct_income_remaining,82.4374699743,,,
CHL,Chile,Housing affordability,PT_B7G_S14,2020,83.3137603273,A,housing_affordability,Material,lived,1,core,False,pct_income_remaining,83.3137603273,,,
CHL,Chile,Housing affordability,PT_B7G_S14,2021,82.2871876416,A,housing_affordability,Material,lived,1,core,False,pct_income_remaining,82.2871876416,,,
CHL,Chile,Housing affordability,PT_B7G_S14,2022,80.5499843238,A,housing_affordability,Material,lived,1,core,False,pct_income_remaining,80.5499843238,,,
CHL,Chile,Housing affordability,PT_B7G_S14,2023,82.3122544613,A,housing_affordability,Material,lived,1,core,False,pct_income_remaining,82.3122544613,,,
CHL,Chile,Housing affordability,PT_B7G_S14,2024,82.4411373232,A,housing_affordability,Material,lived,1,core,False,pct_income_remaining,82.4411373232,,,
COL,Colombia,Housing affordability,PT_B7G_S14,2010,81.9794743166,A,housing_affordability,Material,lived,1,core,False,pct_income_remaining,81.9794743166,,,
COL,Colombia,Housing affordability,PT_B7G_S14,2011,82.388435737,A,housing_affordability,Material,lived,1,core,False,pct_income_remaining,82.388435737,,,
COL,Colombia,Housing affordability,PT_B7G_S14,2012,82.3276136382,A,housing_affordability,Material,lived,1,core,False,pct_income_remaining,82.3276136382,,,
COL,Colombia,Housing affordability,PT_B7G_S14,2013,82.604258016,A,housing_affordability,Material,lived,1,core,False,pct_income_remaining,82.604258016,,,
COL,Colombia,Housing affordability,PT_B7G_S14,2014,82.5496689882,A,housing_affordability,Material,lived,1,core,False,pct_income_remaining,82.5496689882,,,
COL,Colombia,Housing affordability,PT_B7G_S14,2015,82.6861678297,A,housing_affordability,Material,lived,1,core,False,pct_income_remaining,82.6861678297,,,
COL,Colombia,Housing affordability,PT_B7G_S14,2016,82.5162741748,A,housing_affordability,Material,lived,1,core,False,pct_income_remaining,82.5162741748,,,
COL,Colombia,Housing affordability,PT_B7G_S14,2017,82.7337615793,A,housing_affordability,Material,lived,1,core,False,pct_income_remaining,82.7337615793,,,
COL,Colombia,Housing affordability,PT_B7G_S14,2018,82.7129267243,A,housing_affordability,Material,lived,1,core,False,pct_income_remaining,82.7129267243,,,
COL,Colombia,Housing affordability,PT_B7G_S14,2019,82.6530123425,A,housing_affordability,Material,lived,1,core,False,pct_income_remaining,82.6530123425,,,
COL,Colombia,Housing affordability,PT_B7G_S14,2020,82.0111703848,A,housing_affordability,Material,lived,1,core,False,pct_income_remaining,82.0111703848,,,
COL,Colombia,Housing affordability,PT_B7G_S14,2021,82.9262200129,A,housing_affordability,Material,lived,1,core,False,pct_income_remaining,82.9262200129,,,
COL,Colombia,Housing affordability,PT_B7G_S14,2022,84.5745075491,P,housing_affordability,Material,lived,1,core,False,pct_income_remaining,84.5745075491,,,
COL,Colombia,Housing affordability,PT_B7G_S14,2023,84.8891809955,P,housing_affordability,Material,lived,1,core,False,pct_income_remaining,84.8891809955,,,
COL,Colombia,Housing affordability,PT_B7G_S14,2024,84.848780303,P,housing_affordability,Material,lived,1,core,False,pct_income_remaining,84.848780303,,,
CRI,Costa Rica,Housing affordability,PT_B7G_S14,2012,80.6133316285,A,housing_affordability,Material,lived,1,core,False,pct_income_remaining,80.6133316285,,,
CRI,Costa Rica,Housing affordability,PT_B7G_S14,2013,81.7810265233,A,housing_affordability,Material,lived,1,core,False,pct_income_remaining,81.7810265233,,,
CRI,Costa Rica,Housing affordability,PT_B7G_S14,2014,81.6322448482,A,housing_affordability,Material,lived,1,core,False,pct_income_remaining,81.6322448482,,,
CRI,Costa Rica,Housing affordability,PT_B7G_S14,2015,81.5212297957,A,housing_affordability,Material,lived,1,core,False,pct_income_remaining,81.5212297957,,,
CRI,Costa Rica,Housing affordability,PT_B7G_S14,2016,82.4595169626,A,housing_affordability,Material,lived,1,core,False,pct_income_remaining,82.4595169626,,,
CRI,Costa Rica,Housing affordability,PT_B7G_S14,2017,83.0012871678,A,housing_affordability,Material,lived,1,core,False,pct_income_remaining,83.0012871678,,,
CRI,Costa Rica,Housing affordability,PT_B7G_S14,2018,83.2119595868,A,housing_affordability,Material,lived,1,core,False,pct_income_remaining,83.2119595868,,,
CRI,Costa Rica,Housing affordability,PT_B7G_S14,2019,83.4534035508,A,housing_affordability,Material,lived,1,core,False,pct_income_remaining,83.4534035508,,,
CRI,Costa Rica,Housing affordability,PT_B7G_S14,2020,83.0823149114,A,housing_affordability,Material,lived,1,core,False,pct_income_remaining,83.0823149114,,,
CRI,Costa Rica,Housing affordability,PT_B7G_S14,2021,83.3488329458,A,housing_affordability,Material,lived,1,core,False,pct_income_remaining,83.3488329458,,,
CZE,Czechia,Housing affordability,PT_B7G_S14,2010,73.1997658908,A,housing_affordability,Material,lived,1,core,False,pct_income_remaining,73.1997658908,,,
CZE,Czechia,Housing affordability,PT_B7G_S14,2011,73.4030125766,A,housing_affordability,Material,lived,1,core,False,pct_income_remaining,73.4030125766,,,
CZE,Czechia,Housing affordability,PT_B7G_S14,2012,73.5505026453,A,housing_affordability,Material,lived,1,core,False,pct_income_remaining,73.5505026453,,,
CZE,Czechia,Housing affordability,PT_B7G_S14,2013,73.3352440555,A,housing_affordability,Material,lived,1,core,False,pct_income_remaining,73.3352440555,,,
CZE,Czechia,Housing affordability,PT_B7G_S14,2014,74.3374432884,A,housing_affordability,Material,lived,1,core,False,pct_income_remaining,74.3374432884,,,
CZE,Czechia,Housing affordability,PT_B7G_S14,2015,73.9788620215,A,housing_affordability,Material,lived,1,core,False,pct_income_remaining,73.9788620215,,,
CZE,Czechia,Housing affordability,PT_B7G_S14,2016,73.7554194109,A,housing_affordability,Material,lived,1,core,False,pct_income_remaining,73.7554194109,,,
CZE,Czechia,Housing affordability,PT_B7G_S14,2017,73.9430278517,A,housing_affordability,Material,lived,1,core,False,pct_income_remaining,73.9430278517,,,
CZE,Czechia,Housing affordability,PT_B7G_S14,2018,73.7688553247,A,housing_affordability,Material,lived,1,core,False,pct_income_remaining,73.7688553247,,,
CZE,Czechia,Housing affordability,PT_B7G_S14,2019,73.9577679239,A,housing_affordability,Material,lived,1,core,False,pct_income_remaining,73.9577679239,,,
CZE,Czechia,Housing affordability,PT_B7G_S14,2020,74.0568951796,A,housing_affordability,Material,lived,1,core,False,pct_income_remaining,74.0568951796,,,
CZE,Czechia,Housing affordability,PT_B7G_S14,2021,74.091281888,A,housing_affordability,Material,lived,1,core,False,pct_income_remaining,74.091281888,,,
CZE,Czechia,Housing affordability,PT_B7G_S14,2022,74.0344901009,A,housing_affordability,Material,lived,1,core,False,pct_income_remaining,74.0344901009,,,
CZE,Czechia,Housing affordability,PT_B7G_S14,2023,75.5955112758,A,housing_affordability,Material,lived,1,core,False,pct_income_remaining,75.5955112758,,,
CZE,Czechia,Housing affordability,PT_B7G_S14,2024,75.3481990876,A,housing_affordability,Material,lived,1,core,False,pct_income_remaining,75.3481990876,,,
DEU,Germany,Housing affordability,PT_B7G_S14,2010,79.2668907187,A,housing_affordability,Material,lived,1,core,False,pct_income_remaining,79.2668907187,,,
DEU,Germany,Housing affordability,PT_B7G_S14,2011,79.445015367,A,housing_affordability,Material,lived,1,core,False,pct_income_remaining,79.445015367,,,
DEU,Germany,Housing affordability,PT_B7G_S14,2012,79.1975986117,A,housing_affordability,Material,lived,1,core,False,pct_income_remaining,79.1975986117,,,
DEU,Germany,Housing affordability,PT_B7G_S14,2013,79.0823224896,A,housing_affordability,Material,lived,1,core,False,pct_income_remaining,79.0823224896,,,
DEU,Germany,Housing affordability,PT_B7G_S14,2014,79.6180233537,A,housing_affordability,Material,lived,1,core,False,pct_income_remaining,79.6180233537,,,
DEU,Germany,Housing affordability,PT_B7G_S14,2015,79.95846636,A,housing_affordability,Material,lived,1,core,False,pct_income_remaining,79.95846636,,,
DEU,Germany,Housing affordability,PT_B7G_S14,2016,80.1973038776,A,housing_affordability,Material,lived,1,core,False,pct_income_remaining,80.1973038776,,,
DEU,Germany,Housing affordability,PT_B7G_S14,2017,80.4802773007,A,housing_affordability,Material,lived,1,core,False,pct_income_remaining,80.4802773007,,,
DEU,Germany,Housing affordability,PT_B7G_S14,2018,80.8403021703,A,housing_affordability,Material,lived,1,core,False,pct_income_remaining,80.8403021703,,,
DEU,Germany,Housing affordability,PT_B7G_S14,2019,80.8341610603,A,housing_affordability,Material,lived,1,core,False,pct_income_remaining,80.8341610603,,,
DEU,Germany,Housing affordability,PT_B7G_S14,2020,80.5727142641,P,housing_affordability,Material,lived,1,core,False,pct_income_remaining,80.5727142641,,,
DEU,Germany,Housing affordability,PT_B7G_S14,2021,80.6443263096,P,housing_affordability,Material,lived,1,core,False,pct_income_remaining,80.6443263096,,,
DEU,Germany,Housing affordability,PT_B7G_S14,2022,81.2352547407,P,housing_affordability,Material,lived,1,core,False,pct_income_remaining,81.2352547407,,,
DEU,Germany,Housing affordability,PT_B7G_S14,2023,81.4334199059,P,housing_affordability,Material,lived,1,core,False,pct_income_remaining,81.4334199059,,,
DEU,Germany,Housing affordability,PT_B7G_S14,2024,81.9352178142,P,housing_affordability,Material,lived,1,core,False,pct_income_remaining,81.9352178142,,,
DNK,Denmark,Housing affordability,PT_B7G_S14,2010,75.773163319,A,housing_affordability,Material,lived,1,core,False,pct_income_remaining,75.773163319,,,
DNK,Denmark,Housing affordability,PT_B7G_S14,2011,75.8494928835,A,housing_affordability,Material,lived,1,core,False,pct_income_remaining,75.8494928835,,,
DNK,Denmark,Housing affordability,PT_B7G_S14,2012,75.5527329039,A,housing_affordability,Material,lived,1,core,False,pct_income_remaining,75.5527329039,,,
DNK,Denmark,Housing affordability,PT_B7G_S14,2013,74.8592048538,A,housing_affordability,Material,lived,1,core,False,pct_income_remaining,74.8592048538,,,
DNK,Denmark,Housing affordability,PT_B7G_S14,2014,75.0167121604,A,housing_affordability,Material,lived,1,core,False,pct_income_remaining,75.0167121604,,,
DNK,Denmark,Housing affordability,PT_B7G_S14,2015,75.4321841832,A,housing_affordability,Material,lived,1,core,False,pct_income_remaining,75.4321841832,,,
DNK,Denmark,Housing affordability,PT_B7G_S14,2016,75.7408315909,A,housing_affordability,Material,lived,1,core,False,pct_income_remaining,75.7408315909,,,
DNK,Denmark,Housing affordability,PT_B7G_S14,2017,75.7502935459,A,housing_affordability,Material,lived,1,core,False,pct_income_remaining,75.7502935459,,,
DNK,Denmark,Housing affordability,PT_B7G_S14,2018,75.67479379,A,housing_affordability,Material,lived,1,core,False,pct_income_remaining,75.67479379,,,
DNK,Denmark,Housing affordability,PT_B7G_S14,2019,75.7208545076,A,housing_affordability,Material,lived,1,core,False,pct_income_remaining,75.7208545076,,,
DNK,Denmark,Housing affordability,PT_B7G_S14,2020,74.9872697877,A,housing_affordability,Material,lived,1,core,False,pct_income_remaining,74.9872697877,,,
DNK,Denmark,Housing affordability,PT_B7G_S14,2021,74.6363955823,A,housing_affordability,Material,lived,1,core,False,pct_income_remaining,74.6363955823,,,
DNK,Denmark,Housing affordability,PT_B7G_S14,2022,75.2374028438,A,housing_affordability,Material,lived,1,core,False,pct_income_remaining,75.2374028438,,,
DNK,Denmark,Housing affordability,PT_B7G_S14,2023,77.470649427,A,housing_affordability,Material,lived,1,core,False,pct_income_remaining,77.470649427,,,
DNK,Denmark,Housing affordability,PT_B7G_S14,2024,77.7658283774,A,housing_affordability,Material,lived,1,core,False,pct_income_remaining,77.7658283774,,,
ESP,Spain,Housing affordability,PT_B7G_S14,2010,78.4302358721,A,housing_affordability,Material,lived,1,core,False,pct_income_remaining,78.4302358721,,,
ESP,Spain,Housing affordability,PT_B7G_S14,2011,77.9543005453,A,housing_affordability,Material,lived,1,core,False,pct_income_remaining,77.9543005453,,,
ESP,Spain,Housing affordability,PT_B7G_S14,2012,76.6325735824,A,housing_affordability,Material,lived,1,core,False,pct_income_remaining,76.6325735824,,,
ESP,Spain,Housing affordability,PT_B7G_S14,2013,76.5145005094,A,housing_affordability,Material,lived,1,core,False,pct_income_remaining,76.5145005094,,,
ESP,Spain,Housing affordability,PT_B7G_S14,2014,76.5885329703,A,housing_affordability,Material,lived,1,core,False,pct_income_remaining,76.5885329703,,,
ESP,Spain,Housing affordability,PT_B7G_S14,2015,77.4075256084,A,housing_affordability,Material,lived,1,core,False,pct_income_remaining,77.4075256084,,,
ESP,Spain,Housing affordability,PT_B7G_S14,2016,77.6408435904,A,housing_affordability,Material,lived,1,core,False,pct_income_remaining,77.6408435904,,,
ESP,Spain,Housing affordability,PT_B7G_S14,2017,77.6698621755,A,housing_affordability,Material,lived,1,core,False,pct_income_remaining,77.6698621755,,,
ESP,Spain,Housing affordability,PT_B7G_S14,2018,77.8231713934,A,housing_affordability,Material,lived,1,core,False,pct_income_remaining,77.8231713934,,,
ESP,Spain,Housing affordability,PT_B7G_S14,2019,78.5466472476,A,housing_affordability,Material,lived,1,core,False,pct_income_remaining,78.5466472476,,,
ESP,Spain,Housing affordability,PT_B7G_S14,2020,79.0888885992,A,housing_affordability,Material,lived,1,core,False,pct_income_remaining,79.0888885992,,,
ESP,Spain,Housing affordability,PT_B7G_S14,2021,78.7785042521,A,housing_affordability,Material,lived,1,core,False,pct_income_remaining,78.7785042521,,,
ESP,Spain,Housing affordability,PT_B7G_S14,2022,78.6442995011,A,housing_affordability,Material,lived,1,core,False,pct_income_remaining,78.6442995011,,,
ESP,Spain,Housing affordability,PT_B7G_S14,2023,80.0987787903,A,housing_affordability,Material,lived,1,core,False,pct_income_remaining,80.0987787903,,,
ESP,Spain,Housing affordability,PT_B7G_S14,2024,80.7446324813,A,housing_affordability,Material,lived,1,core,False,pct_income_remaining,80.7446324813,,,
EST,Estonia,Housing affordability,PT_B7G_S14,2010,80.6746560142,A,housing_affordability,Material,lived,1,core,False,pct_income_remaining,80.6746560142,,,
EST,Estonia,Housing affordability,PT_B7G_S14,2011,80.984859567,A,housing_affordability,Material,lived,1,core,False,pct_income_remaining,80.984859567,,,
EST,Estonia,Housing affordability,PT_B7G_S14,2012,79.2381270844,A,housing_affordability,Material,lived,1,core,False,pct_income_remaining,79.2381270844,,,
EST,Estonia,Housing affordability,PT_B7G_S14,2013,79.4348850723,A,housing_affordability,Material,lived,1,core,False,pct_income_remaining,79.4348850723,,,
EST,Estonia,Housing affordability,PT_B7G_S14,2014,79.3235679964,A,housing_affordability,Material,lived,1,core,False,pct_income_remaining,79.3235679964,,,
EST,Estonia,Housing affordability,PT_B7G_S14,2015,79.6691216486,A,housing_affordability,Material,lived,1,core,False,pct_income_remaining,79.6691216486,,,
EST,Estonia,Housing affordability,PT_B7G_S14,2016,79.5785255303,A,housing_affordability,Material,lived,1,core,False,pct_income_remaining,79.5785255303,,,
EST,Estonia,Housing affordability,PT_B7G_S14,2017,79.6995865457,A,housing_affordability,Material,lived,1,core,False,pct_income_remaining,79.6995865457,,,
EST,Estonia,Housing affordability,PT_B7G_S14,2018,80.5886247161,A,housing_affordability,Material,lived,1,core,False,pct_income_remaining,80.5886247161,,,
EST,Estonia,Housing affordability,PT_B7G_S14,2019,80.3555593543,A,housing_affordability,Material,lived,1,core,False,pct_income_remaining,80.3555593543,,,
EST,Estonia,Housing affordability,PT_B7G_S14,2020,80.9052901558,A,housing_affordability,Material,lived,1,core,False,pct_income_remaining,80.9052901558,,,
EST,Estonia,Housing affordability,PT_B7G_S14,2021,80.1509004268,A,housing_affordability,Material,lived,1,core,False,pct_income_remaining,80.1509004268,,,
EST,Estonia,Housing affordability,PT_B7G_S14,2022,76.8471483665,A,housing_affordability,Material,lived,1,core,False,pct_income_remaining,76.8471483665,,,
EST,Estonia,Housing affordability,PT_B7G_S14,2023,76.6440155278,A,housing_affordability,Material,lived,1,core,False,pct_income_remaining,76.6440155278,,,
FIN,Finland,Housing affordability,PT_B7G_S14,2010,79.0033131859,A,housing_affordability,Material,lived,1,core,False,pct_income_remaining,79.0033131859,,,
FIN,Finland,Housing affordability,PT_B7G_S14,2011,78.8000275065,A,housing_affordability,Material,lived,1,core,False,pct_income_remaining,78.8000275065,,,
FIN,Finland,Housing affordability,PT_B7G_S14,2012,78.4570819738,A,housing_affordability,Material,lived,1,core,False,pct_income_remaining,78.4570819738,,,
FIN,Finland,Housing affordability,PT_B7G_S14,2013,78.1934306569,A,housing_affordability,Material,lived,1,core,False,pct_income_remaining,78.1934306569,,,
FIN,Finland,Housing affordability,PT_B7G_S14,2014,77.6948846798,A,housing_affordability,Material,lived,1,core,False,pct_income_remaining,77.6948846798,,,
FIN,Finland,Housing affordability,PT_B7G_S14,2015,77.417036514,A,housing_affordability,Material,lived,1,core,False,pct_income_remaining,77.417036514,,,
FIN,Finland,Housing affordability,PT_B7G_S14,2016,77.019690664,A,housing_affordability,Material,lived,1,core,False,pct_income_remaining,77.019690664,,,
FIN,Finland,Housing affordability,PT_B7G_S14,2017,76.8277374931,A,housing_affordability,Material,lived,1,core,False,pct_income_remaining,76.8277374931,,,
FIN,Finland,Housing affordability,PT_B7G_S14,2018,76.9948351305,A,housing_affordability,Material,lived,1,core,False,pct_income_remaining,76.9948351305,,,
FIN,Finland,Housing affordability,PT_B7G_S14,2019,77.1809335537,A,housing_affordability,Material,lived,1,core,False,pct_income_remaining,77.1809335537,,,
FIN,Finland,Housing affordability,PT_B7G_S14,2020,76.943402564,A,housing_affordability,Material,lived,1,core,False,pct_income_remaining,76.943402564,,,
FIN,Finland,Housing affordability,PT_B7G_S14,2021,76.7872256694,A,housing_affordability,Material,lived,1,core,False,pct_income_remaining,76.7872256694,,,
FIN,Finland,Housing affordability,PT_B7G_S14,2022,76.6142493192,A,housing_affordability,Material,lived,1,core,False,pct_income_remaining,76.6142493192,,,
FIN,Finland,Housing affordability,PT_B7G_S14,2023,77.9463587476,A,housing_affordability,Material,lived,1,core,False,pct_income_remaining,77.9463587476,,,
FIN,Finland,Housing affordability,PT_B7G_S14,2024,78.5695442854,A,housing_affordability,Material,lived,1,core,False,pct_income_remaining,78.5695442854,,,
FRA,France,Housing affordability,PT_B7G_S14,2010,78.9167136537,A,housing_affordability,Material,lived,1,core,False,pct_income_remaining,78.9167136537,,,
FRA,France,Housing affordability,PT_B7G_S14,2011,78.8952863338,A,housing_affordability,Material,lived,1,core,False,pct_income_remaining,78.8952863338,,,
FRA,France,Housing affordability,PT_B7G_S14,2012,78.4670463209,A,housing_affordability,Material,lived,1,core,False,pct_income_remaining,78.4670463209,,,
FRA,France,Housing affordability,PT_B7G_S14,2013,77.9729637258,A,housing_affordability,Material,lived,1,core,False,pct_income_remaining,77.9729637258,,,
FRA,France,Housing affordability,PT_B7G_S14,2014,78.1595844612,A,housing_affordability,Material,lived,1,core,False,pct_income_remaining,78.1595844612,,,
FRA,France,Housing affordability,PT_B7G_S14,2015,78.0231878818,A,housing_affordability,Material,lived,1,core,False,pct_income_remaining,78.0231878818,,,
FRA,France,Housing affordability,PT_B7G_S14,2016,78.0381076788,A,housing_affordability,Material,lived,1,core,False,pct_income_remaining,78.0381076788,,,
FRA,France,Housing affordability,PT_B7G_S14,2017,78.2860070005,A,housing_affordability,Material,lived,1,core,False,pct_income_remaining,78.2860070005,,,
FRA,France,Housing affordability,PT_B7G_S14,2018,78.3287618872,A,housing_affordability,Material,lived,1,core,False,pct_income_remaining,78.3287618872,,,
FRA,France,Housing affordability,PT_B7G_S14,2019,78.4674713151,A,housing_affordability,Material,lived,1,core,False,pct_income_remaining,78.4674713151,,,
FRA,France,Housing affordability,PT_B7G_S14,2020,78.5550956441,A,housing_affordability,Material,lived,1,core,False,pct_income_remaining,78.5550956441,,,
FRA,France,Housing affordability,PT_B7G_S14,2021,78.672009252,A,housing_affordability,Material,lived,1,core,False,pct_income_remaining,78.672009252,,,
FRA,France,Housing affordability,PT_B7G_S14,2022,79.1274179452,A,housing_affordability,Material,lived,1,core,False,pct_income_remaining,79.1274179452,,,
FRA,France,Housing affordability,PT_B7G_S14,2023,79.7360699752,P,housing_affordability,Material,lived,1,core,False,pct_income_remaining,79.7360699752,,,
FRA,France,Housing affordability,PT_B7G_S14,2024,79.8437925681,P,housing_affordability,Material,lived,1,core,False,pct_income_remaining,79.8437925681,,,
GBR,United Kingdom,Housing affordability,PT_B7G_S14,2010,75.858183631,A,housing_affordability,Material,lived,1,core,False,pct_income_remaining,75.858183631,,,
GBR,United Kingdom,Housing affordability,PT_B7G_S14,2011,75.8576682455,A,housing_affordability,Material,lived,1,core,False,pct_income_remaining,75.8576682455,,,
GBR,United Kingdom,Housing affordability,PT_B7G_S14,2012,75.4745133726,A,housing_affordability,Material,lived,1,core,False,pct_income_remaining,75.4745133726,,,
GBR,United Kingdom,Housing affordability,PT_B7G_S14,2013,75.3741594504,A,housing_affordability,Material,lived,1,core,False,pct_income_remaining,75.3741594504,,,
GBR,United Kingdom,Housing affordability,PT_B7G_S14,2014,75.581497652,A,housing_affordability,Material,lived,1,core,False,pct_income_remaining,75.581497652,,,
GBR,United Kingdom,Housing affordability,PT_B7G_S14,2015,75.7971053395,A,housing_affordability,Material,lived,1,core,False,pct_income_remaining,75.7971053395,,,
GBR,United Kingdom,Housing affordability,PT_B7G_S14,2016,75.2075389476,A,housing_affordability,Material,lived,1,core,False,pct_income_remaining,75.2075389476,,,
GBR,United Kingdom,Housing affordability,PT_B7G_S14,2017,75.4162931403,A,housing_affordability,Material,lived,1,core,False,pct_income_remaining,75.4162931403,,,
GBR,United Kingdom,Housing affordability,PT_B7G_S14,2018,75.5099904085,A,housing_affordability,Material,lived,1,core,False,pct_income_remaining,75.5099904085,,,
GBR,United Kingdom,Housing affordability,PT_B7G_S14,2019,76.0794705503,A,housing_affordability,Material,lived,1,core,False,pct_income_remaining,76.0794705503,,,
GBR,United Kingdom,Housing affordability,PT_B7G_S14,2020,76.1695431655,A,housing_affordability,Material,lived,1,core,False,pct_income_remaining,76.1695431655,,,
GBR,United Kingdom,Housing affordability,PT_B7G_S14,2021,76.1556637017,A,housing_affordability,Material,lived,1,core,False,pct_income_remaining,76.1556637017,,,
GBR,United Kingdom,Housing affordability,PT_B7G_S14,2022,75.3626117746,A,housing_affordability,Material,lived,1,core,False,pct_income_remaining,75.3626117746,,,
GBR,United Kingdom,Housing affordability,PT_B7G_S14,2023,75.8966302696,A,housing_affordability,Material,lived,1,core,False,pct_income_remaining,75.8966302696,,,
GBR,United Kingdom,Housing affordability,PT_B7G_S14,2024,76.4345183172,A,housing_affordability,Material,lived,1,core,False,pct_income_remaining,76.4345183172,,,
GRC,Greece,Housing affordability,PT_B7G_S14,2010,78.5207500092,A,housing_affordability,Material,lived,1,core,False,pct_income_remaining,78.5207500092,,,
GRC,Greece,Housing affordability,PT_B7G_S14,2011,76.1980459609,A,housing_affordability,Material,lived,1,core,False,pct_income_remaining,76.1980459609,,,
GRC,Greece,Housing affordability,PT_B7G_S14,2012,74.8727455826,A,housing_affordability,Material,lived,1,core,False,pct_income_remaining,74.8727455826,,,
GRC,Greece,Housing affordability,PT_B7G_S14,2013,75.0187649993,A,housing_affordability,Material,lived,1,core,False,pct_income_remaining,75.0187649993,,,
GRC,Greece,Housing affordability,PT_B7G_S14,2014,76.2243395044,A,housing_affordability,Material,lived,1,core,False,pct_income_remaining,76.2243395044,,,
GRC,Greece,Housing affordability,PT_B7G_S14,2015,76.4714104175,A,housing_affordability,Material,lived,1,core,False,pct_income_remaining,76.4714104175,,,
GRC,Greece,Housing affordability,PT_B7G_S14,2016,76.3241115602,A,housing_affordability,Material,lived,1,core,False,pct_income_remaining,76.3241115602,,,
GRC,Greece,Housing affordability,PT_B7G_S14,2017,76.1936281868,A,housing_affordability,Material,lived,1,core,False,pct_income_remaining,76.1936281868,,,
GRC,Greece,Housing affordability,PT_B7G_S14,2018,76.2457359488,A,housing_affordability,Material,lived,1,core,False,pct_income_remaining,76.2457359488,,,
GRC,Greece,Housing affordability,PT_B7G_S14,2019,76.8166724362,A,housing_affordability,Material,lived,1,core,False,pct_income_remaining,76.8166724362,,,
GRC,Greece,Housing affordability,PT_B7G_S14,2020,75.287860569,A,housing_affordability,Material,lived,1,core,False,pct_income_remaining,75.287860569,,,
GRC,Greece,Housing affordability,PT_B7G_S14,2021,75.8186770853,A,housing_affordability,Material,lived,1,core,False,pct_income_remaining,75.8186770853,,,
GRC,Greece,Housing affordability,PT_B7G_S14,2022,74.7766272299,A,housing_affordability,Material,lived,1,core,False,pct_income_remaining,74.7766272299,,,
GRC,Greece,Housing affordability,PT_B7G_S14,2023,76.0514500245,P,housing_affordability,Material,lived,1,core,False,pct_income_remaining,76.0514500245,,,
GRC,Greece,Housing affordability,PT_B7G_S14,2024,75.9415972826,P,housing_affordability,Material,lived,1,core,False,pct_income_remaining,75.9415972826,,,
HRV,Croatia,Housing affordability,PT_B7G_S14,2010,79.8594360406,A,housing_affordability,Material,lived,1,core,False,pct_income_remaining,79.8594360406,,,
HRV,Croatia,Housing affordability,PT_B7G_S14,2011,79.1623109563,A,housing_affordability,Material,lived,1,core,False,pct_income_remaining,79.1623109563,,,
HRV,Croatia,Housing affordability,PT_B7G_S14,2012,78.5902063301,A,housing_affordability,Material,lived,1,core,False,pct_income_remaining,78.5902063301,,,
HRV,Croatia,Housing affordability,PT_B7G_S14,2013,77.9333874419,A,housing_affordability,Material,lived,1,core,False,pct_income_remaining,77.9333874419,,,
HRV,Croatia,Housing affordability,PT_B7G_S14,2014,78.667065282,A,housing_affordability,Material,lived,1,core,False,pct_income_remaining,78.667065282,,,
HRV,Croatia,Housing affordability,PT_B7G_S14,2015,78.0284006622,A,housing_affordability,Material,lived,1,core,False,pct_income_remaining,78.0284006622,,,
HRV,Croatia,Housing affordability,PT_B7G_S14,2016,78.4540424087,A,housing_affordability,Material,lived,1,core,False,pct_income_remaining,78.4540424087,,,
HRV,Croatia,Housing affordability,PT_B7G_S14,2017,78.565352844,A,housing_affordability,Material,lived,1,core,False,pct_income_remaining,78.565352844,,,
HRV,Croatia,Housing affordability,PT_B7G_S14,2018,78.8486394885,A,housing_affordability,Material,lived,1,core,False,pct_income_remaining,78.8486394885,,,
HRV,Croatia,Housing affordability,PT_B7G_S14,2019,79.0255659537,A,housing_affordability,Material,lived,1,core,False,pct_income_remaining,79.0255659537,,,
HRV,Croatia,Housing affordability,PT_B7G_S14,2020,79.5958200901,A,housing_affordability,Material,lived,1,core,False,pct_income_remaining,79.5958200901,,,
HRV,Croatia,Housing affordability,PT_B7G_S14,2021,80.1894491823,A,housing_affordability,Material,lived,1,core,False,pct_income_remaining,80.1894491823,,,
HRV,Croatia,Housing affordability,PT_B7G_S14,2022,79.7117873174,A,housing_affordability,Material,lived,1,core,False,pct_income_remaining,79.7117873174,,,
HRV,Croatia,Housing affordability,PT_B7G_S14,2023,80.537430739,A,housing_affordability,Material,lived,1,core,False,pct_income_remaining,80.537430739,,,
HRV,Croatia,Housing affordability,PT_B7G_S14,2024,81.4759400573,P,housing_affordability,Material,lived,1,core,False,pct_income_remaining,81.4759400573,,,
HUN,Hungary,Housing affordability,PT_B7G_S14,2010,77.8611728782,A,housing_affordability,Material,lived,1,core,False,pct_income_remaining,77.8611728782,,,
HUN,Hungary,Housing affordability,PT_B7G_S14,2011,78.8888151539,A,housing_affordability,Material,lived,1,core,False,pct_income_remaining,78.8888151539,,,
HUN,Hungary,Housing affordability,PT_B7G_S14,2012,79.0680334218,A,housing_affordability,Material,lived,1,core,False,pct_income_remaining,79.0680334218,,,
HUN,Hungary,Housing affordability,PT_B7G_S14,2013,80.2300530379,A,housing_affordability,Material,lived,1,core,False,pct_income_remaining,80.2300530379,,,
HUN,Hungary,Housing affordability,PT_B7G_S14,2014,81.2504334087,A,housing_affordability,Material,lived,1,core,False,pct_income_remaining,81.2504334087,,,
HUN,Hungary,Housing affordability,PT_B7G_S14,2015,81.1082129573,A,housing_affordability,Material,lived,1,core,False,pct_income_remaining,81.1082129573,,,
HUN,Hungary,Housing affordability,PT_B7G_S14,2016,80.8862328809,A,housing_affordability,Material,lived,1,core,False,pct_income_remaining,80.8862328809,,,
HUN,Hungary,Housing affordability,PT_B7G_S14,2017,81.0873723577,A,housing_affordability,Material,lived,1,core,False,pct_income_remaining,81.0873723577,,,
HUN,Hungary,Housing affordability,PT_B7G_S14,2018,81.2092139437,A,housing_affordability,Material,lived,1,core,False,pct_income_remaining,81.2092139437,,,
HUN,Hungary,Housing affordability,PT_B7G_S14,2019,80.7888377969,A,housing_affordability,Material,lived,1,core,False,pct_income_remaining,80.7888377969,,,
HUN,Hungary,Housing affordability,PT_B7G_S14,2020,80.2712927484,A,housing_affordability,Material,lived,1,core,False,pct_income_remaining,80.2712927484,,,
HUN,Hungary,Housing affordability,PT_B7G_S14,2021,80.7750728813,A,housing_affordability,Material,lived,1,core,False,pct_income_remaining,80.7750728813,,,
HUN,Hungary,Housing affordability,PT_B7G_S14,2022,80.2041006409,A,housing_affordability,Material,lived,1,core,False,pct_income_remaining,80.2041006409,,,
HUN,Hungary,Housing affordability,PT_B7G_S14,2023,82.0669364558,A,housing_affordability,Material,lived,1,core,False,pct_income_remaining,82.0669364558,,,
HUN,Hungary,Housing affordability,PT_B7G_S14,2024,81.9941929897,A,housing_affordability,Material,lived,1,core,False,pct_income_remaining,81.9941929897,,,
IRL,Ireland,Housing affordability,PT_B7G_S14,2010,81.8929868295,A,housing_affordability,Material,lived,1,core,False,pct_income_remaining,81.8929868295,,,
IRL,Ireland,Housing affordability,PT_B7G_S14,2011,81.588496385,A,housing_affordability,Material,lived,1,core,False,pct_income_remaining,81.588496385,,,
IRL,Ireland,Housing affordability,PT_B7G_S14,2012,81.4427036911,A,housing_affordability,Material,lived,1,core,False,pct_income_remaining,81.4427036911,,,
IRL,Ireland,Housing affordability,PT_B7G_S14,2013,80.8495857069,A,housing_affordability,Material,lived,1,core,False,pct_income_remaining,80.8495857069,,,
IRL,Ireland,Housing affordability,PT_B7G_S14,2014,80.1195668061,A,housing_affordability,Material,lived,1,core,False,pct_income_remaining,80.1195668061,,,
IRL,Ireland,Housing affordability,PT_B7G_S14,2015,79.7829561056,A,housing_affordability,Material,lived,1,core,False,pct_income_remaining,79.7829561056,,,
IRL,Ireland,Housing affordability,PT_B7G_S14,2016,80.0545676274,A,housing_affordability,Material,lived,1,core,False,pct_income_remaining,80.0545676274,,,
IRL,Ireland,Housing affordability,PT_B7G_S14,2017,79.9831513414,A,housing_affordability,Material,lived,1,core,False,pct_income_remaining,79.9831513414,,,
IRL,Ireland,Housing affordability,PT_B7G_S14,2018,79.2608981962,A,housing_affordability,Material,lived,1,core,False,pct_income_remaining,79.2608981962,,,
IRL,Ireland,Housing affordability,PT_B7G_S14,2019,79.8312973534,A,housing_affordability,Material,lived,1,core,False,pct_income_remaining,79.8312973534,,,
IRL,Ireland,Housing affordability,PT_B7G_S14,2020,81.0715366907,A,housing_affordability,Material,lived,1,core,False,pct_income_remaining,81.0715366907,,,
IRL,Ireland,Housing affordability,PT_B7G_S14,2021,80.5880307401,A,housing_affordability,Material,lived,1,core,False,pct_income_remaining,80.5880307401,,,
IRL,Ireland,Housing affordability,PT_B7G_S14,2022,78.7696276635,A,housing_affordability,Material,lived,1,core,False,pct_income_remaining,78.7696276635,,,
IRL,Ireland,Housing affordability,PT_B7G_S14,2023,79.4864407226,A,housing_affordability,Material,lived,1,core,False,pct_income_remaining,79.4864407226,,,
IRL,Ireland,Housing affordability,PT_B7G_S14,2024,80.7945195146,A,housing_affordability,Material,lived,1,core,False,pct_income_remaining,80.7945195146,,,
ISL,Iceland,Housing affordability,PT_B7G_S14,2010,74.1234332305,A,housing_affordability,Material,lived,1,core,False,pct_income_remaining,74.1234332305,,,
ISL,Iceland,Housing affordability,PT_B7G_S14,2011,73.7940851804,A,housing_affordability,Material,lived,1,core,False,pct_income_remaining,73.7940851804,,,
ISL,Iceland,Housing affordability,PT_B7G_S14,2012,73.7074076858,A,housing_affordability,Material,lived,1,core,False,pct_income_remaining,73.7074076858,,,
ISL,Iceland,Housing affordability,PT_B7G_S14,2013,73.1616345396,A,housing_affordability,Material,lived,1,core,False,pct_income_remaining,73.1616345396,,,
ISL,Iceland,Housing affordability,PT_B7G_S14,2014,73.6669932037,A,housing_affordability,Material,lived,1,core,False,pct_income_remaining,73.6669932037,,,
ISL,Iceland,Housing affordability,PT_B7G_S14,2015,74.8971361936,A,housing_affordability,Material,lived,1,core,False,pct_income_remaining,74.8971361936,,,
ISL,Iceland,Housing affordability,PT_B7G_S14,2016,75.6698132947,A,housing_affordability,Material,lived,1,core,False,pct_income_remaining,75.6698132947,,,
ISL,Iceland,Housing affordability,PT_B7G_S14,2017,76.3742775987,A,housing_affordability,Material,lived,1,core,False,pct_income_remaining,76.3742775987,,,
ISL,Iceland,Housing affordability,PT_B7G_S14,2018,76.5300256055,A,housing_affordability,Material,lived,1,core,False,pct_income_remaining,76.5300256055,,,
ISL,Iceland,Housing affordability,PT_B7G_S14,2019,76.8467491734,A,housing_affordability,Material,lived,1,core,False,pct_income_remaining,76.8467491734,,,
ISL,Iceland,Housing affordability,PT_B7G_S14,2020,76.864430268,A,housing_affordability,Material,lived,1,core,False,pct_income_remaining,76.864430268,,,
ISL,Iceland,Housing affordability,PT_B7G_S14,2021,77.4766228537,A,housing_affordability,Material,lived,1,core,False,pct_income_remaining,77.4766228537,,,
ISL,Iceland,Housing affordability,PT_B7G_S14,2022,78.4646061472,A,housing_affordability,Material,lived,1,core,False,pct_income_remaining,78.4646061472,,,
ISL,Iceland,Housing affordability,PT_B7G_S14,2023,79.3282902136,A,housing_affordability,Material,lived,1,core,False,pct_income_remaining,79.3282902136,,,
ISL,Iceland,Housing affordability,PT_B7G_S14,2024,79.2944604947,A,housing_affordability,Material,lived,1,core,False,pct_income_remaining,79.2944604947,,,
ITA,Italy,Housing affordability,PT_B7G_S14,2010,77.9224083868,A,housing_affordability,Material,lived,1,core,False,pct_income_remaining,77.9224083868,,,
ITA,Italy,Housing affordability,PT_B7G_S14,2011,77.7940465187,A,housing_affordability,Material,lived,1,core,False,pct_income_remaining,77.7940465187,,,
ITA,Italy,Housing affordability,PT_B7G_S14,2012,76.8539283608,A,housing_affordability,Material,lived,1,core,False,pct_income_remaining,76.8539283608,,,
ITA,Italy,Housing affordability,PT_B7G_S14,2013,76.6675817546,A,housing_affordability,Material,lived,1,core,False,pct_income_remaining,76.6675817546,,,
ITA,Italy,Housing affordability,PT_B7G_S14,2014,76.9393406849,A,housing_affordability,Material,lived,1,core,False,pct_income_remaining,76.9393406849,,,
ITA,Italy,Housing affordability,PT_B7G_S14,2015,76.7492136338,A,housing_affordability,Material,lived,1,core,False,pct_income_remaining,76.7492136338,,,
ITA,Italy,Housing affordability,PT_B7G_S14,2016,76.9425483872,A,housing_affordability,Material,lived,1,core,False,pct_income_remaining,76.9425483872,,,
ITA,Italy,Housing affordability,PT_B7G_S14,2017,77.1074225844,A,housing_affordability,Material,lived,1,core,False,pct_income_remaining,77.1074225844,,,
ITA,Italy,Housing affordability,PT_B7G_S14,2018,77.0677663153,A,housing_affordability,Material,lived,1,core,False,pct_income_remaining,77.0677663153,,,
ITA,Italy,Housing affordability,PT_B7G_S14,2019,77.0088300102,A,housing_affordability,Material,lived,1,core,False,pct_income_remaining,77.0088300102,,,
ITA,Italy,Housing affordability,PT_B7G_S14,2020,77.1706580552,A,housing_affordability,Material,lived,1,core,False,pct_income_remaining,77.1706580552,,,
ITA,Italy,Housing affordability,PT_B7G_S14,2021,77.2682199089,A,housing_affordability,Material,lived,1,core,False,pct_income_remaining,77.2682199089,,,
ITA,Italy,Housing affordability,PT_B7G_S14,2022,76.4016810274,A,housing_affordability,Material,lived,1,core,False,pct_income_remaining,76.4016810274,,,
ITA,Italy,Housing affordability,PT_B7G_S14,2023,77.3967960006,A,housing_affordability,Material,lived,1,core,False,pct_income_remaining,77.3967960006,,,
ITA,Italy,Housing affordability,PT_B7G_S14,2024,77.7208669287,A,housing_affordability,Material,lived,1,core,False,pct_income_remaining,77.7208669287,,,
ITA,Italy,Housing affordability,PT_B7G_S14,2025,77.4077867221,A,housing_affordability,Material,lived,1,core,False,pct_income_remaining,77.4077867221,,,
JPN,Japan,Housing affordability,PT_B7G_S14,2010,77.5944505634,A,housing_affordability,Material,lived,1,core,False,pct_income_remaining,77.5944505634,,,
JPN,Japan,Housing affordability,PT_B7G_S14,2011,77.7280460981,A,housing_affordability,Material,lived,1,core,False,pct_income_remaining,77.7280460981,,,
JPN,Japan,Housing affordability,PT_B7G_S14,2012,77.598230619,A,housing_affordability,Material,lived,1,core,False,pct_income_remaining,77.598230619,,,
JPN,Japan,Housing affordability,PT_B7G_S14,2013,77.2109404739,A,housing_affordability,Material,lived,1,core,False,pct_income_remaining,77.2109404739,,,
JPN,Japan,Housing affordability,PT_B7G_S14,2014,77.0841841154,A,housing_affordability,Material,lived,1,core,False,pct_income_remaining,77.0841841154,,,
JPN,Japan,Housing affordability,PT_B7G_S14,2015,77.8952398548,A,housing_affordability,Material,lived,1,core,False,pct_income_remaining,77.8952398548,,,
JPN,Japan,Housing affordability,PT_B7G_S14,2016,78.3874624128,A,housing_affordability,Material,lived,1,core,False,pct_income_remaining,78.3874624128,,,
JPN,Japan,Housing affordability,PT_B7G_S14,2017,78.3744788673,A,housing_affordability,Material,lived,1,core,False,pct_income_remaining,78.3744788673,,,
JPN,Japan,Housing affordability,PT_B7G_S14,2018,78.474537111,A,housing_affordability,Material,lived,1,core,False,pct_income_remaining,78.474537111,,,
JPN,Japan,Housing affordability,PT_B7G_S14,2019,78.5241944257,A,housing_affordability,Material,lived,1,core,False,pct_income_remaining,78.5241944257,,,
JPN,Japan,Housing affordability,PT_B7G_S14,2020,78.9016075076,A,housing_affordability,Material,lived,1,core,False,pct_income_remaining,78.9016075076,,,
JPN,Japan,Housing affordability,PT_B7G_S14,2021,78.1440543587,A,housing_affordability,Material,lived,1,core,False,pct_income_remaining,78.1440543587,,,
JPN,Japan,Housing affordability,PT_B7G_S14,2022,77.7675013261,A,housing_affordability,Material,lived,1,core,False,pct_income_remaining,77.7675013261,,,
JPN,Japan,Housing affordability,PT_B7G_S14,2023,77.6441286534,A,housing_affordability,Material,lived,1,core,False,pct_income_remaining,77.6441286534,,,
JPN,Japan,Housing affordability,PT_B7G_S14,2024,77.9713617891,A,housing_affordability,Material,lived,1,core,False,pct_income_remaining,77.9713617891,,,
KOR,Korea,Housing affordability,PT_B7G_S14,2010,83.263805208,A,housing_affordability,Material,lived,1,core,False,pct_income_remaining,83.263805208,,,
KOR,Korea,Housing affordability,PT_B7G_S14,2011,83.3387362718,A,housing_affordability,Material,lived,1,core,False,pct_income_remaining,83.3387362718,,,
KOR,Korea,Housing affordability,PT_B7G_S14,2012,83.314552706,A,housing_affordability,Material,lived,1,core,False,pct_income_remaining,83.314552706,,,
KOR,Korea,Housing affordability,PT_B7G_S14,2013,83.3686927289,A,housing_affordability,Material,lived,1,core,False,pct_income_remaining,83.3686927289,,,
KOR,Korea,Housing affordability,PT_B7G_S14,2014,83.6775339813,A,housing_affordability,Material,lived,1,core,False,pct_income_remaining,83.6775339813,,,
KOR,Korea,Housing affordability,PT_B7G_S14,2015,84.3160020631,A,housing_affordability,Material,lived,1,core,False,pct_income_remaining,84.3160020631,,,
KOR,Korea,Housing affordability,PT_B7G_S14,2016,84.2461253643,A,housing_affordability,Material,lived,1,core,False,pct_income_remaining,84.2461253643,,,
KOR,Korea,Housing affordability,PT_B7G_S14,2017,84.1978489591,A,housing_affordability,Material,lived,1,core,False,pct_income_remaining,84.1978489591,,,
KOR,Korea,Housing affordability,PT_B7G_S14,2018,84.2765313809,A,housing_affordability,Material,lived,1,core,False,pct_income_remaining,84.2765313809,,,
KOR,Korea,Housing affordability,PT_B7G_S14,2019,84.6511340639,A,housing_affordability,Material,lived,1,core,False,pct_income_remaining,84.6511340639,,,
KOR,Korea,Housing affordability,PT_B7G_S14,2020,84.6107436202,A,housing_affordability,Material,lived,1,core,False,pct_income_remaining,84.6107436202,,,
KOR,Korea,Housing affordability,PT_B7G_S14,2021,84.7431137031,A,housing_affordability,Material,lived,1,core,False,pct_income_remaining,84.7431137031,,,
KOR,Korea,Housing affordability,PT_B7G_S14,2022,85.0121293534,A,housing_affordability,Material,lived,1,core,False,pct_income_remaining,85.0121293534,,,
KOR,Korea,Housing affordability,PT_B7G_S14,2023,85.2703137246,A,housing_affordability,Material,lived,1,core,False,pct_income_remaining,85.2703137246,,,
KOR,Korea,Housing affordability,PT_B7G_S14,2024,85.6318590488,P,housing_affordability,Material,lived,1,core,False,pct_income_remaining,85.6318590488,,,
LTU,Lithuania,Housing affordability,PT_B7G_S14,2020,82.3306879685,A,housing_affordability,Material,lived,1,core,False,pct_income_remaining,82.3306879685,,,
LTU,Lithuania,Housing affordability,PT_B7G_S14,2021,82.21637851,A,housing_affordability,Material,lived,1,core,False,pct_income_remaining,82.21637851,,,
LTU,Lithuania,Housing affordability,PT_B7G_S14,2022,80.9318263452,A,housing_affordability,Material,lived,1,core,False,pct_income_remaining,80.9318263452,,,
LTU,Lithuania,Housing affordability,PT_B7G_S14,2023,81.7253547365,A,housing_affordability,Material,lived,1,core,False,pct_income_remaining,81.7253547365,,,
LUX,Luxembourg,Housing affordability,PT_B7G_S14,2010,77.7709208812,A,housing_affordability,Material,lived,1,core,False,pct_income_remaining,77.7709208812,,,
LUX,Luxembourg,Housing affordability,PT_B7G_S14,2011,77.8506086916,A,housing_affordability,Material,lived,1,core,False,pct_income_remaining,77.8506086916,,,
LUX,Luxembourg,Housing affordability,PT_B7G_S14,2012,77.983971332,A,housing_affordability,Material,lived,1,core,False,pct_income_remaining,77.983971332,,,
LUX,Luxembourg,Housing affordability,PT_B7G_S14,2013,78.5803320372,A,housing_affordability,Material,lived,1,core,False,pct_income_remaining,78.5803320372,,,
LUX,Luxembourg,Housing affordability,PT_B7G_S14,2014,78.3312199239,A,housing_affordability,Material,lived,1,core,False,pct_income_remaining,78.3312199239,,,
LUX,Luxembourg,Housing affordability,PT_B7G_S14,2015,78.4548123263,A,housing_affordability,Material,lived,1,core,False,pct_income_remaining,78.4548123263,,,
LUX,Luxembourg,Housing affordability,PT_B7G_S14,2016,78.3778711474,A,housing_affordability,Material,lived,1,core,False,pct_income_remaining,78.3778711474,,,
LUX,Luxembourg,Housing affordability,PT_B7G_S14,2017,78.8206233172,A,housing_affordability,Material,lived,1,core,False,pct_income_remaining,78.8206233172,,,
LUX,Luxembourg,Housing affordability,PT_B7G_S14,2018,79.2043819021,A,housing_affordability,Material,lived,1,core,False,pct_income_remaining,79.2043819021,,,
LUX,Luxembourg,Housing affordability,PT_B7G_S14,2019,80.0192234127,A,housing_affordability,Material,lived,1,core,False,pct_income_remaining,80.0192234127,,,
LUX,Luxembourg,Housing affordability,PT_B7G_S14,2020,81.2264394756,A,housing_affordability,Material,lived,1,core,False,pct_income_remaining,81.2264394756,,,
LUX,Luxembourg,Housing affordability,PT_B7G_S14,2021,80.8292366467,A,housing_affordability,Material,lived,1,core,False,pct_income_remaining,80.8292366467,,,
LUX,Luxembourg,Housing affordability,PT_B7G_S14,2022,81.0413773802,A,housing_affordability,Material,lived,1,core,False,pct_income_remaining,81.0413773802,,,
LUX,Luxembourg,Housing affordability,PT_B7G_S14,2023,81.778052022,A,housing_affordability,Material,lived,1,core,False,pct_income_remaining,81.778052022,,,
LUX,Luxembourg,Housing affordability,PT_B7G_S14,2024,81.9505868895,A,housing_affordability,Material,lived,1,core,False,pct_income_remaining,81.9505868895,,,
LVA,Latvia,Housing affordability,PT_B7G_S14,2010,81.6038251422,A,housing_affordability,Material,lived,1,core,False,pct_income_remaining,81.6038251422,,,
LVA,Latvia,Housing affordability,PT_B7G_S14,2011,81.1512509874,A,housing_affordability,Material,lived,1,core,False,pct_income_remaining,81.1512509874,,,
LVA,Latvia,Housing affordability,PT_B7G_S14,2012,80.6231798758,A,housing_affordability,Material,lived,1,core,False,pct_income_remaining,80.6231798758,,,
LVA,Latvia,Housing affordability,PT_B7G_S14,2013,80.8437548406,A,housing_affordability,Material,lived,1,core,False,pct_income_remaining,80.8437548406,,,
LVA,Latvia,Housing affordability,PT_B7G_S14,2014,80.8495901583,A,housing_affordability,Material,lived,1,core,False,pct_income_remaining,80.8495901583,,,
LVA,Latvia,Housing affordability,PT_B7G_S14,2015,81.6942557163,A,housing_affordability,Material,lived,1,core,False,pct_income_remaining,81.6942557163,,,
LVA,Latvia,Housing affordability,PT_B7G_S14,2016,82.1557092352,A,housing_affordability,Material,lived,1,core,False,pct_income_remaining,82.1557092352,,,
LVA,Latvia,Housing affordability,PT_B7G_S14,2017,82.8789866227,A,housing_affordability,Material,lived,1,core,False,pct_income_remaining,82.8789866227,,,
LVA,Latvia,Housing affordability,PT_B7G_S14,2018,83.1879837748,A,housing_affordability,Material,lived,1,core,False,pct_income_remaining,83.1879837748,,,
LVA,Latvia,Housing affordability,PT_B7G_S14,2019,83.5827348841,A,housing_affordability,Material,lived,1,core,False,pct_income_remaining,83.5827348841,,,
LVA,Latvia,Housing affordability,PT_B7G_S14,2020,83.4087906893,A,housing_affordability,Material,lived,1,core,False,pct_income_remaining,83.4087906893,,,
LVA,Latvia,Housing affordability,PT_B7G_S14,2021,83.0756147715,A,housing_affordability,Material,lived,1,core,False,pct_income_remaining,83.0756147715,,,
LVA,Latvia,Housing affordability,PT_B7G_S14,2022,82.0021702287,A,housing_affordability,Material,lived,1,core,False,pct_income_remaining,82.0021702287,,,
LVA,Latvia,Housing affordability,PT_B7G_S14,2023,82.4704275093,A,housing_affordability,Material,lived,1,core,False,pct_income_remaining,82.4704275093,,,
LVA,Latvia,Housing affordability,PT_B7G_S14,2024,83.6570063128,A,housing_affordability,Material,lived,1,core,False,pct_income_remaining,83.6570063128,,,
MEX,Mexico,Housing affordability,PT_B7G_S14,2010,77.4590655722,A,housing_affordability,Material,lived,1,core,False,pct_income_remaining,77.4590655722,,,
MEX,Mexico,Housing affordability,PT_B7G_S14,2011,78.825200326,A,housing_affordability,Material,lived,1,core,False,pct_income_remaining,78.825200326,,,
MEX,Mexico,Housing affordability,PT_B7G_S14,2012,79.3944522334,A,housing_affordability,Material,lived,1,core,False,pct_income_remaining,79.3944522334,,,
MEX,Mexico,Housing affordability,PT_B7G_S14,2013,79.8599608772,A,housing_affordability,Material,lived,1,core,False,pct_income_remaining,79.8599608772,,,
MEX,Mexico,Housing affordability,PT_B7G_S14,2014,80.0243594169,A,housing_affordability,Material,lived,1,core,False,pct_income_remaining,80.0243594169,,,
MEX,Mexico,Housing affordability,PT_B7G_S14,2015,81.2945246092,A,housing_affordability,Material,lived,1,core,False,pct_income_remaining,81.2945246092,,,
MEX,Mexico,Housing affordability,PT_B7G_S14,2016,80.6644906764,A,housing_affordability,Material,lived,1,core,False,pct_income_remaining,80.6644906764,,,
MEX,Mexico,Housing affordability,PT_B7G_S14,2017,80.0779341343,A,housing_affordability,Material,lived,1,core,False,pct_income_remaining,80.0779341343,,,
MEX,Mexico,Housing affordability,PT_B7G_S14,2018,80.0048154743,A,housing_affordability,Material,lived,1,core,False,pct_income_remaining,80.0048154743,,,
MEX,Mexico,Housing affordability,PT_B7G_S14,2019,80.6134584896,A,housing_affordability,Material,lived,1,core,False,pct_income_remaining,80.6134584896,,,
MEX,Mexico,Housing affordability,PT_B7G_S14,2020,80.1375770795,A,housing_affordability,Material,lived,1,core,False,pct_income_remaining,80.1375770795,,,
MEX,Mexico,Housing affordability,PT_B7G_S14,2021,79.4744364908,A,housing_affordability,Material,lived,1,core,False,pct_income_remaining,79.4744364908,,,
MEX,Mexico,Housing affordability,PT_B7G_S14,2022,79.2680017629,A,housing_affordability,Material,lived,1,core,False,pct_income_remaining,79.2680017629,,,
MEX,Mexico,Housing affordability,PT_B7G_S14,2023,81.2301810886,P,housing_affordability,Material,lived,1,core,False,pct_income_remaining,81.2301810886,,,
MEX,Mexico,Housing affordability,PT_B7G_S14,2024,82.0394298659,P,housing_affordability,Material,lived,1,core,False,pct_income_remaining,82.0394298659,,,
NLD,Netherlands,Housing affordability,PT_B7G_S14,2010,80.9606667505,A,housing_affordability,Material,lived,1,core,False,pct_income_remaining,80.9606667505,,,
NLD,Netherlands,Housing affordability,PT_B7G_S14,2011,81.0343248799,A,housing_affordability,Material,lived,1,core,False,pct_income_remaining,81.0343248799,,,
NLD,Netherlands,Housing affordability,PT_B7G_S14,2012,80.507816149,A,housing_affordability,Material,lived,1,core,False,pct_income_remaining,80.507816149,,,
NLD,Netherlands,Housing affordability,PT_B7G_S14,2013,79.9633196824,A,housing_affordability,Material,lived,1,core,False,pct_income_remaining,79.9633196824,,,
NLD,Netherlands,Housing affordability,PT_B7G_S14,2014,80.0973664874,A,housing_affordability,Material,lived,1,core,False,pct_income_remaining,80.0973664874,,,
NLD,Netherlands,Housing affordability,PT_B7G_S14,2015,79.8773704611,A,housing_affordability,Material,lived,1,core,False,pct_income_remaining,79.8773704611,,,
NLD,Netherlands,Housing affordability,PT_B7G_S14,2016,80.0060398333,A,housing_affordability,Material,lived,1,core,False,pct_income_remaining,80.0060398333,,,
NLD,Netherlands,Housing affordability,PT_B7G_S14,2017,80.0201924024,A,housing_affordability,Material,lived,1,core,False,pct_income_remaining,80.0201924024,,,
NLD,Netherlands,Housing affordability,PT_B7G_S14,2018,80.1023727255,A,housing_affordability,Material,lived,1,core,False,pct_income_remaining,80.1023727255,,,
NLD,Netherlands,Housing affordability,PT_B7G_S14,2019,80.3155422274,A,housing_affordability,Material,lived,1,core,False,pct_income_remaining,80.3155422274,,,
NLD,Netherlands,Housing affordability,PT_B7G_S14,2020,79.9454018752,A,housing_affordability,Material,lived,1,core,False,pct_income_remaining,79.9454018752,,,
NLD,Netherlands,Housing affordability,PT_B7G_S14,2021,80.2460780173,A,housing_affordability,Material,lived,1,core,False,pct_income_remaining,80.2460780173,,,
NLD,Netherlands,Housing affordability,PT_B7G_S14,2022,80.5172049788,A,housing_affordability,Material,lived,1,core,False,pct_income_remaining,80.5172049788,,,
NLD,Netherlands,Housing affordability,PT_B7G_S14,2023,81.3150518427,A,housing_affordability,Material,lived,1,core,False,pct_income_remaining,81.3150518427,,,
NLD,Netherlands,Housing affordability,PT_B7G_S14,2024,81.7293796965,P,housing_affordability,Material,lived,1,core,False,pct_income_remaining,81.7293796965,,,
NOR,Norway,Housing affordability,PT_B7G_S14,2010,81.2633894624,A,housing_affordability,Material,lived,1,core,False,pct_income_remaining,81.2633894624,,,
NOR,Norway,Housing affordability,PT_B7G_S14,2011,82.0417238612,A,housing_affordability,Material,lived,1,core,False,pct_income_remaining,82.0417238612,,,
NOR,Norway,Housing affordability,PT_B7G_S14,2012,82.3613352748,A,housing_affordability,Material,lived,1,core,False,pct_income_remaining,82.3613352748,,,
NOR,Norway,Housing affordability,PT_B7G_S14,2013,82.2860367548,A,housing_affordability,Material,lived,1,core,False,pct_income_remaining,82.2860367548,,,
NOR,Norway,Housing affordability,PT_B7G_S14,2014,82.5182333874,A,housing_affordability,Material,lived,1,core,False,pct_income_remaining,82.5182333874,,,
NOR,Norway,Housing affordability,PT_B7G_S14,2015,82.6179704166,A,housing_affordability,Material,lived,1,core,False,pct_income_remaining,82.6179704166,,,
NOR,Norway,Housing affordability,PT_B7G_S14,2016,82.2270505002,A,housing_affordability,Material,lived,1,core,False,pct_income_remaining,82.2270505002,,,
NOR,Norway,Housing affordability,PT_B7G_S14,2017,82.333695359,A,housing_affordability,Material,lived,1,core,False,pct_income_remaining,82.333695359,,,
NOR,Norway,Housing affordability,PT_B7G_S14,2018,82.1044780019,A,housing_affordability,Material,lived,1,core,False,pct_income_remaining,82.1044780019,,,
NOR,Norway,Housing affordability,PT_B7G_S14,2019,82.2255726367,A,housing_affordability,Material,lived,1,core,False,pct_income_remaining,82.2255726367,,,
NOR,Norway,Housing affordability,PT_B7G_S14,2020,82.3338800288,A,housing_affordability,Material,lived,1,core,False,pct_income_remaining,82.3338800288,,,
NOR,Norway,Housing affordability,PT_B7G_S14,2021,81.7859469328,A,housing_affordability,Material,lived,1,core,False,pct_income_remaining,81.7859469328,,,
NOR,Norway,Housing affordability,PT_B7G_S14,2022,81.661969318,A,housing_affordability,Material,lived,1,core,False,pct_income_remaining,81.661969318,,,
NZL,New Zealand,Housing affordability,PT_B7G_S14,2010,74.4319207067,A,housing_affordability,Material,lived,1,core,False,pct_income_remaining,74.4319207067,,,
NZL,New Zealand,Housing affordability,PT_B7G_S14,2011,74.7530512105,A,housing_affordability,Material,lived,1,core,False,pct_income_remaining,74.7530512105,,,
NZL,New Zealand,Housing affordability,PT_B7G_S14,2012,74.2032745482,A,housing_affordability,Material,lived,1,core,False,pct_income_remaining,74.2032745482,,,
NZL,New Zealand,Housing affordability,PT_B7G_S14,2013,73.8262819613,A,housing_affordability,Material,lived,1,core,False,pct_income_remaining,73.8262819613,,,
NZL,New Zealand,Housing affordability,PT_B7G_S14,2014,73.0383152388,A,housing_affordability,Material,lived,1,core,False,pct_income_remaining,73.0383152388,,,
NZL,New Zealand,Housing affordability,PT_B7G_S14,2015,73.1629670903,A,housing_affordability,Material,lived,1,core,False,pct_income_remaining,73.1629670903,,,
NZL,New Zealand,Housing affordability,PT_B7G_S14,2016,73.3949500475,A,housing_affordability,Material,lived,1,core,False,pct_income_remaining,73.3949500475,,,
NZL,New Zealand,Housing affordability,PT_B7G_S14,2017,73.3575360218,A,housing_affordability,Material,lived,1,core,False,pct_income_remaining,73.3575360218,,,
NZL,New Zealand,Housing affordability,PT_B7G_S14,2018,73.6132319785,A,housing_affordability,Material,lived,1,core,False,pct_income_remaining,73.6132319785,,,
NZL,New Zealand,Housing affordability,PT_B7G_S14,2019,73.8895977077,A,housing_affordability,Material,lived,1,core,False,pct_income_remaining,73.8895977077,,,
NZL,New Zealand,Housing affordability,PT_B7G_S14,2020,74.3577386012,A,housing_affordability,Material,lived,1,core,False,pct_income_remaining,74.3577386012,,,
NZL,New Zealand,Housing affordability,PT_B7G_S14,2021,74.0677002792,A,housing_affordability,Material,lived,1,core,False,pct_income_remaining,74.0677002792,,,
NZL,New Zealand,Housing affordability,PT_B7G_S14,2022,74.1135274266,A,housing_affordability,Material,lived,1,core,False,pct_income_remaining,74.1135274266,,,
POL,Poland,Housing affordability,PT_B7G_S14,2010,78.3366387566,A,housing_affordability,Material,lived,1,core,False,pct_income_remaining,78.3366387566,,,
POL,Poland,Housing affordability,PT_B7G_S14,2011,78.064534212,A,housing_affordability,Material,lived,1,core,False,pct_income_remaining,78.064534212,,,
POL,Poland,Housing affordability,PT_B7G_S14,2012,77.8688813566,A,housing_affordability,Material,lived,1,core,False,pct_income_remaining,77.8688813566,,,
POL,Poland,Housing affordability,PT_B7G_S14,2013,78.3661324544,A,housing_affordability,Material,lived,1,core,False,pct_income_remaining,78.3661324544,,,
POL,Poland,Housing affordability,PT_B7G_S14,2014,78.6264368987,A,housing_affordability,Material,lived,1,core,False,pct_income_remaining,78.6264368987,,,
POL,Poland,Housing affordability,PT_B7G_S14,2015,78.2016549738,A,housing_affordability,Material,lived,1,core,False,pct_income_remaining,78.2016549738,,,
POL,Poland,Housing affordability,PT_B7G_S14,2016,79.0997733549,A,housing_affordability,Material,lived,1,core,False,pct_income_remaining,79.0997733549,,,
POL,Poland,Housing affordability,PT_B7G_S14,2017,79.1866662702,A,housing_affordability,Material,lived,1,core,False,pct_income_remaining,79.1866662702,,,
POL,Poland,Housing affordability,PT_B7G_S14,2018,79.7219302967,A,housing_affordability,Material,lived,1,core,False,pct_income_remaining,79.7219302967,,,
POL,Poland,Housing affordability,PT_B7G_S14,2019,79.8777780076,A,housing_affordability,Material,lived,1,core,False,pct_income_remaining,79.8777780076,,,
POL,Poland,Housing affordability,PT_B7G_S14,2020,80.4245459559,A,housing_affordability,Material,lived,1,core,False,pct_income_remaining,80.4245459559,,,
POL,Poland,Housing affordability,PT_B7G_S14,2021,79.1578203018,A,housing_affordability,Material,lived,1,core,False,pct_income_remaining,79.1578203018,,,
POL,Poland,Housing affordability,PT_B7G_S14,2022,78.525005877,A,housing_affordability,Material,lived,1,core,False,pct_income_remaining,78.525005877,,,
POL,Poland,Housing affordability,PT_B7G_S14,2023,78.9235173126,A,housing_affordability,Material,lived,1,core,False,pct_income_remaining,78.9235173126,,,
POL,Poland,Housing affordability,PT_B7G_S14,2024,80.3837678886,A,housing_affordability,Material,lived,1,core,False,pct_income_remaining,80.3837678886,,,
PRT,Portugal,Housing affordability,PT_B7G_S14,2010,82.204184014,A,housing_affordability,Material,lived,1,core,False,pct_income_remaining,82.204184014,,,
PRT,Portugal,Housing affordability,PT_B7G_S14,2011,81.5852243299,A,housing_affordability,Material,lived,1,core,False,pct_income_remaining,81.5852243299,,,
PRT,Portugal,Housing affordability,PT_B7G_S14,2012,80.7092895267,A,housing_affordability,Material,lived,1,core,False,pct_income_remaining,80.7092895267,,,
PRT,Portugal,Housing affordability,PT_B7G_S14,2013,80.3079943475,A,housing_affordability,Material,lived,1,core,False,pct_income_remaining,80.3079943475,,,
PRT,Portugal,Housing affordability,PT_B7G_S14,2014,79.4813932609,A,housing_affordability,Material,lived,1,core,False,pct_income_remaining,79.4813932609,,,
PRT,Portugal,Housing affordability,PT_B7G_S14,2015,79.8251596713,A,housing_affordability,Material,lived,1,core,False,pct_income_remaining,79.8251596713,,,
PRT,Portugal,Housing affordability,PT_B7G_S14,2016,80.1006384481,A,housing_affordability,Material,lived,1,core,False,pct_income_remaining,80.1006384481,,,
PRT,Portugal,Housing affordability,PT_B7G_S14,2017,80.3115045227,A,housing_affordability,Material,lived,1,core,False,pct_income_remaining,80.3115045227,,,
PRT,Portugal,Housing affordability,PT_B7G_S14,2018,80.5291165607,A,housing_affordability,Material,lived,1,core,False,pct_income_remaining,80.5291165607,,,
PRT,Portugal,Housing affordability,PT_B7G_S14,2019,80.7683139507,A,housing_affordability,Material,lived,1,core,False,pct_income_remaining,80.7683139507,,,
PRT,Portugal,Housing affordability,PT_B7G_S14,2020,80.1442472073,A,housing_affordability,Material,lived,1,core,False,pct_income_remaining,80.1442472073,,,
PRT,Portugal,Housing affordability,PT_B7G_S14,2021,80.9963815719,A,housing_affordability,Material,lived,1,core,False,pct_income_remaining,80.9963815719,,,
PRT,Portugal,Housing affordability,PT_B7G_S14,2022,81.2445985561,A,housing_affordability,Material,lived,1,core,False,pct_income_remaining,81.2445985561,,,
PRT,Portugal,Housing affordability,PT_B7G_S14,2023,82.1979970683,A,housing_affordability,Material,lived,1,core,False,pct_income_remaining,82.1979970683,,,
PRT,Portugal,Housing affordability,PT_B7G_S14,2024,82.430377589,P,housing_affordability,Material,lived,1,core,False,pct_income_remaining,82.430377589,,,
ROU,Romania,Housing affordability,PT_B7G_S14,2010,69.952972997,A,housing_affordability,Material,lived,1,core,False,pct_income_remaining,69.952972997,,,
ROU,Romania,Housing affordability,PT_B7G_S14,2011,69.0242913024,A,housing_affordability,Material,lived,1,core,False,pct_income_remaining,69.0242913024,,,
ROU,Romania,Housing affordability,PT_B7G_S14,2012,69.0832384156,A,housing_affordability,Material,lived,1,core,False,pct_income_remaining,69.0832384156,,,
ROU,Romania,Housing affordability,PT_B7G_S14,2013,70.0699995755,A,housing_affordability,Material,lived,1,core,False,pct_income_remaining,70.0699995755,,,
ROU,Romania,Housing affordability,PT_B7G_S14,2014,69.2887926083,A,housing_affordability,Material,lived,1,core,False,pct_income_remaining,69.2887926083,,,
ROU,Romania,Housing affordability,PT_B7G_S14,2015,69.0947093385,A,housing_affordability,Material,lived,1,core,False,pct_income_remaining,69.0947093385,,,
ROU,Romania,Housing affordability,PT_B7G_S14,2016,70.0598439023,A,housing_affordability,Material,lived,1,core,False,pct_income_remaining,70.0598439023,,,
ROU,Romania,Housing affordability,PT_B7G_S14,2017,70.7254495844,A,housing_affordability,Material,lived,1,core,False,pct_income_remaining,70.7254495844,,,
ROU,Romania,Housing affordability,PT_B7G_S14,2018,70.4758469145,A,housing_affordability,Material,lived,1,core,False,pct_income_remaining,70.4758469145,,,
ROU,Romania,Housing affordability,PT_B7G_S14,2019,72.8123742904,A,housing_affordability,Material,lived,1,core,False,pct_income_remaining,72.8123742904,,,
ROU,Romania,Housing affordability,PT_B7G_S14,2020,73.2523128915,A,housing_affordability,Material,lived,1,core,False,pct_income_remaining,73.2523128915,,,
ROU,Romania,Housing affordability,PT_B7G_S14,2021,72.7944079389,A,housing_affordability,Material,lived,1,core,False,pct_income_remaining,72.7944079389,,,
ROU,Romania,Housing affordability,PT_B7G_S14,2022,72.6114357379,A,housing_affordability,Material,lived,1,core,False,pct_income_remaining,72.6114357379,,,
ROU,Romania,Housing affordability,PT_B7G_S14,2023,70.592014394,A,housing_affordability,Material,lived,1,core,False,pct_income_remaining,70.592014394,,,
ROU,Romania,Housing affordability,PT_B7G_S14,2024,71.1047388765,P,housing_affordability,Material,lived,1,core,False,pct_income_remaining,71.1047388765,,,
SVK,Slovak Republic,Housing affordability,PT_B7G_S14,2010,70.3756627356,A,housing_affordability,Material,lived,1,core,False,pct_income_remaining,70.3756627356,,,
SVK,Slovak Republic,Housing affordability,PT_B7G_S14,2011,69.767345283,A,housing_affordability,Material,lived,1,core,False,pct_income_remaining,69.767345283,,,
SVK,Slovak Republic,Housing affordability,PT_B7G_S14,2012,70.1870486322,A,housing_affordability,Material,lived,1,core,False,pct_income_remaining,70.1870486322,,,
SVK,Slovak Republic,Housing affordability,PT_B7G_S14,2013,70.5859810701,A,housing_affordability,Material,lived,1,core,False,pct_income_remaining,70.5859810701,,,
SVK,Slovak Republic,Housing affordability,PT_B7G_S14,2014,70.2569406838,A,housing_affordability,Material,lived,1,core,False,pct_income_remaining,70.2569406838,,,
SVK,Slovak Republic,Housing affordability,PT_B7G_S14,2015,71.6999355336,A,housing_affordability,Material,lived,1,core,False,pct_income_remaining,71.6999355336,,,
SVK,Slovak Republic,Housing affordability,PT_B7G_S14,2016,71.5839629419,A,housing_affordability,Material,lived,1,core,False,pct_income_remaining,71.5839629419,,,
SVK,Slovak Republic,Housing affordability,PT_B7G_S14,2017,72.2951214509,A,housing_affordability,Material,lived,1,core,False,pct_income_remaining,72.2951214509,,,
SVK,Slovak Republic,Housing affordability,PT_B7G_S14,2018,73.5179236461,A,housing_affordability,Material,lived,1,core,False,pct_income_remaining,73.5179236461,,,
SVK,Slovak Republic,Housing affordability,PT_B7G_S14,2019,73.4976367573,A,housing_affordability,Material,lived,1,core,False,pct_income_remaining,73.4976367573,,,
SVK,Slovak Republic,Housing affordability,PT_B7G_S14,2020,72.9833407049,A,housing_affordability,Material,lived,1,core,False,pct_income_remaining,72.9833407049,,,
SVK,Slovak Republic,Housing affordability,PT_B7G_S14,2021,72.9684623444,A,housing_affordability,Material,lived,1,core,False,pct_income_remaining,72.9684623444,,,
SVK,Slovak Republic,Housing affordability,PT_B7G_S14,2022,71.7539183057,A,housing_affordability,Material,lived,1,core,False,pct_income_remaining,71.7539183057,,,
SVK,Slovak Republic,Housing affordability,PT_B7G_S14,2023,73.002169813,A,housing_affordability,Material,lived,1,core,False,pct_income_remaining,73.002169813,,,
SVK,Slovak Republic,Housing affordability,PT_B7G_S14,2024,74.1235334623,A,housing_affordability,Material,lived,1,core,False,pct_income_remaining,74.1235334623,,,
SVN,Slovenia,Housing affordability,PT_B7G_S14,2010,79.7926066204,A,housing_affordability,Material,lived,1,core,False,pct_income_remaining,79.7926066204,,,
SVN,Slovenia,Housing affordability,PT_B7G_S14,2011,79.940964494,A,housing_affordability,Material,lived,1,core,False,pct_income_remaining,79.940964494,,,
SVN,Slovenia,Housing affordability,PT_B7G_S14,2012,79.7382451519,A,housing_affordability,Material,lived,1,core,False,pct_income_remaining,79.7382451519,,,
SVN,Slovenia,Housing affordability,PT_B7G_S14,2013,80.1544129372,A,housing_affordability,Material,lived,1,core,False,pct_income_remaining,80.1544129372,,,
SVN,Slovenia,Housing affordability,PT_B7G_S14,2014,80.39994007,A,housing_affordability,Material,lived,1,core,False,pct_income_remaining,80.39994007,,,
SVN,Slovenia,Housing affordability,PT_B7G_S14,2015,80.8201633433,A,housing_affordability,Material,lived,1,core,False,pct_income_remaining,80.8201633433,,,
SVN,Slovenia,Housing affordability,PT_B7G_S14,2016,80.9045041,A,housing_affordability,Material,lived,1,core,False,pct_income_remaining,80.9045041,,,
SVN,Slovenia,Housing affordability,PT_B7G_S14,2017,81.3721454713,A,housing_affordability,Material,lived,1,core,False,pct_income_remaining,81.3721454713,,,
SVN,Slovenia,Housing affordability,PT_B7G_S14,2018,81.7763699451,A,housing_affordability,Material,lived,1,core,False,pct_income_remaining,81.7763699451,,,
SVN,Slovenia,Housing affordability,PT_B7G_S14,2019,81.877092392,A,housing_affordability,Material,lived,1,core,False,pct_income_remaining,81.877092392,,,
SVN,Slovenia,Housing affordability,PT_B7G_S14,2020,82.6595978418,A,housing_affordability,Material,lived,1,core,False,pct_income_remaining,82.6595978418,,,
SVN,Slovenia,Housing affordability,PT_B7G_S14,2021,82.6680983621,A,housing_affordability,Material,lived,1,core,False,pct_income_remaining,82.6680983621,,,
SVN,Slovenia,Housing affordability,PT_B7G_S14,2022,82.244218413,A,housing_affordability,Material,lived,1,core,False,pct_income_remaining,82.244218413,,,
SVN,Slovenia,Housing affordability,PT_B7G_S14,2023,83.1385419328,A,housing_affordability,Material,lived,1,core,False,pct_income_remaining,83.1385419328,,,
SVN,Slovenia,Housing affordability,PT_B7G_S14,2024,83.4326421864,A,housing_affordability,Material,lived,1,core,False,pct_income_remaining,83.4326421864,,,
SWE,Sweden,Housing affordability,PT_B7G_S14,2010,78.7050678664,A,housing_affordability,Material,lived,1,core,False,pct_income_remaining,78.7050678664,,,
SWE,Sweden,Housing affordability,PT_B7G_S14,2011,79.2296254298,A,housing_affordability,Material,lived,1,core,False,pct_income_remaining,79.2296254298,,,
SWE,Sweden,Housing affordability,PT_B7G_S14,2012,79.9526482333,A,housing_affordability,Material,lived,1,core,False,pct_income_remaining,79.9526482333,,,
SWE,Sweden,Housing affordability,PT_B7G_S14,2013,80.0689729552,A,housing_affordability,Material,lived,1,core,False,pct_income_remaining,80.0689729552,,,
SWE,Sweden,Housing affordability,PT_B7G_S14,2014,80.1340371363,A,housing_affordability,Material,lived,1,core,False,pct_income_remaining,80.1340371363,,,
SWE,Sweden,Housing affordability,PT_B7G_S14,2015,80.1507335928,A,housing_affordability,Material,lived,1,core,False,pct_income_remaining,80.1507335928,,,
SWE,Sweden,Housing affordability,PT_B7G_S14,2016,80.4035788149,A,housing_affordability,Material,lived,1,core,False,pct_income_remaining,80.4035788149,,,
SWE,Sweden,Housing affordability,PT_B7G_S14,2017,80.3707547184,A,housing_affordability,Material,lived,1,core,False,pct_income_remaining,80.3707547184,,,
SWE,Sweden,Housing affordability,PT_B7G_S14,2018,80.1897015005,A,housing_affordability,Material,lived,1,core,False,pct_income_remaining,80.1897015005,,,
SWE,Sweden,Housing affordability,PT_B7G_S14,2019,80.2223341699,A,housing_affordability,Material,lived,1,core,False,pct_income_remaining,80.2223341699,,,
SWE,Sweden,Housing affordability,PT_B7G_S14,2020,79.7115464332,A,housing_affordability,Material,lived,1,core,False,pct_income_remaining,79.7115464332,,,
SWE,Sweden,Housing affordability,PT_B7G_S14,2021,79.5739721669,A,housing_affordability,Material,lived,1,core,False,pct_income_remaining,79.5739721669,,,
SWE,Sweden,Housing affordability,PT_B7G_S14,2022,80.1836432248,A,housing_affordability,Material,lived,1,core,False,pct_income_remaining,80.1836432248,,,
SWE,Sweden,Housing affordability,PT_B7G_S14,2023,81.0081815882,A,housing_affordability,Material,lived,1,core,False,pct_income_remaining,81.0081815882,,,
SWE,Sweden,Housing affordability,PT_B7G_S14,2024,80.9269170681,A,housing_affordability,Material,lived,1,core,False,pct_income_remaining,80.9269170681,,,
TUR,Türkiye,Housing affordability,PT_B7G_S14,2010,77.3784142032,P,housing_affordability,Material,lived,1,core,False,pct_income_remaining,77.3784142032,,,
TUR,Türkiye,Housing affordability,PT_B7G_S14,2011,78.285687404,P,housing_affordability,Material,lived,1,core,False,pct_income_remaining,78.285687404,,,
TUR,Türkiye,Housing affordability,PT_B7G_S14,2012,78.4014714806,P,housing_affordability,Material,lived,1,core,False,pct_income_remaining,78.4014714806,,,
TUR,Türkiye,Housing affordability,PT_B7G_S14,2013,78.9882619601,P,housing_affordability,Material,lived,1,core,False,pct_income_remaining,78.9882619601,,,
TUR,Türkiye,Housing affordability,PT_B7G_S14,2014,79.6332029935,P,housing_affordability,Material,lived,1,core,False,pct_income_remaining,79.6332029935,,,
TUR,Türkiye,Housing affordability,PT_B7G_S14,2015,80.5511580849,P,housing_affordability,Material,lived,1,core,False,pct_income_remaining,80.5511580849,,,
TUR,Türkiye,Housing affordability,PT_B7G_S14,2016,81.1051760319,P,housing_affordability,Material,lived,1,core,False,pct_income_remaining,81.1051760319,,,
TUR,Türkiye,Housing affordability,PT_B7G_S14,2017,81.7592310162,P,housing_affordability,Material,lived,1,core,False,pct_income_remaining,81.7592310162,,,
TUR,Türkiye,Housing affordability,PT_B7G_S14,2018,81.772587867,P,housing_affordability,Material,lived,1,core,False,pct_income_remaining,81.772587867,,,
TUR,Türkiye,Housing affordability,PT_B7G_S14,2019,80.7972858623,P,housing_affordability,Material,lived,1,core,False,pct_income_remaining,80.7972858623,,,
TUR,Türkiye,Housing affordability,PT_B7G_S14,2020,80.5229121833,P,housing_affordability,Material,lived,1,core,False,pct_income_remaining,80.5229121833,,,
TUR,Türkiye,Housing affordability,PT_B7G_S14,2021,81.0221139872,P,housing_affordability,Material,lived,1,core,False,pct_income_remaining,81.0221139872,,,
TUR,Türkiye,Housing affordability,PT_B7G_S14,2022,81.0549339199,P,housing_affordability,Material,lived,1,core,False,pct_income_remaining,81.0549339199,,,
TUR,Türkiye,Housing affordability,PT_B7G_S14,2023,82.1228298101,P,housing_affordability,Material,lived,1,core,False,pct_income_remaining,82.1228298101,,,
TUR,Türkiye,Housing affordability,PT_B7G_S14,2024,80.1310743665,P,housing_affordability,Material,lived,1,core,False,pct_income_remaining,80.1310743665,,,
USA,United States,Housing affordability,PT_B7G_S14,2010,81.0690661999,A,housing_affordability,Material,lived,1,core,False,pct_income_remaining,81.0690661999,,,
USA,United States,Housing affordability,PT_B7G_S14,2011,81.4837817495,A,housing_affordability,Material,lived,1,core,False,pct_income_remaining,81.4837817495,,,
USA,United States,Housing affordability,PT_B7G_S14,2012,81.9440436969,A,housing_affordability,Material,lived,1,core,False,pct_income_remaining,81.9440436969,,,
USA,United States,Housing affordability,PT_B7G_S14,2013,81.393893126,A,housing_affordability,Material,lived,1,core,False,pct_income_remaining,81.393893126,,,
USA,United States,Housing affordability,PT_B7G_S14,2014,81.6716171048,A,housing_affordability,Material,lived,1,core,False,pct_income_remaining,81.6716171048,,,
USA,United States,Housing affordability,PT_B7G_S14,2015,81.9273111068,A,housing_affordability,Material,lived,1,core,False,pct_income_remaining,81.9273111068,,,
USA,United States,Housing affordability,PT_B7G_S14,2016,81.9041603686,A,housing_affordability,Material,lived,1,core,False,pct_income_remaining,81.9041603686,,,
USA,United States,Housing affordability,PT_B7G_S14,2017,82.0939247748,A,housing_affordability,Material,lived,1,core,False,pct_income_remaining,82.0939247748,,,
USA,United States,Housing affordability,PT_B7G_S14,2018,82.2233578135,A,housing_affordability,Material,lived,1,core,False,pct_income_remaining,82.2233578135,,,
USA,United States,Housing affordability,PT_B7G_S14,2019,82.3341318497,A,housing_affordability,Material,lived,1,core,False,pct_income_remaining,82.3341318497,,,
USA,United States,Housing affordability,PT_B7G_S14,2020,82.7436549176,A,housing_affordability,Material,lived,1,core,False,pct_income_remaining,82.7436549176,,,
USA,United States,Housing affordability,PT_B7G_S14,2021,82.879649863,A,housing_affordability,Material,lived,1,core,False,pct_income_remaining,82.879649863,,,
USA,United States,Housing affordability,PT_B7G_S14,2022,81.5771593349,A,housing_affordability,Material,lived,1,core,False,pct_income_remaining,81.5771593349,,,
USA,United States,Housing affordability,PT_B7G_S14,2023,81.8379212598,A,housing_affordability,Material,lived,1,core,False,pct_income_remaining,81.8379212598,,,
USA,United States,Housing affordability,PT_B7G_S14,2024,81.7426245564,A,housing_affordability,Material,lived,1,core,False,pct_income_remaining,81.7426245564,,,
ARG,Argentina,Lack of social support,PT_POP_Y_GE15,2010,8.6223957723,A,lack_of_support,Social,lived,-1,core,True,pct,-8.6223957723,2008-10,2009.0,0.0
ARG,Argentina,Lack of social support,PT_POP_Y_GE15,2011,9.887693696,A,lack_of_support,Social,lived,-1,core,True,pct,-9.887693696,2011-13,2012.0,1.0
ARG,Argentina,Lack of social support,PT_POP_Y_GE15,2014,9.0184446699,A,lack_of_support,Social,lived,-1,core,True,pct,-9.0184446699,2014-16,2015.0,2.0
ARG,Argentina,Lack of social support,PT_POP_Y_GE15,2017,9.870592493,A,lack_of_support,Social,lived,-1,core,True,pct,-9.870592493,2017-19,2018.0,3.0
ARG,Argentina,Lack of social support,PT_POP_Y_GE15,2020,10.8332761189,A,lack_of_support,Social,lived,-1,core,True,pct,-10.8332761189,2020-22,2021.0,4.0
ARG,Argentina,Lack of social support,PT_POP_Y_GE15,2023,9.4099065555,A,lack_of_support,Social,lived,-1,core,True,pct,-9.4099065555,2023-25,2024.0,5.0
AUT,Austria,Lack of social support,PT_POP_Y_GE15,2010,7.8462921317,A,lack_of_support,Social,lived,-1,core,True,pct,-7.8462921317,2008-10,2009.0,0.0
AUT,Austria,Lack of social support,PT_POP_Y_GE15,2011,5.3236208192,A,lack_of_support,Social,lived,-1,core,True,pct,-5.3236208192,2011-13,2012.0,1.0
AUT,Austria,Lack of social support,PT_POP_Y_GE15,2014,8.1955118283,A,lack_of_support,Social,lived,-1,core,True,pct,-8.1955118283,2014-16,2015.0,2.0
AUT,Austria,Lack of social support,PT_POP_Y_GE15,2017,7.2085140485,A,lack_of_support,Social,lived,-1,core,True,pct,-7.2085140485,2017-19,2018.0,3.0
AUT,Austria,Lack of social support,PT_POP_Y_GE15,2020,11.1836868039,A,lack_of_support,Social,lived,-1,core,True,pct,-11.1836868039,2020-22,2021.0,4.0
AUT,Austria,Lack of social support,PT_POP_Y_GE15,2023,10.9955723477,A,lack_of_support,Social,lived,-1,core,True,pct,-10.9955723477,2023-25,2024.0,5.0
BEL,Belgium,Lack of social support,PT_POP_Y_GE15,2010,7.2894478448,A,lack_of_support,Social,lived,-1,core,True,pct,-7.2894478448,2008-10,2009.0,0.0
BEL,Belgium,Lack of social support,PT_POP_Y_GE15,2011,7.539228011,A,lack_of_support,Social,lived,-1,core,True,pct,-7.539228011,2011-13,2012.0,1.0
BEL,Belgium,Lack of social support,PT_POP_Y_GE15,2014,8.0603379761,A,lack_of_support,Social,lived,-1,core,True,pct,-8.0603379761,2014-16,2015.0,2.0
BEL,Belgium,Lack of social support,PT_POP_Y_GE15,2017,8.764922919,A,lack_of_support,Social,lived,-1,core,True,pct,-8.764922919,2017-19,2018.0,3.0
BEL,Belgium,Lack of social support,PT_POP_Y_GE15,2020,8.5784272563,A,lack_of_support,Social,lived,-1,core,True,pct,-8.5784272563,2020-22,2021.0,4.0
BEL,Belgium,Lack of social support,PT_POP_Y_GE15,2023,9.2476516654,A,lack_of_support,Social,lived,-1,core,True,pct,-9.2476516654,2023-25,2024.0,5.0
BGR,Bulgaria,Lack of social support,PT_POP_Y_GE15,2010,15.1642594275,A,lack_of_support,Social,lived,-1,core,True,pct,-15.1642594275,2008-10,2009.0,0.0
BGR,Bulgaria,Lack of social support,PT_POP_Y_GE15,2011,15.5849129371,A,lack_of_support,Social,lived,-1,core,True,pct,-15.5849129371,2011-13,2012.0,1.0
BGR,Bulgaria,Lack of social support,PT_POP_Y_GE15,2014,9.2650005076,A,lack_of_support,Social,lived,-1,core,True,pct,-9.2650005076,2014-16,2015.0,2.0
BGR,Bulgaria,Lack of social support,PT_POP_Y_GE15,2017,6.1626653604,A,lack_of_support,Social,lived,-1,core,True,pct,-6.1626653604,2017-19,2018.0,3.0
BGR,Bulgaria,Lack of social support,PT_POP_Y_GE15,2020,8.2008952037,A,lack_of_support,Social,lived,-1,core,True,pct,-8.2008952037,2020-22,2021.0,4.0
BGR,Bulgaria,Lack of social support,PT_POP_Y_GE15,2023,6.8903086332,A,lack_of_support,Social,lived,-1,core,True,pct,-6.8903086332,2023-25,2024.0,5.0
BRA,Brazil,Lack of social support,PT_POP_Y_GE15,2010,10.040364257,A,lack_of_support,Social,lived,-1,core,True,pct,-10.040364257,2008-10,2009.0,0.0
BRA,Brazil,Lack of social support,PT_POP_Y_GE15,2011,8.9030057794,A,lack_of_support,Social,lived,-1,core,True,pct,-8.9030057794,2011-13,2012.0,1.0
BRA,Brazil,Lack of social support,PT_POP_Y_GE15,2014,9.373187654,A,lack_of_support,Social,lived,-1,core,True,pct,-9.373187654,2014-16,2015.0,2.0
BRA,Brazil,Lack of social support,PT_POP_Y_GE15,2017,10.4121931467,A,lack_of_support,Social,lived,-1,core,True,pct,-10.4121931467,2017-19,2018.0,3.0
BRA,Brazil,Lack of social support,PT_POP_Y_GE15,2020,16.2013095776,A,lack_of_support,Social,lived,-1,core,True,pct,-16.2013095776,2020-22,2021.0,4.0
BRA,Brazil,Lack of social support,PT_POP_Y_GE15,2023,13.664929447,A,lack_of_support,Social,lived,-1,core,True,pct,-13.664929447,2023-25,2024.0,5.0
CAN,Canada,Lack of social support,PT_POP_Y_GE15,2010,5.4735667501,A,lack_of_support,Social,lived,-1,core,True,pct,-5.4735667501,2008-10,2009.0,0.0
CAN,Canada,Lack of social support,PT_POP_Y_GE15,2011,6.4590620869,A,lack_of_support,Social,lived,-1,core,True,pct,-6.4590620869,2011-13,2012.0,1.0
CAN,Canada,Lack of social support,PT_POP_Y_GE15,2014,7.2782276515,A,lack_of_support,Social,lived,-1,core,True,pct,-7.2782276515,2014-16,2015.0,2.0
CAN,Canada,Lack of social support,PT_POP_Y_GE15,2017,7.2483153403,A,lack_of_support,Social,lived,-1,core,True,pct,-7.2483153403,2017-19,2018.0,3.0
CAN,Canada,Lack of social support,PT_POP_Y_GE15,2020,7.128981347,A,lack_of_support,Social,lived,-1,core,True,pct,-7.128981347,2020-22,2021.0,4.0
CAN,Canada,Lack of social support,PT_POP_Y_GE15,2023,9.1001356226,A,lack_of_support,Social,lived,-1,core,True,pct,-9.1001356226,2023-25,2024.0,5.0
CHE,Switzerland,Lack of social support,PT_POP_Y_GE15,2010,6.1216663724,A,lack_of_support,Social,lived,-1,core,True,pct,-6.1216663724,2008-10,2009.0,0.0
CHE,Switzerland,Lack of social support,PT_POP_Y_GE15,2011,5.2972138795,A,lack_of_support,Social,lived,-1,core,True,pct,-5.2972138795,2011-13,2012.0,1.0
CHE,Switzerland,Lack of social support,PT_POP_Y_GE15,2014,5.831501926,A,lack_of_support,Social,lived,-1,core,True,pct,-5.831501926,2014-16,2015.0,2.0
CHE,Switzerland,Lack of social support,PT_POP_Y_GE15,2017,5.6748743539,A,lack_of_support,Social,lived,-1,core,True,pct,-5.6748743539,2017-19,2018.0,3.0
CHE,Switzerland,Lack of social support,PT_POP_Y_GE15,2020,7.9386646288,A,lack_of_support,Social,lived,-1,core,True,pct,-7.9386646288,2020-22,2021.0,4.0
CHE,Switzerland,Lack of social support,PT_POP_Y_GE15,2023,8.7582797482,A,lack_of_support,Social,lived,-1,core,True,pct,-8.7582797482,2023-25,2024.0,5.0
CHL,Chile,Lack of social support,PT_POP_Y_GE15,2010,16.8087974581,A,lack_of_support,Social,lived,-1,core,True,pct,-16.8087974581,2008-10,2009.0,0.0
CHL,Chile,Lack of social support,PT_POP_Y_GE15,2011,15.3878676276,A,lack_of_support,Social,lived,-1,core,True,pct,-15.3878676276,2011-13,2012.0,1.0
CHL,Chile,Lack of social support,PT_POP_Y_GE15,2014,15.5881310897,A,lack_of_support,Social,lived,-1,core,True,pct,-15.5881310897,2014-16,2015.0,2.0
CHL,Chile,Lack of social support,PT_POP_Y_GE15,2017,11.9910661701,A,lack_of_support,Social,lived,-1,core,True,pct,-11.9910661701,2017-19,2018.0,3.0
CHL,Chile,Lack of social support,PT_POP_Y_GE15,2020,11.0452196128,A,lack_of_support,Social,lived,-1,core,True,pct,-11.0452196128,2020-22,2021.0,4.0
CHL,Chile,Lack of social support,PT_POP_Y_GE15,2023,12.5447769388,A,lack_of_support,Social,lived,-1,core,True,pct,-12.5447769388,2023-25,2024.0,5.0
COL,Colombia,Lack of social support,PT_POP_Y_GE15,2010,11.3242080664,A,lack_of_support,Social,lived,-1,core,True,pct,-11.3242080664,2008-10,2009.0,0.0
COL,Colombia,Lack of social support,PT_POP_Y_GE15,2011,9.3248418582,A,lack_of_support,Social,lived,-1,core,True,pct,-9.3248418582,2011-13,2012.0,1.0
COL,Colombia,Lack of social support,PT_POP_Y_GE15,2014,10.6506962139,A,lack_of_support,Social,lived,-1,core,True,pct,-10.6506962139,2014-16,2015.0,2.0
COL,Colombia,Lack of social support,PT_POP_Y_GE15,2017,11.501346432,A,lack_of_support,Social,lived,-1,core,True,pct,-11.501346432,2017-19,2018.0,3.0
COL,Colombia,Lack of social support,PT_POP_Y_GE15,2020,17.7147964997,A,lack_of_support,Social,lived,-1,core,True,pct,-17.7147964997,2020-22,2021.0,4.0
COL,Colombia,Lack of social support,PT_POP_Y_GE15,2023,14.4067260899,A,lack_of_support,Social,lived,-1,core,True,pct,-14.4067260899,2023-25,2024.0,5.0
CRI,Costa Rica,Lack of social support,PT_POP_Y_GE15,2010,8.9402318116,A,lack_of_support,Social,lived,-1,core,True,pct,-8.9402318116,2008-10,2009.0,0.0
CRI,Costa Rica,Lack of social support,PT_POP_Y_GE15,2011,10.0276672498,A,lack_of_support,Social,lived,-1,core,True,pct,-10.0276672498,2011-13,2012.0,1.0
CRI,Costa Rica,Lack of social support,PT_POP_Y_GE15,2014,10.1665100463,A,lack_of_support,Social,lived,-1,core,True,pct,-10.1665100463,2014-16,2015.0,2.0
CRI,Costa Rica,Lack of social support,PT_POP_Y_GE15,2017,9.8184656482,A,lack_of_support,Social,lived,-1,core,True,pct,-9.8184656482,2017-19,2018.0,3.0
CRI,Costa Rica,Lack of social support,PT_POP_Y_GE15,2020,12.8318508162,A,lack_of_support,Social,lived,-1,core,True,pct,-12.8318508162,2020-22,2021.0,4.0
CRI,Costa Rica,Lack of social support,PT_POP_Y_GE15,2023,10.5549479494,A,lack_of_support,Social,lived,-1,core,True,pct,-10.5549479494,2023-25,2024.0,5.0
CZE,Czechia,Lack of social support,PT_POP_Y_GE15,2010,6.4251498988,A,lack_of_support,Social,lived,-1,core,True,pct,-6.4251498988,2008-10,2009.0,0.0
CZE,Czechia,Lack of social support,PT_POP_Y_GE15,2011,9.2800889733,A,lack_of_support,Social,lived,-1,core,True,pct,-9.2800889733,2011-13,2012.0,1.0
CZE,Czechia,Lack of social support,PT_POP_Y_GE15,2014,9.1348514001,A,lack_of_support,Social,lived,-1,core,True,pct,-9.1348514001,2014-16,2015.0,2.0
CZE,Czechia,Lack of social support,PT_POP_Y_GE15,2017,8.4022661214,A,lack_of_support,Social,lived,-1,core,True,pct,-8.4022661214,2017-19,2018.0,3.0
CZE,Czechia,Lack of social support,PT_POP_Y_GE15,2020,4.6759424516,A,lack_of_support,Social,lived,-1,core,True,pct,-4.6759424516,2020-22,2021.0,4.0
CZE,Czechia,Lack of social support,PT_POP_Y_GE15,2023,6.6212503296,A,lack_of_support,Social,lived,-1,core,True,pct,-6.6212503296,2023-25,2024.0,5.0
DEU,Germany,Lack of social support,PT_POP_Y_GE15,2010,6.7260550178,A,lack_of_support,Social,lived,-1,core,True,pct,-6.7260550178,2008-10,2009.0,0.0
DEU,Germany,Lack of social support,PT_POP_Y_GE15,2011,6.4736885502,A,lack_of_support,Social,lived,-1,core,True,pct,-6.4736885502,2011-13,2012.0,1.0
DEU,Germany,Lack of social support,PT_POP_Y_GE15,2014,7.6519005133,A,lack_of_support,Social,lived,-1,core,True,pct,-7.6519005133,2014-16,2015.0,2.0
DEU,Germany,Lack of social support,PT_POP_Y_GE15,2017,9.980209296,A,lack_of_support,Social,lived,-1,core,True,pct,-9.980209296,2017-19,2018.0,3.0
DEU,Germany,Lack of social support,PT_POP_Y_GE15,2020,10.3639320573,A,lack_of_support,Social,lived,-1,core,True,pct,-10.3639320573,2020-22,2021.0,4.0
DEU,Germany,Lack of social support,PT_POP_Y_GE15,2023,10.340765084,A,lack_of_support,Social,lived,-1,core,True,pct,-10.340765084,2023-25,2024.0,5.0
DNK,Denmark,Lack of social support,PT_POP_Y_GE15,2010,4.3926407792,A,lack_of_support,Social,lived,-1,core,True,pct,-4.3926407792,2008-10,2009.0,0.0
DNK,Denmark,Lack of social support,PT_POP_Y_GE15,2011,4.0468583458,A,lack_of_support,Social,lived,-1,core,True,pct,-4.0468583458,2011-13,2012.0,1.0
DNK,Denmark,Lack of social support,PT_POP_Y_GE15,2014,4.2987722321,A,lack_of_support,Social,lived,-1,core,True,pct,-4.2987722321,2014-16,2015.0,2.0
DNK,Denmark,Lack of social support,PT_POP_Y_GE15,2017,4.3950458761,A,lack_of_support,Social,lived,-1,core,True,pct,-4.3950458761,2017-19,2018.0,3.0
DNK,Denmark,Lack of social support,PT_POP_Y_GE15,2020,4.573087646,A,lack_of_support,Social,lived,-1,core,True,pct,-4.573087646,2020-22,2021.0,4.0
DNK,Denmark,Lack of social support,PT_POP_Y_GE15,2023,5.2566906024,A,lack_of_support,Social,lived,-1,core,True,pct,-5.2566906024,2023-25,2024.0,5.0
ESP,Spain,Lack of social support,PT_POP_Y_GE15,2010,5.6853359477,A,lack_of_support,Social,lived,-1,core,True,pct,-5.6853359477,2008-10,2009.0,0.0
ESP,Spain,Lack of social support,PT_POP_Y_GE15,2011,6.2906863262,A,lack_of_support,Social,lived,-1,core,True,pct,-6.2906863262,2011-13,2012.0,1.0
ESP,Spain,Lack of social support,PT_POP_Y_GE15,2014,5.1265282466,A,lack_of_support,Social,lived,-1,core,True,pct,-5.1265282466,2014-16,2015.0,2.0
ESP,Spain,Lack of social support,PT_POP_Y_GE15,2017,7.8844220971,A,lack_of_support,Social,lived,-1,core,True,pct,-7.8844220971,2017-19,2018.0,3.0
ESP,Spain,Lack of social support,PT_POP_Y_GE15,2020,6.8226476994,A,lack_of_support,Social,lived,-1,core,True,pct,-6.8226476994,2020-22,2021.0,4.0
ESP,Spain,Lack of social support,PT_POP_Y_GE15,2023,8.1289491262,A,lack_of_support,Social,lived,-1,core,True,pct,-8.1289491262,2023-25,2024.0,5.0
EST,Estonia,Lack of social support,PT_POP_Y_GE15,2010,10.7905825795,A,lack_of_support,Social,lived,-1,core,True,pct,-10.7905825795,2008-10,2009.0,0.0
EST,Estonia,Lack of social support,PT_POP_Y_GE15,2011,9.7822665832,A,lack_of_support,Social,lived,-1,core,True,pct,-9.7822665832,2011-13,2012.0,1.0
EST,Estonia,Lack of social support,PT_POP_Y_GE15,2014,7.4141695831,A,lack_of_support,Social,lived,-1,core,True,pct,-7.4141695831,2014-16,2015.0,2.0
EST,Estonia,Lack of social support,PT_POP_Y_GE15,2017,6.4762101682,A,lack_of_support,Social,lived,-1,core,True,pct,-6.4762101682,2017-19,2018.0,3.0
EST,Estonia,Lack of social support,PT_POP_Y_GE15,2020,5.3690730863,A,lack_of_support,Social,lived,-1,core,True,pct,-5.3690730863,2020-22,2021.0,4.0
EST,Estonia,Lack of social support,PT_POP_Y_GE15,2023,6.3223347318,A,lack_of_support,Social,lived,-1,core,True,pct,-6.3223347318,2023-25,2024.0,5.0
FIN,Finland,Lack of social support,PT_POP_Y_GE15,2010,5.6321560039,A,lack_of_support,Social,lived,-1,core,True,pct,-5.6321560039,2008-10,2009.0,0.0
FIN,Finland,Lack of social support,PT_POP_Y_GE15,2011,6.3957954584,A,lack_of_support,Social,lived,-1,core,True,pct,-6.3957954584,2011-13,2012.0,1.0
FIN,Finland,Lack of social support,PT_POP_Y_GE15,2014,4.8491129878,A,lack_of_support,Social,lived,-1,core,True,pct,-4.8491129878,2014-16,2015.0,2.0
FIN,Finland,Lack of social support,PT_POP_Y_GE15,2017,4.5367156699,A,lack_of_support,Social,lived,-1,core,True,pct,-4.5367156699,2017-19,2018.0,3.0
FIN,Finland,Lack of social support,PT_POP_Y_GE15,2020,3.1183577791,A,lack_of_support,Social,lived,-1,core,True,pct,-3.1183577791,2020-22,2021.0,4.0
FIN,Finland,Lack of social support,PT_POP_Y_GE15,2023,5.0783016624,A,lack_of_support,Social,lived,-1,core,True,pct,-5.0783016624,2023-25,2024.0,5.0
FRA,France,Lack of social support,PT_POP_Y_GE15,2010,6.7464306534,A,lack_of_support,Social,lived,-1,core,True,pct,-6.7464306534,2008-10,2009.0,0.0
FRA,France,Lack of social support,PT_POP_Y_GE15,2011,7.7798539583,A,lack_of_support,Social,lived,-1,core,True,pct,-7.7798539583,2011-13,2012.0,1.0
FRA,France,Lack of social support,PT_POP_Y_GE15,2014,11.3651654837,A,lack_of_support,Social,lived,-1,core,True,pct,-11.3651654837,2014-16,2015.0,2.0
FRA,France,Lack of social support,PT_POP_Y_GE15,2017,6.2519466768,A,lack_of_support,Social,lived,-1,core,True,pct,-6.2519466768,2017-19,2018.0,3.0
FRA,France,Lack of social support,PT_POP_Y_GE15,2020,9.075283963,A,lack_of_support,Social,lived,-1,core,True,pct,-9.075283963,2020-22,2021.0,4.0
FRA,France,Lack of social support,PT_POP_Y_GE15,2023,12.243174578,A,lack_of_support,Social,lived,-1,core,True,pct,-12.243174578,2023-25,2024.0,5.0
GBR,United Kingdom,Lack of social support,PT_POP_Y_GE15,2010,4.210233062,A,lack_of_support,Social,lived,-1,core,True,pct,-4.210233062,2008-10,2009.0,0.0
GBR,United Kingdom,Lack of social support,PT_POP_Y_GE15,2011,5.9840116065,A,lack_of_support,Social,lived,-1,core,True,pct,-5.9840116065,2011-13,2012.0,1.0
GBR,United Kingdom,Lack of social support,PT_POP_Y_GE15,2014,6.6487059872,A,lack_of_support,Social,lived,-1,core,True,pct,-6.6487059872,2014-16,2015.0,2.0
GBR,United Kingdom,Lack of social support,PT_POP_Y_GE15,2017,6.3492404099,A,lack_of_support,Social,lived,-1,core,True,pct,-6.3492404099,2017-19,2018.0,3.0
GBR,United Kingdom,Lack of social support,PT_POP_Y_GE15,2020,11.759789052,A,lack_of_support,Social,lived,-1,core,True,pct,-11.759789052,2020-22,2021.0,4.0
GBR,United Kingdom,Lack of social support,PT_POP_Y_GE15,2023,11.4494941203,A,lack_of_support,Social,lived,-1,core,True,pct,-11.4494941203,2023-25,2024.0,5.0
GRC,Greece,Lack of social support,PT_POP_Y_GE15,2010,16.8154628466,A,lack_of_support,Social,lived,-1,core,True,pct,-16.8154628466,2008-10,2009.0,0.0
GRC,Greece,Lack of social support,PT_POP_Y_GE15,2011,21.5420579647,A,lack_of_support,Social,lived,-1,core,True,pct,-21.5420579647,2011-13,2012.0,1.0
GRC,Greece,Lack of social support,PT_POP_Y_GE15,2014,17.6605854264,A,lack_of_support,Social,lived,-1,core,True,pct,-17.6605854264,2014-16,2015.0,2.0
GRC,Greece,Lack of social support,PT_POP_Y_GE15,2017,18.7092226142,A,lack_of_support,Social,lived,-1,core,True,pct,-18.7092226142,2017-19,2018.0,3.0
GRC,Greece,Lack of social support,PT_POP_Y_GE15,2020,16.5067234444,A,lack_of_support,Social,lived,-1,core,True,pct,-16.5067234444,2020-22,2021.0,4.0
GRC,Greece,Lack of social support,PT_POP_Y_GE15,2023,18.5545040196,A,lack_of_support,Social,lived,-1,core,True,pct,-18.5545040196,2023-25,2024.0,5.0
HRV,Croatia,Lack of social support,PT_POP_Y_GE15,2010,16.6373888482,A,lack_of_support,Social,lived,-1,core,True,pct,-16.6373888482,2008-10,2009.0,0.0
HRV,Croatia,Lack of social support,PT_POP_Y_GE15,2011,21.6132254048,A,lack_of_support,Social,lived,-1,core,True,pct,-21.6132254048,2011-13,2012.0,1.0
HRV,Croatia,Lack of social support,PT_POP_Y_GE15,2014,25.0971691636,A,lack_of_support,Social,lived,-1,core,True,pct,-25.0971691636,2014-16,2015.0,2.0
HRV,Croatia,Lack of social support,PT_POP_Y_GE15,2017,12.4390786873,A,lack_of_support,Social,lived,-1,core,True,pct,-12.4390786873,2017-19,2018.0,3.0
HRV,Croatia,Lack of social support,PT_POP_Y_GE15,2020,8.1417448341,A,lack_of_support,Social,lived,-1,core,True,pct,-8.1417448341,2020-22,2021.0,4.0
HRV,Croatia,Lack of social support,PT_POP_Y_GE15,2023,7.795082393,A,lack_of_support,Social,lived,-1,core,True,pct,-7.795082393,2023-25,2024.0,5.0
HUN,Hungary,Lack of social support,PT_POP_Y_GE15,2010,10.0948484975,A,lack_of_support,Social,lived,-1,core,True,pct,-10.0948484975,2008-10,2009.0,0.0
HUN,Hungary,Lack of social support,PT_POP_Y_GE15,2011,10.7027446616,A,lack_of_support,Social,lived,-1,core,True,pct,-10.7027446616,2011-13,2012.0,1.0
HUN,Hungary,Lack of social support,PT_POP_Y_GE15,2014,12.8044266966,A,lack_of_support,Social,lived,-1,core,True,pct,-12.8044266966,2014-16,2015.0,2.0
HUN,Hungary,Lack of social support,PT_POP_Y_GE15,2017,7.8077539776,A,lack_of_support,Social,lived,-1,core,True,pct,-7.8077539776,2017-19,2018.0,3.0
HUN,Hungary,Lack of social support,PT_POP_Y_GE15,2020,5.699142502,A,lack_of_support,Social,lived,-1,core,True,pct,-5.699142502,2020-22,2021.0,4.0
HUN,Hungary,Lack of social support,PT_POP_Y_GE15,2023,5.5698582783,A,lack_of_support,Social,lived,-1,core,True,pct,-5.5698582783,2023-25,2024.0,5.0
IDN,Indonesia,Lack of social support,PT_POP_Y_GE15,2010,24.202096986,A,lack_of_support,Social,lived,-1,core,True,pct,-24.202096986,2008-10,2009.0,0.0
IDN,Indonesia,Lack of social support,PT_POP_Y_GE15,2011,18.1537177196,A,lack_of_support,Social,lived,-1,core,True,pct,-18.1537177196,2011-13,2012.0,1.0
IDN,Indonesia,Lack of social support,PT_POP_Y_GE15,2014,16.3607383057,A,lack_of_support,Social,lived,-1,core,True,pct,-16.3607383057,2014-16,2015.0,2.0
IDN,Indonesia,Lack of social support,PT_POP_Y_GE15,2017,19.6798385215,A,lack_of_support,Social,lived,-1,core,True,pct,-19.6798385215,2017-19,2018.0,3.0
IDN,Indonesia,Lack of social support,PT_POP_Y_GE15,2020,19.9004742786,A,lack_of_support,Social,lived,-1,core,True,pct,-19.9004742786,2020-22,2021.0,4.0
IDN,Indonesia,Lack of social support,PT_POP_Y_GE15,2023,19.7156349798,A,lack_of_support,Social,lived,-1,core,True,pct,-19.7156349798,2023-25,2024.0,5.0
IRL,Ireland,Lack of social support,PT_POP_Y_GE15,2010,2.8622731754,A,lack_of_support,Social,lived,-1,core,True,pct,-2.8622731754,2008-10,2009.0,0.0
IRL,Ireland,Lack of social support,PT_POP_Y_GE15,2011,3.516043699,A,lack_of_support,Social,lived,-1,core,True,pct,-3.516043699,2011-13,2012.0,1.0
IRL,Ireland,Lack of social support,PT_POP_Y_GE15,2014,4.0313767745,A,lack_of_support,Social,lived,-1,core,True,pct,-4.0313767745,2014-16,2015.0,2.0
IRL,Ireland,Lack of social support,PT_POP_Y_GE15,2017,5.8204003787,A,lack_of_support,Social,lived,-1,core,True,pct,-5.8204003787,2017-19,2018.0,3.0
IRL,Ireland,Lack of social support,PT_POP_Y_GE15,2020,9.453012117,A,lack_of_support,Social,lived,-1,core,True,pct,-9.453012117,2020-22,2021.0,4.0
IRL,Ireland,Lack of social support,PT_POP_Y_GE15,2023,7.9799837975,A,lack_of_support,Social,lived,-1,core,True,pct,-7.9799837975,2023-25,2024.0,5.0
ISL,Iceland,Lack of social support,PT_POP_Y_GE15,2010,2.2543236742,A,lack_of_support,Social,lived,-1,core,True,pct,-2.2543236742,2008-10,2009.0,0.0
ISL,Iceland,Lack of social support,PT_POP_Y_GE15,2011,2.6741812303,A,lack_of_support,Social,lived,-1,core,True,pct,-2.6741812303,2011-13,2012.0,1.0
ISL,Iceland,Lack of social support,PT_POP_Y_GE15,2014,1.7388378935,A,lack_of_support,Social,lived,-1,core,True,pct,-1.7388378935,2014-16,2015.0,2.0
ISL,Iceland,Lack of social support,PT_POP_Y_GE15,2017,2.5636133078,A,lack_of_support,Social,lived,-1,core,True,pct,-2.5636133078,2017-19,2018.0,3.0
ISL,Iceland,Lack of social support,PT_POP_Y_GE15,2020,1.7292196171,A,lack_of_support,Social,lived,-1,core,True,pct,-1.7292196171,2020-22,2021.0,4.0
ISL,Iceland,Lack of social support,PT_POP_Y_GE15,2023,2.1713947867,A,lack_of_support,Social,lived,-1,core,True,pct,-2.1713947867,2023-25,2024.0,5.0
ISR,Israel,Lack of social support,PT_POP_Y_GE15,2010,10.5933621945,A,lack_of_support,Social,lived,-1,core,True,pct,-10.5933621945,2008-10,2009.0,0.0
ISR,Israel,Lack of social support,PT_POP_Y_GE15,2011,9.7757831397,A,lack_of_support,Social,lived,-1,core,True,pct,-9.7757831397,2011-13,2012.0,1.0
ISR,Israel,Lack of social support,PT_POP_Y_GE15,2014,11.705374721,A,lack_of_support,Social,lived,-1,core,True,pct,-11.705374721,2014-16,2015.0,2.0
ISR,Israel,Lack of social support,PT_POP_Y_GE15,2017,7.4903628087,A,lack_of_support,Social,lived,-1,core,True,pct,-7.4903628087,2017-19,2018.0,3.0
ISR,Israel,Lack of social support,PT_POP_Y_GE15,2020,5.6285775237,A,lack_of_support,Social,lived,-1,core,True,pct,-5.6285775237,2020-22,2021.0,4.0
ISR,Israel,Lack of social support,PT_POP_Y_GE15,2023,6.127827618,A,lack_of_support,Social,lived,-1,core,True,pct,-6.127827618,2023-25,2024.0,5.0
ITA,Italy,Lack of social support,PT_POP_Y_GE15,2010,12.0631425439,A,lack_of_support,Social,lived,-1,core,True,pct,-12.0631425439,2008-10,2009.0,0.0
ITA,Italy,Lack of social support,PT_POP_Y_GE15,2011,9.9438190383,A,lack_of_support,Social,lived,-1,core,True,pct,-9.9438190383,2011-13,2012.0,1.0
ITA,Italy,Lack of social support,PT_POP_Y_GE15,2014,8.8352788984,A,lack_of_support,Social,lived,-1,core,True,pct,-8.8352788984,2014-16,2015.0,2.0
ITA,Italy,Lack of social support,PT_POP_Y_GE15,2017,10.9019811085,A,lack_of_support,Social,lived,-1,core,True,pct,-10.9019811085,2017-19,2018.0,3.0
ITA,Italy,Lack of social support,PT_POP_Y_GE15,2020,11.8369417678,A,lack_of_support,Social,lived,-1,core,True,pct,-11.8369417678,2020-22,2021.0,4.0
ITA,Italy,Lack of social support,PT_POP_Y_GE15,2023,13.2533644059,A,lack_of_support,Social,lived,-1,core,True,pct,-13.2533644059,2023-25,2024.0,5.0
JPN,Japan,Lack of social support,PT_POP_Y_GE15,2010,10.6922217434,A,lack_of_support,Social,lived,-1,core,True,pct,-10.6922217434,2008-10,2009.0,0.0
JPN,Japan,Lack of social support,PT_POP_Y_GE15,2011,8.4135261207,A,lack_of_support,Social,lived,-1,core,True,pct,-8.4135261207,2011-13,2012.0,1.0
JPN,Japan,Lack of social support,PT_POP_Y_GE15,2014,9.1413403415,A,lack_of_support,Social,lived,-1,core,True,pct,-9.1413403415,2014-16,2015.0,2.0
JPN,Japan,Lack of social support,PT_POP_Y_GE15,2017,11.7283716149,A,lack_of_support,Social,lived,-1,core,True,pct,-11.7283716149,2017-19,2018.0,3.0
JPN,Japan,Lack of social support,PT_POP_Y_GE15,2020,10.5724635299,A,lack_of_support,Social,lived,-1,core,True,pct,-10.5724635299,2020-22,2021.0,4.0
JPN,Japan,Lack of social support,PT_POP_Y_GE15,2023,13.0213191187,A,lack_of_support,Social,lived,-1,core,True,pct,-13.0213191187,2023-25,2024.0,5.0
KOR,Korea,Lack of social support,PT_POP_Y_GE15,2010,20.2646904773,A,lack_of_support,Social,lived,-1,core,True,pct,-20.2646904773,2008-10,2009.0,0.0
KOR,Korea,Lack of social support,PT_POP_Y_GE15,2011,20.3240223661,A,lack_of_support,Social,lived,-1,core,True,pct,-20.3240223661,2011-13,2012.0,1.0
KOR,Korea,Lack of social support,PT_POP_Y_GE15,2014,22.3722049886,A,lack_of_support,Social,lived,-1,core,True,pct,-22.3722049886,2014-16,2015.0,2.0
KOR,Korea,Lack of social support,PT_POP_Y_GE15,2017,20.2067444015,A,lack_of_support,Social,lived,-1,core,True,pct,-20.2067444015,2017-19,2018.0,3.0
KOR,Korea,Lack of social support,PT_POP_Y_GE15,2020,18.8806292003,A,lack_of_support,Social,lived,-1,core,True,pct,-18.8806292003,2020-22,2021.0,4.0
KOR,Korea,Lack of social support,PT_POP_Y_GE15,2023,19.9220278214,A,lack_of_support,Social,lived,-1,core,True,pct,-19.9220278214,2023-25,2024.0,5.0
LTU,Lithuania,Lack of social support,PT_POP_Y_GE15,2010,8.1223930491,A,lack_of_support,Social,lived,-1,core,True,pct,-8.1223930491,2008-10,2009.0,0.0
LTU,Lithuania,Lack of social support,PT_POP_Y_GE15,2011,7.8778177977,A,lack_of_support,Social,lived,-1,core,True,pct,-7.8778177977,2011-13,2012.0,1.0
LTU,Lithuania,Lack of social support,PT_POP_Y_GE15,2014,6.9025669499,A,lack_of_support,Social,lived,-1,core,True,pct,-6.9025669499,2014-16,2015.0,2.0
LTU,Lithuania,Lack of social support,PT_POP_Y_GE15,2017,7.177429774,A,lack_of_support,Social,lived,-1,core,True,pct,-7.177429774,2017-19,2018.0,3.0
LTU,Lithuania,Lack of social support,PT_POP_Y_GE15,2020,5.5337148491,A,lack_of_support,Social,lived,-1,core,True,pct,-5.5337148491,2020-22,2021.0,4.0
LTU,Lithuania,Lack of social support,PT_POP_Y_GE15,2023,7.9928965648,A,lack_of_support,Social,lived,-1,core,True,pct,-7.9928965648,2023-25,2024.0,5.0
LUX,Luxembourg,Lack of social support,PT_POP_Y_GE15,2010,5.4378638414,A,lack_of_support,Social,lived,-1,core,True,pct,-5.4378638414,2008-10,2009.0,0.0
LUX,Luxembourg,Lack of social support,PT_POP_Y_GE15,2011,7.7084104299,A,lack_of_support,Social,lived,-1,core,True,pct,-7.7084104299,2011-13,2012.0,1.0
LUX,Luxembourg,Lack of social support,PT_POP_Y_GE15,2014,8.3157018397,A,lack_of_support,Social,lived,-1,core,True,pct,-8.3157018397,2014-16,2015.0,2.0
LUX,Luxembourg,Lack of social support,PT_POP_Y_GE15,2017,9.2823653208,A,lack_of_support,Social,lived,-1,core,True,pct,-9.2823653208,2017-19,2018.0,3.0
LUX,Luxembourg,Lack of social support,PT_POP_Y_GE15,2020,12.1743412061,A,lack_of_support,Social,lived,-1,core,True,pct,-12.1743412061,2020-22,2021.0,4.0
LUX,Luxembourg,Lack of social support,PT_POP_Y_GE15,2023,11.2224146374,A,lack_of_support,Social,lived,-1,core,True,pct,-11.2224146374,2023-25,2024.0,5.0
LVA,Latvia,Lack of social support,PT_POP_Y_GE15,2010,16.2631649579,A,lack_of_support,Social,lived,-1,core,True,pct,-16.2631649579,2008-10,2009.0,0.0
LVA,Latvia,Lack of social support,PT_POP_Y_GE15,2011,15.4302951458,A,lack_of_support,Social,lived,-1,core,True,pct,-15.4302951458,2011-13,2012.0,1.0
LVA,Latvia,Lack of social support,PT_POP_Y_GE15,2014,10.3242463018,A,lack_of_support,Social,lived,-1,core,True,pct,-10.3242463018,2014-16,2015.0,2.0
LVA,Latvia,Lack of social support,PT_POP_Y_GE15,2017,8.2120636057,A,lack_of_support,Social,lived,-1,core,True,pct,-8.2120636057,2017-19,2018.0,3.0
LVA,Latvia,Lack of social support,PT_POP_Y_GE15,2020,6.2746366315,A,lack_of_support,Social,lived,-1,core,True,pct,-6.2746366315,2020-22,2021.0,4.0
LVA,Latvia,Lack of social support,PT_POP_Y_GE15,2023,6.0323277679,A,lack_of_support,Social,lived,-1,core,True,pct,-6.0323277679,2023-25,2024.0,5.0
MEX,Mexico,Lack of social support,PT_POP_Y_GE15,2010,12.5527331429,A,lack_of_support,Social,lived,-1,core,True,pct,-12.5527331429,2008-10,2009.0,0.0
MEX,Mexico,Lack of social support,PT_POP_Y_GE15,2011,21.0918682281,A,lack_of_support,Social,lived,-1,core,True,pct,-21.0918682281,2011-13,2012.0,1.0
MEX,Mexico,Lack of social support,PT_POP_Y_GE15,2014,18.5303457743,A,lack_of_support,Social,lived,-1,core,True,pct,-18.5303457743,2014-16,2015.0,2.0
MEX,Mexico,Lack of social support,PT_POP_Y_GE15,2017,16.2916064159,A,lack_of_support,Social,lived,-1,core,True,pct,-16.2916064159,2017-19,2018.0,3.0
MEX,Mexico,Lack of social support,PT_POP_Y_GE15,2020,19.2850339848,A,lack_of_support,Social,lived,-1,core,True,pct,-19.2850339848,2020-22,2021.0,4.0
MEX,Mexico,Lack of social support,PT_POP_Y_GE15,2023,14.6943183735,A,lack_of_support,Social,lived,-1,core,True,pct,-14.6943183735,2023-25,2024.0,5.0
NLD,Netherlands,Lack of social support,PT_POP_Y_GE15,2010,4.9261625196,A,lack_of_support,Social,lived,-1,core,True,pct,-4.9261625196,2008-10,2009.0,0.0
NLD,Netherlands,Lack of social support,PT_POP_Y_GE15,2011,6.5693869335,A,lack_of_support,Social,lived,-1,core,True,pct,-6.5693869335,2011-13,2012.0,1.0
NLD,Netherlands,Lack of social support,PT_POP_Y_GE15,2014,9.499650235,A,lack_of_support,Social,lived,-1,core,True,pct,-9.499650235,2014-16,2015.0,2.0
NLD,Netherlands,Lack of social support,PT_POP_Y_GE15,2017,6.0719664995,A,lack_of_support,Social,lived,-1,core,True,pct,-6.0719664995,2017-19,2018.0,3.0
NLD,Netherlands,Lack of social support,PT_POP_Y_GE15,2020,6.9327644361,A,lack_of_support,Social,lived,-1,core,True,pct,-6.9327644361,2020-22,2021.0,4.0
NLD,Netherlands,Lack of social support,PT_POP_Y_GE15,2023,8.5698918989,A,lack_of_support,Social,lived,-1,core,True,pct,-8.5698918989,2023-25,2024.0,5.0
NOR,Norway,Lack of social support,PT_POP_Y_GE15,2010,6.3786163087,A,lack_of_support,Social,lived,-1,core,True,pct,-6.3786163087,2008-10,2009.0,0.0
NOR,Norway,Lack of social support,PT_POP_Y_GE15,2011,5.1260389048,A,lack_of_support,Social,lived,-1,core,True,pct,-5.1260389048,2011-13,2012.0,1.0
NOR,Norway,Lack of social support,PT_POP_Y_GE15,2014,5.0317786312,A,lack_of_support,Social,lived,-1,core,True,pct,-5.0317786312,2014-16,2015.0,2.0
NOR,Norway,Lack of social support,PT_POP_Y_GE15,2017,4.7145147812,A,lack_of_support,Social,lived,-1,core,True,pct,-4.7145147812,2017-19,2018.0,3.0
NOR,Norway,Lack of social support,PT_POP_Y_GE15,2020,5.6419620235,A,lack_of_support,Social,lived,-1,core,True,pct,-5.6419620235,2020-22,2021.0,4.0
NOR,Norway,Lack of social support,PT_POP_Y_GE15,2023,5.5156495618,A,lack_of_support,Social,lived,-1,core,True,pct,-5.5156495618,2023-25,2024.0,5.0
NZL,New Zealand,Lack of social support,PT_POP_Y_GE15,2010,3.9902632356,A,lack_of_support,Social,lived,-1,core,True,pct,-3.9902632356,2008-10,2009.0,0.0
NZL,New Zealand,Lack of social support,PT_POP_Y_GE15,2011,5.2551860647,A,lack_of_support,Social,lived,-1,core,True,pct,-5.2551860647,2011-13,2012.0,1.0
NZL,New Zealand,Lack of social support,PT_POP_Y_GE15,2014,4.4492498698,A,lack_of_support,Social,lived,-1,core,True,pct,-4.4492498698,2014-16,2015.0,2.0
NZL,New Zealand,Lack of social support,PT_POP_Y_GE15,2017,5.0587266162,A,lack_of_support,Social,lived,-1,core,True,pct,-5.0587266162,2017-19,2018.0,3.0
NZL,New Zealand,Lack of social support,PT_POP_Y_GE15,2020,4.7524707283,A,lack_of_support,Social,lived,-1,core,True,pct,-4.7524707283,2020-22,2021.0,4.0
NZL,New Zealand,Lack of social support,PT_POP_Y_GE15,2023,7.1792096082,A,lack_of_support,Social,lived,-1,core,True,pct,-7.1792096082,2023-25,2024.0,5.0
PER,Peru,Lack of social support,PT_POP_Y_GE15,2010,20.170821667,A,lack_of_support,Social,lived,-1,core,True,pct,-20.170821667,2008-10,2009.0,0.0
PER,Peru,Lack of social support,PT_POP_Y_GE15,2011,22.5040795608,A,lack_of_support,Social,lived,-1,core,True,pct,-22.5040795608,2011-13,2012.0,1.0
PER,Peru,Lack of social support,PT_POP_Y_GE15,2014,19.1860659694,A,lack_of_support,Social,lived,-1,core,True,pct,-19.1860659694,2014-16,2015.0,2.0
PER,Peru,Lack of social support,PT_POP_Y_GE15,2017,17.1252070497,A,lack_of_support,Social,lived,-1,core,True,pct,-17.1252070497,2017-19,2018.0,3.0
PER,Peru,Lack of social support,PT_POP_Y_GE15,2020,20.0968415475,A,lack_of_support,Social,lived,-1,core,True,pct,-20.0968415475,2020-22,2021.0,4.0
PER,Peru,Lack of social support,PT_POP_Y_GE15,2023,19.2602012449,A,lack_of_support,Social,lived,-1,core,True,pct,-19.2602012449,2023-25,2024.0,5.0
POL,Poland,Lack of social support,PT_POP_Y_GE15,2010,5.6039885391,A,lack_of_support,Social,lived,-1,core,True,pct,-5.6039885391,2008-10,2009.0,0.0
POL,Poland,Lack of social support,PT_POP_Y_GE15,2011,8.0429512215,A,lack_of_support,Social,lived,-1,core,True,pct,-8.0429512215,2011-13,2012.0,1.0
POL,Poland,Lack of social support,PT_POP_Y_GE15,2014,8.6159532936,A,lack_of_support,Social,lived,-1,core,True,pct,-8.6159532936,2014-16,2015.0,2.0
POL,Poland,Lack of social support,PT_POP_Y_GE15,2017,12.0499765509,A,lack_of_support,Social,lived,-1,core,True,pct,-12.0499765509,2017-19,2018.0,3.0
POL,Poland,Lack of social support,PT_POP_Y_GE15,2020,7.3068561015,A,lack_of_support,Social,lived,-1,core,True,pct,-7.3068561015,2020-22,2021.0,4.0
POL,Poland,Lack of social support,PT_POP_Y_GE15,2023,10.4682798314,A,lack_of_support,Social,lived,-1,core,True,pct,-10.4682798314,2023-25,2024.0,5.0
PRT,Portugal,Lack of social support,PT_POP_Y_GE15,2010,12.6274224301,A,lack_of_support,Social,lived,-1,core,True,pct,-12.6274224301,2008-10,2009.0,0.0
PRT,Portugal,Lack of social support,PT_POP_Y_GE15,2011,13.4166839158,A,lack_of_support,Social,lived,-1,core,True,pct,-13.4166839158,2011-13,2012.0,1.0
PRT,Portugal,Lack of social support,PT_POP_Y_GE15,2014,12.079980822,A,lack_of_support,Social,lived,-1,core,True,pct,-12.079980822,2014-16,2015.0,2.0
PRT,Portugal,Lack of social support,PT_POP_Y_GE15,2017,11.1745997119,A,lack_of_support,Social,lived,-1,core,True,pct,-11.1745997119,2017-19,2018.0,3.0
PRT,Portugal,Lack of social support,PT_POP_Y_GE15,2020,12.1793596109,A,lack_of_support,Social,lived,-1,core,True,pct,-12.1793596109,2020-22,2021.0,4.0
PRT,Portugal,Lack of social support,PT_POP_Y_GE15,2023,11.3894581558,A,lack_of_support,Social,lived,-1,core,True,pct,-11.3894581558,2023-25,2024.0,5.0
ROU,Romania,Lack of social support,PT_POP_Y_GE15,2010,24.0773201706,A,lack_of_support,Social,lived,-1,core,True,pct,-24.0773201706,2008-10,2009.0,0.0
ROU,Romania,Lack of social support,PT_POP_Y_GE15,2011,23.6021763749,A,lack_of_support,Social,lived,-1,core,True,pct,-23.6021763749,2011-13,2012.0,1.0
ROU,Romania,Lack of social support,PT_POP_Y_GE15,2014,21.3905726734,A,lack_of_support,Social,lived,-1,core,True,pct,-21.3905726734,2014-16,2015.0,2.0
ROU,Romania,Lack of social support,PT_POP_Y_GE15,2017,17.4422735597,A,lack_of_support,Social,lived,-1,core,True,pct,-17.4422735597,2017-19,2018.0,3.0
ROU,Romania,Lack of social support,PT_POP_Y_GE15,2020,15.3559837941,A,lack_of_support,Social,lived,-1,core,True,pct,-15.3559837941,2020-22,2021.0,4.0
ROU,Romania,Lack of social support,PT_POP_Y_GE15,2023,19.3335788155,A,lack_of_support,Social,lived,-1,core,True,pct,-19.3335788155,2023-25,2024.0,5.0
SVK,Slovak Republic,Lack of social support,PT_POP_Y_GE15,2010,7.8292973607,A,lack_of_support,Social,lived,-1,core,True,pct,-7.8292973607,2008-10,2009.0,0.0
SVK,Slovak Republic,Lack of social support,PT_POP_Y_GE15,2011,8.0020118854,A,lack_of_support,Social,lived,-1,core,True,pct,-8.0020118854,2011-13,2012.0,1.0
SVK,Slovak Republic,Lack of social support,PT_POP_Y_GE15,2014,6.086175566,A,lack_of_support,Social,lived,-1,core,True,pct,-6.086175566,2014-16,2015.0,2.0
SVK,Slovak Republic,Lack of social support,PT_POP_Y_GE15,2017,7.4995230488,A,lack_of_support,Social,lived,-1,core,True,pct,-7.4995230488,2017-19,2018.0,3.0
SVK,Slovak Republic,Lack of social support,PT_POP_Y_GE15,2020,4.4141947337,A,lack_of_support,Social,lived,-1,core,True,pct,-4.4141947337,2020-22,2021.0,4.0
SVK,Slovak Republic,Lack of social support,PT_POP_Y_GE15,2023,5.2527272023,A,lack_of_support,Social,lived,-1,core,True,pct,-5.2527272023,2023-25,2024.0,5.0
SVN,Slovenia,Lack of social support,PT_POP_Y_GE15,2010,8.1128159158,A,lack_of_support,Social,lived,-1,core,True,pct,-8.1128159158,2008-10,2009.0,0.0
SVN,Slovenia,Lack of social support,PT_POP_Y_GE15,2011,7.0082731277,A,lack_of_support,Social,lived,-1,core,True,pct,-7.0082731277,2011-13,2012.0,1.0
SVN,Slovenia,Lack of social support,PT_POP_Y_GE15,2014,8.4388698583,A,lack_of_support,Social,lived,-1,core,True,pct,-8.4388698583,2014-16,2015.0,2.0
SVN,Slovenia,Lack of social support,PT_POP_Y_GE15,2017,6.0288488493,A,lack_of_support,Social,lived,-1,core,True,pct,-6.0288488493,2017-19,2018.0,3.0
SVN,Slovenia,Lack of social support,PT_POP_Y_GE15,2020,4.9709540279,A,lack_of_support,Social,lived,-1,core,True,pct,-4.9709540279,2020-22,2021.0,4.0
SVN,Slovenia,Lack of social support,PT_POP_Y_GE15,2023,6.6381705614,A,lack_of_support,Social,lived,-1,core,True,pct,-6.6381705614,2023-25,2024.0,5.0
SWE,Sweden,Lack of social support,PT_POP_Y_GE15,2010,6.7080615966,A,lack_of_support,Social,lived,-1,core,True,pct,-6.7080615966,2008-10,2009.0,0.0
SWE,Sweden,Lack of social support,PT_POP_Y_GE15,2011,7.7245961843,A,lack_of_support,Social,lived,-1,core,True,pct,-7.7245961843,2011-13,2012.0,1.0
SWE,Sweden,Lack of social support,PT_POP_Y_GE15,2014,7.4768053415,A,lack_of_support,Social,lived,-1,core,True,pct,-7.4768053415,2014-16,2015.0,2.0
SWE,Sweden,Lack of social support,PT_POP_Y_GE15,2017,7.3608545402,A,lack_of_support,Social,lived,-1,core,True,pct,-7.3608545402,2017-19,2018.0,3.0
SWE,Sweden,Lack of social support,PT_POP_Y_GE15,2020,6.1045604984,A,lack_of_support,Social,lived,-1,core,True,pct,-6.1045604984,2020-22,2021.0,4.0
SWE,Sweden,Lack of social support,PT_POP_Y_GE15,2023,7.4899513713,A,lack_of_support,Social,lived,-1,core,True,pct,-7.4899513713,2023-25,2024.0,5.0
THA,Thailand,Lack of social support,PT_POP_Y_GE15,2010,12.4825417383,A,lack_of_support,Social,lived,-1,core,True,pct,-12.4825417383,2008-10,2009.0,0.0
THA,Thailand,Lack of social support,PT_POP_Y_GE15,2011,9.4035910832,A,lack_of_support,Social,lived,-1,core,True,pct,-9.4035910832,2011-13,2012.0,1.0
THA,Thailand,Lack of social support,PT_POP_Y_GE15,2014,9.7259932925,A,lack_of_support,Social,lived,-1,core,True,pct,-9.7259932925,2014-16,2015.0,2.0
THA,Thailand,Lack of social support,PT_POP_Y_GE15,2017,11.4984297804,A,lack_of_support,Social,lived,-1,core,True,pct,-11.4984297804,2017-19,2018.0,3.0
THA,Thailand,Lack of social support,PT_POP_Y_GE15,2020,12.754903399,A,lack_of_support,Social,lived,-1,core,True,pct,-12.754903399,2020-22,2021.0,4.0
THA,Thailand,Lack of social support,PT_POP_Y_GE15,2023,12.8730788845,A,lack_of_support,Social,lived,-1,core,True,pct,-12.8730788845,2023-25,2024.0,5.0
TUR,Türkiye,Lack of social support,PT_POP_Y_GE15,2010,26.6795046722,A,lack_of_support,Social,lived,-1,core,True,pct,-26.6795046722,2008-10,2009.0,0.0
TUR,Türkiye,Lack of social support,PT_POP_Y_GE15,2011,25.5086565898,A,lack_of_support,Social,lived,-1,core,True,pct,-25.5086565898,2011-13,2012.0,1.0
TUR,Türkiye,Lack of social support,PT_POP_Y_GE15,2014,13.3799352201,A,lack_of_support,Social,lived,-1,core,True,pct,-13.3799352201,2014-16,2015.0,2.0
TUR,Türkiye,Lack of social support,PT_POP_Y_GE15,2017,16.0041174375,A,lack_of_support,Social,lived,-1,core,True,pct,-16.0041174375,2017-19,2018.0,3.0
TUR,Türkiye,Lack of social support,PT_POP_Y_GE15,2020,19.1636708004,A,lack_of_support,Social,lived,-1,core,True,pct,-19.1636708004,2020-22,2021.0,4.0
TUR,Türkiye,Lack of social support,PT_POP_Y_GE15,2023,16.5240972942,A,lack_of_support,Social,lived,-1,core,True,pct,-16.5240972942,2023-25,2024.0,5.0
USA,United States,Lack of social support,PT_POP_Y_GE15,2010,6.9531087427,A,lack_of_support,Social,lived,-1,core,True,pct,-6.9531087427,2008-10,2009.0,0.0
USA,United States,Lack of social support,PT_POP_Y_GE15,2011,8.3051005285,A,lack_of_support,Social,lived,-1,core,True,pct,-8.3051005285,2011-13,2012.0,1.0
USA,United States,Lack of social support,PT_POP_Y_GE15,2014,9.9030905418,A,lack_of_support,Social,lived,-1,core,True,pct,-9.9030905418,2014-16,2015.0,2.0
USA,United States,Lack of social support,PT_POP_Y_GE15,2017,8.6081612036,A,lack_of_support,Social,lived,-1,core,True,pct,-8.6081612036,2017-19,2018.0,3.0
USA,United States,Lack of social support,PT_POP_Y_GE15,2020,8.0667755081,A,lack_of_support,Social,lived,-1,core,True,pct,-8.0667755081,2020-22,2021.0,4.0
USA,United States,Lack of social support,PT_POP_Y_GE15,2023,9.4030615316,A,lack_of_support,Social,lived,-1,core,True,pct,-9.4030615316,2023-25,2024.0,5.0
ZAF,South Africa,Lack of social support,PT_POP_Y_GE15,2010,13.1567658989,A,lack_of_support,Social,lived,-1,core,True,pct,-13.1567658989,2008-10,2009.0,0.0
ZAF,South Africa,Lack of social support,PT_POP_Y_GE15,2011,13.1990719107,A,lack_of_support,Social,lived,-1,core,True,pct,-13.1990719107,2011-13,2012.0,1.0
ZAF,South Africa,Lack of social support,PT_POP_Y_GE15,2014,11.4815084743,A,lack_of_support,Social,lived,-1,core,True,pct,-11.4815084743,2014-16,2015.0,2.0
ZAF,South Africa,Lack of social support,PT_POP_Y_GE15,2017,14.657695974,A,lack_of_support,Social,lived,-1,core,True,pct,-14.657695974,2017-19,2018.0,3.0
ZAF,South Africa,Lack of social support,PT_POP_Y_GE15,2020,9.9693168185,A,lack_of_support,Social,lived,-1,core,True,pct,-9.9693168185,2020-22,2021.0,4.0
ZAF,South Africa,Lack of social support,PT_POP_Y_GE15,2023,17.6504172346,A,lack_of_support,Social,lived,-1,core,True,pct,-17.6504172346,2023-25,2024.0,5.0
ARG,Argentina,Life expectancy at birth,Y,2010,75.7,A,life_expectancy,Health,objective,1,core,False,years,75.7,,,
ARG,Argentina,Life expectancy at birth,Y,2011,76.1,A,life_expectancy,Health,objective,1,core,False,years,76.1,,,
ARG,Argentina,Life expectancy at birth,Y,2012,75.8,A,life_expectancy,Health,objective,1,core,False,years,75.8,,,
ARG,Argentina,Life expectancy at birth,Y,2013,75.8,A,life_expectancy,Health,objective,1,core,False,years,75.8,,,
ARG,Argentina,Life expectancy at birth,Y,2014,76.3,A,life_expectancy,Health,objective,1,core,False,years,76.3,,,
ARG,Argentina,Life expectancy at birth,Y,2015,76.6,A,life_expectancy,Health,objective,1,core,False,years,76.6,,,
ARG,Argentina,Life expectancy at birth,Y,2016,76.1,A,life_expectancy,Health,objective,1,core,False,years,76.1,,,
ARG,Argentina,Life expectancy at birth,Y,2017,76.5,A,life_expectancy,Health,objective,1,core,False,years,76.5,,,
ARG,Argentina,Life expectancy at birth,Y,2018,76.8,A,life_expectancy,Health,objective,1,core,False,years,76.8,,,
ARG,Argentina,Life expectancy at birth,Y,2019,76.8,A,life_expectancy,Health,objective,1,core,False,years,76.8,,,
ARG,Argentina,Life expectancy at birth,Y,2020,75.9,A,life_expectancy,Health,objective,1,core,False,years,75.9,,,
ARG,Argentina,Life expectancy at birth,Y,2021,73.9,A,life_expectancy,Health,objective,1,core,False,years,73.9,,,
ARG,Argentina,Life expectancy at birth,Y,2022,75.8,A,life_expectancy,Health,objective,1,core,False,years,75.8,,,
ARG,Argentina,Life expectancy at birth,Y,2023,77.4,A,life_expectancy,Health,objective,1,core,False,years,77.4,,,
AUT,Austria,Life expectancy at birth,Y,2010,80.7,A,life_expectancy,Health,objective,1,core,False,years,80.7,,,
AUT,Austria,Life expectancy at birth,Y,2011,81.1,A,life_expectancy,Health,objective,1,core,False,years,81.1,,,
AUT,Austria,Life expectancy at birth,Y,2012,81.1,A,life_expectancy,Health,objective,1,core,False,years,81.1,,,
AUT,Austria,Life expectancy at birth,Y,2013,81.3,A,life_expectancy,Health,objective,1,core,False,years,81.3,,,
AUT,Austria,Life expectancy at birth,Y,2014,81.6,A,life_expectancy,Health,objective,1,core,False,years,81.6,,,
AUT,Austria,Life expectancy at birth,Y,2015,81.3,A,life_expectancy,Health,objective,1,core,False,years,81.3,,,
AUT,Austria,Life expectancy at birth,Y,2016,81.8,A,life_expectancy,Health,objective,1,core,False,years,81.8,,,
AUT,Austria,Life expectancy at birth,Y,2017,81.7,A,life_expectancy,Health,objective,1,core,False,years,81.7,,,
AUT,Austria,Life expectancy at birth,Y,2018,81.8,A,life_expectancy,Health,objective,1,core,False,years,81.8,,,
AUT,Austria,Life expectancy at birth,Y,2019,82.0,A,life_expectancy,Health,objective,1,core,False,years,82.0,,,
AUT,Austria,Life expectancy at birth,Y,2020,81.3,A,life_expectancy,Health,objective,1,core,False,years,81.3,,,
AUT,Austria,Life expectancy at birth,Y,2021,81.3,A,life_expectancy,Health,objective,1,core,False,years,81.3,,,
AUT,Austria,Life expectancy at birth,Y,2022,81.4,A,life_expectancy,Health,objective,1,core,False,years,81.4,,,
AUT,Austria,Life expectancy at birth,Y,2023,81.9,A,life_expectancy,Health,objective,1,core,False,years,81.9,,,
BEL,Belgium,Life expectancy at birth,Y,2010,80.3,A,life_expectancy,Health,objective,1,core,False,years,80.3,,,
BEL,Belgium,Life expectancy at birth,Y,2011,80.7,A,life_expectancy,Health,objective,1,core,False,years,80.7,,,
BEL,Belgium,Life expectancy at birth,Y,2012,80.5,A,life_expectancy,Health,objective,1,core,False,years,80.5,,,
BEL,Belgium,Life expectancy at birth,Y,2013,80.7,A,life_expectancy,Health,objective,1,core,False,years,80.7,,,
BEL,Belgium,Life expectancy at birth,Y,2014,81.4,A,life_expectancy,Health,objective,1,core,False,years,81.4,,,
BEL,Belgium,Life expectancy at birth,Y,2015,81.1,A,life_expectancy,Health,objective,1,core,False,years,81.1,,,
BEL,Belgium,Life expectancy at birth,Y,2016,81.5,A,life_expectancy,Health,objective,1,core,False,years,81.5,,,
BEL,Belgium,Life expectancy at birth,Y,2017,81.6,A,life_expectancy,Health,objective,1,core,False,years,81.6,,,
BEL,Belgium,Life expectancy at birth,Y,2018,81.7,A,life_expectancy,Health,objective,1,core,False,years,81.7,,,
BEL,Belgium,Life expectancy at birth,Y,2019,82.1,A,life_expectancy,Health,objective,1,core,False,years,82.1,,,
BEL,Belgium,Life expectancy at birth,Y,2020,80.8,A,life_expectancy,Health,objective,1,core,False,years,80.8,,,
BEL,Belgium,Life expectancy at birth,Y,2021,81.9,A,life_expectancy,Health,objective,1,core,False,years,81.9,,,
BEL,Belgium,Life expectancy at birth,Y,2022,81.8,A,life_expectancy,Health,objective,1,core,False,years,81.8,,,
BEL,Belgium,Life expectancy at birth,Y,2023,82.5,A,life_expectancy,Health,objective,1,core,False,years,82.5,,,
BGR,Bulgaria,Life expectancy at birth,Y,2010,73.8,A,life_expectancy,Health,objective,1,core,False,years,73.8,,,
BGR,Bulgaria,Life expectancy at birth,Y,2011,74.2,A,life_expectancy,Health,objective,1,core,False,years,74.2,,,
BGR,Bulgaria,Life expectancy at birth,Y,2012,74.4,A,life_expectancy,Health,objective,1,core,False,years,74.4,,,
BGR,Bulgaria,Life expectancy at birth,Y,2013,74.9,A,life_expectancy,Health,objective,1,core,False,years,74.9,,,
BGR,Bulgaria,Life expectancy at birth,Y,2014,74.5,A,life_expectancy,Health,objective,1,core,False,years,74.5,,,
BGR,Bulgaria,Life expectancy at birth,Y,2015,74.7,A,life_expectancy,Health,objective,1,core,False,years,74.7,,,
BGR,Bulgaria,Life expectancy at birth,Y,2016,74.9,A,life_expectancy,Health,objective,1,core,False,years,74.9,,,
BGR,Bulgaria,Life expectancy at birth,Y,2017,74.8,A,life_expectancy,Health,objective,1,core,False,years,74.8,,,
BGR,Bulgaria,Life expectancy at birth,Y,2018,75.0,A,life_expectancy,Health,objective,1,core,False,years,75.0,,,
BGR,Bulgaria,Life expectancy at birth,Y,2019,75.1,A,life_expectancy,Health,objective,1,core,False,years,75.1,,,
BGR,Bulgaria,Life expectancy at birth,Y,2020,73.3,A,life_expectancy,Health,objective,1,core,False,years,73.3,,,
BGR,Bulgaria,Life expectancy at birth,Y,2021,71.2,A,life_expectancy,Health,objective,1,core,False,years,71.2,,,
BGR,Bulgaria,Life expectancy at birth,Y,2022,74.2,A,life_expectancy,Health,objective,1,core,False,years,74.2,,,
BGR,Bulgaria,Life expectancy at birth,Y,2023,75.8,A,life_expectancy,Health,objective,1,core,False,years,75.8,,,
BRA,Brazil,Life expectancy at birth,Y,2010,73.8,A,life_expectancy,Health,objective,1,core,False,years,73.8,,,
BRA,Brazil,Life expectancy at birth,Y,2011,74.0,A,life_expectancy,Health,objective,1,core,False,years,74.0,,,
BRA,Brazil,Life expectancy at birth,Y,2012,74.3,A,life_expectancy,Health,objective,1,core,False,years,74.3,,,
BRA,Brazil,Life expectancy at birth,Y,2013,74.6,A,life_expectancy,Health,objective,1,core,False,years,74.6,,,
BRA,Brazil,Life expectancy at birth,Y,2014,74.8,A,life_expectancy,Health,objective,1,core,False,years,74.8,,,
BRA,Brazil,Life expectancy at birth,Y,2015,75.1,A,life_expectancy,Health,objective,1,core,False,years,75.1,,,
BRA,Brazil,Life expectancy at birth,Y,2016,75.1,A,life_expectancy,Health,objective,1,core,False,years,75.1,,,
BRA,Brazil,Life expectancy at birth,Y,2017,75.4,A,life_expectancy,Health,objective,1,core,False,years,75.4,,,
BRA,Brazil,Life expectancy at birth,Y,2018,75.6,A,life_expectancy,Health,objective,1,core,False,years,75.6,,,
BRA,Brazil,Life expectancy at birth,Y,2019,75.8,A,life_expectancy,Health,objective,1,core,False,years,75.8,,,
BRA,Brazil,Life expectancy at birth,Y,2020,74.5,A,life_expectancy,Health,objective,1,core,False,years,74.5,,,
BRA,Brazil,Life expectancy at birth,Y,2021,73.0,A,life_expectancy,Health,objective,1,core,False,years,73.0,,,
BRA,Brazil,Life expectancy at birth,Y,2022,74.9,A,life_expectancy,Health,objective,1,core,False,years,74.9,,,
BRA,Brazil,Life expectancy at birth,Y,2023,75.8,A,life_expectancy,Health,objective,1,core,False,years,75.8,,,
CAN,Canada,Life expectancy at birth,Y,2010,81.4,A,life_expectancy,Health,objective,1,core,False,years,81.4,,,
CAN,Canada,Life expectancy at birth,Y,2011,81.6,A,life_expectancy,Health,objective,1,core,False,years,81.6,,,
CAN,Canada,Life expectancy at birth,Y,2012,81.8,A,life_expectancy,Health,objective,1,core,False,years,81.8,,,
CAN,Canada,Life expectancy at birth,Y,2013,81.8,A,life_expectancy,Health,objective,1,core,False,years,81.8,,,
CAN,Canada,Life expectancy at birth,Y,2014,81.9,A,life_expectancy,Health,objective,1,core,False,years,81.9,,,
CAN,Canada,Life expectancy at birth,Y,2015,81.9,A,life_expectancy,Health,objective,1,core,False,years,81.9,,,
CAN,Canada,Life expectancy at birth,Y,2016,82.0,A,life_expectancy,Health,objective,1,core,False,years,82.0,,,
CAN,Canada,Life expectancy at birth,Y,2017,81.9,A,life_expectancy,Health,objective,1,core,False,years,81.9,,,
CAN,Canada,Life expectancy at birth,Y,2018,81.9,A,life_expectancy,Health,objective,1,core,False,years,81.9,,,
CAN,Canada,Life expectancy at birth,Y,2019,82.2,A,life_expectancy,Health,objective,1,core,False,years,82.2,,,
CAN,Canada,Life expectancy at birth,Y,2020,81.6,A,life_expectancy,Health,objective,1,core,False,years,81.6,,,
CAN,Canada,Life expectancy at birth,Y,2021,81.6,A,life_expectancy,Health,objective,1,core,False,years,81.6,,,
CAN,Canada,Life expectancy at birth,Y,2022,81.3,A,life_expectancy,Health,objective,1,core,False,years,81.3,,,
CAN,Canada,Life expectancy at birth,Y,2023,81.7,A,life_expectancy,Health,objective,1,core,False,years,81.7,,,
CHE,Switzerland,Life expectancy at birth,Y,2010,82.7,A,life_expectancy,Health,objective,1,core,False,years,82.7,,,
CHE,Switzerland,Life expectancy at birth,Y,2011,82.8,A,life_expectancy,Health,objective,1,core,False,years,82.8,,,
CHE,Switzerland,Life expectancy at birth,Y,2012,82.8,A,life_expectancy,Health,objective,1,core,False,years,82.8,,,
CHE,Switzerland,Life expectancy at birth,Y,2013,82.9,A,life_expectancy,Health,objective,1,core,False,years,82.9,,,
CHE,Switzerland,Life expectancy at birth,Y,2014,83.3,A,life_expectancy,Health,objective,1,core,False,years,83.3,,,
CHE,Switzerland,Life expectancy at birth,Y,2015,83.0,A,life_expectancy,Health,objective,1,core,False,years,83.0,,,
CHE,Switzerland,Life expectancy at birth,Y,2016,83.7,A,life_expectancy,Health,objective,1,core,False,years,83.7,,,
CHE,Switzerland,Life expectancy at birth,Y,2017,83.7,A,life_expectancy,Health,objective,1,core,False,years,83.7,,,
CHE,Switzerland,Life expectancy at birth,Y,2018,83.8,A,life_expectancy,Health,objective,1,core,False,years,83.8,,,
CHE,Switzerland,Life expectancy at birth,Y,2019,84.0,A,life_expectancy,Health,objective,1,core,False,years,84.0,,,
CHE,Switzerland,Life expectancy at birth,Y,2020,83.1,A,life_expectancy,Health,objective,1,core,False,years,83.1,,,
CHE,Switzerland,Life expectancy at birth,Y,2021,83.9,A,life_expectancy,Health,objective,1,core,False,years,83.9,,,
CHE,Switzerland,Life expectancy at birth,Y,2022,83.7,A,life_expectancy,Health,objective,1,core,False,years,83.7,,,
CHE,Switzerland,Life expectancy at birth,Y,2023,84.3,A,life_expectancy,Health,objective,1,core,False,years,84.3,,,
CHL,Chile,Life expectancy at birth,Y,2010,78.7,A,life_expectancy,Health,objective,1,core,False,years,78.7,,,
CHL,Chile,Life expectancy at birth,Y,2011,79.0,A,life_expectancy,Health,objective,1,core,False,years,79.0,,,
CHL,Chile,Life expectancy at birth,Y,2012,79.2,A,life_expectancy,Health,objective,1,core,False,years,79.2,,,
CHL,Chile,Life expectancy at birth,Y,2013,79.4,A,life_expectancy,Health,objective,1,core,False,years,79.4,,,
CHL,Chile,Life expectancy at birth,Y,2014,79.6,A,life_expectancy,Health,objective,1,core,False,years,79.6,,,
CHL,Chile,Life expectancy at birth,Y,2015,79.8,A,life_expectancy,Health,objective,1,core,False,years,79.8,,,
CHL,Chile,Life expectancy at birth,Y,2016,80.0,A,life_expectancy,Health,objective,1,core,False,years,80.0,,,
CHL,Chile,Life expectancy at birth,Y,2017,80.2,A,life_expectancy,Health,objective,1,core,False,years,80.2,,,
CHL,Chile,Life expectancy at birth,Y,2018,80.4,A,life_expectancy,Health,objective,1,core,False,years,80.4,,,
CHL,Chile,Life expectancy at birth,Y,2019,80.6,A,life_expectancy,Health,objective,1,core,False,years,80.6,,,
CHL,Chile,Life expectancy at birth,Y,2020,80.8,A,life_expectancy,Health,objective,1,core,False,years,80.8,,,
CHL,Chile,Life expectancy at birth,Y,2021,81.0,A,life_expectancy,Health,objective,1,core,False,years,81.0,,,
CHL,Chile,Life expectancy at birth,Y,2022,81.2,A,life_expectancy,Health,objective,1,core,False,years,81.2,,,
CHL,Chile,Life expectancy at birth,Y,2023,81.4,A,life_expectancy,Health,objective,1,core,False,years,81.4,,,
CHL,Chile,Life expectancy at birth,Y,2024,81.6,A,life_expectancy,Health,objective,1,core,False,years,81.6,,,
COL,Colombia,Life expectancy at birth,Y,2010,74.3,A,life_expectancy,Health,objective,1,core,False,years,74.3,,,
COL,Colombia,Life expectancy at birth,Y,2011,74.5,A,life_expectancy,Health,objective,1,core,False,years,74.5,,,
COL,Colombia,Life expectancy at birth,Y,2012,74.7,A,life_expectancy,Health,objective,1,core,False,years,74.7,,,
COL,Colombia,Life expectancy at birth,Y,2013,75.0,A,life_expectancy,Health,objective,1,core,False,years,75.0,,,
COL,Colombia,Life expectancy at birth,Y,2014,75.2,A,life_expectancy,Health,objective,1,core,False,years,75.2,,,
COL,Colombia,Life expectancy at birth,Y,2015,75.4,A,life_expectancy,Health,objective,1,core,False,years,75.4,,,
COL,Colombia,Life expectancy at birth,Y,2016,75.7,A,life_expectancy,Health,objective,1,core,False,years,75.7,,,
COL,Colombia,Life expectancy at birth,Y,2017,75.9,A,life_expectancy,Health,objective,1,core,False,years,75.9,,,
COL,Colombia,Life expectancy at birth,Y,2018,76.5,A,life_expectancy,Health,objective,1,core,False,years,76.5,,,
COL,Colombia,Life expectancy at birth,Y,2019,76.6,A,life_expectancy,Health,objective,1,core,False,years,76.6,,,
COL,Colombia,Life expectancy at birth,Y,2020,76.7,A,life_expectancy,Health,objective,1,core,False,years,76.7,,,
COL,Colombia,Life expectancy at birth,Y,2021,76.8,A,life_expectancy,Health,objective,1,core,False,years,76.8,,,
COL,Colombia,Life expectancy at birth,Y,2022,76.9,A,life_expectancy,Health,objective,1,core,False,years,76.9,,,
COL,Colombia,Life expectancy at birth,Y,2023,77.2,A,life_expectancy,Health,objective,1,core,False,years,77.2,,,
COL,Colombia,Life expectancy at birth,Y,2024,77.5,A,life_expectancy,Health,objective,1,core,False,years,77.5,,,
CRI,Costa Rica,Life expectancy at birth,Y,2010,79.1,A,life_expectancy,Health,objective,1,core,False,years,79.1,,,
CRI,Costa Rica,Life expectancy at birth,Y,2011,79.1,A,life_expectancy,Health,objective,1,core,False,years,79.1,,,
CRI,Costa Rica,Life expectancy at birth,Y,2012,79.4,A,life_expectancy,Health,objective,1,core,False,years,79.4,,,
CRI,Costa Rica,Life expectancy at birth,Y,2013,79.6,A,life_expectancy,Health,objective,1,core,False,years,79.6,,,
CRI,Costa Rica,Life expectancy at birth,Y,2014,79.7,A,life_expectancy,Health,objective,1,core,False,years,79.7,,,
CRI,Costa Rica,Life expectancy at birth,Y,2015,79.9,A,life_expectancy,Health,objective,1,core,False,years,79.9,,,
CRI,Costa Rica,Life expectancy at birth,Y,2016,80.0,A,life_expectancy,Health,objective,1,core,False,years,80.0,,,
CRI,Costa Rica,Life expectancy at birth,Y,2017,80.2,A,life_expectancy,Health,objective,1,core,False,years,80.2,,,
CRI,Costa Rica,Life expectancy at birth,Y,2018,80.3,A,life_expectancy,Health,objective,1,core,False,years,80.3,,,
CRI,Costa Rica,Life expectancy at birth,Y,2019,80.5,A,life_expectancy,Health,objective,1,core,False,years,80.5,,,
CRI,Costa Rica,Life expectancy at birth,Y,2020,80.6,A,life_expectancy,Health,objective,1,core,False,years,80.6,,,
CRI,Costa Rica,Life expectancy at birth,Y,2021,80.8,A,life_expectancy,Health,objective,1,core,False,years,80.8,,,
CRI,Costa Rica,Life expectancy at birth,Y,2022,80.9,A,life_expectancy,Health,objective,1,core,False,years,80.9,,,
CRI,Costa Rica,Life expectancy at birth,Y,2023,81.0,A,life_expectancy,Health,objective,1,core,False,years,81.0,,,
CZE,Czechia,Life expectancy at birth,Y,2010,77.7,A,life_expectancy,Health,objective,1,core,False,years,77.7,,,
CZE,Czechia,Life expectancy at birth,Y,2011,78.0,A,life_expectancy,Health,objective,1,core,False,years,78.0,,,
CZE,Czechia,Life expectancy at birth,Y,2012,78.1,A,life_expectancy,Health,objective,1,core,False,years,78.1,,,
CZE,Czechia,Life expectancy at birth,Y,2013,78.3,A,life_expectancy,Health,objective,1,core,False,years,78.3,,,
CZE,Czechia,Life expectancy at birth,Y,2014,78.9,A,life_expectancy,Health,objective,1,core,False,years,78.9,,,
CZE,Czechia,Life expectancy at birth,Y,2015,78.7,A,life_expectancy,Health,objective,1,core,False,years,78.7,,,
CZE,Czechia,Life expectancy at birth,Y,2016,79.1,A,life_expectancy,Health,objective,1,core,False,years,79.1,,,
CZE,Czechia,Life expectancy at birth,Y,2017,79.1,A,life_expectancy,Health,objective,1,core,False,years,79.1,,,
CZE,Czechia,Life expectancy at birth,Y,2018,79.1,A,life_expectancy,Health,objective,1,core,False,years,79.1,,,
CZE,Czechia,Life expectancy at birth,Y,2019,79.3,A,life_expectancy,Health,objective,1,core,False,years,79.3,,,
CZE,Czechia,Life expectancy at birth,Y,2020,78.3,A,life_expectancy,Health,objective,1,core,False,years,78.3,,,
CZE,Czechia,Life expectancy at birth,Y,2021,77.2,A,life_expectancy,Health,objective,1,core,False,years,77.2,,,
CZE,Czechia,Life expectancy at birth,Y,2022,79.0,A,life_expectancy,Health,objective,1,core,False,years,79.0,,,
CZE,Czechia,Life expectancy at birth,Y,2023,79.9,A,life_expectancy,Health,objective,1,core,False,years,79.9,,,
DEU,Germany,Life expectancy at birth,Y,2010,80.5,A,life_expectancy,Health,objective,1,core,False,years,80.5,,,
DEU,Germany,Life expectancy at birth,Y,2011,80.6,A,life_expectancy,Health,objective,1,core,False,years,80.6,,,
DEU,Germany,Life expectancy at birth,Y,2012,80.7,A,life_expectancy,Health,objective,1,core,False,years,80.7,,,
DEU,Germany,Life expectancy at birth,Y,2013,80.6,A,life_expectancy,Health,objective,1,core,False,years,80.6,,,
DEU,Germany,Life expectancy at birth,Y,2014,81.2,A,life_expectancy,Health,objective,1,core,False,years,81.2,,,
DEU,Germany,Life expectancy at birth,Y,2015,80.7,A,life_expectancy,Health,objective,1,core,False,years,80.7,,,
DEU,Germany,Life expectancy at birth,Y,2016,81.0,A,life_expectancy,Health,objective,1,core,False,years,81.0,,,
DEU,Germany,Life expectancy at birth,Y,2017,81.1,A,life_expectancy,Health,objective,1,core,False,years,81.1,,,
DEU,Germany,Life expectancy at birth,Y,2018,81.0,A,life_expectancy,Health,objective,1,core,False,years,81.0,,,
DEU,Germany,Life expectancy at birth,Y,2019,81.3,A,life_expectancy,Health,objective,1,core,False,years,81.3,,,
DEU,Germany,Life expectancy at birth,Y,2020,81.1,A,life_expectancy,Health,objective,1,core,False,years,81.1,,,
DEU,Germany,Life expectancy at birth,Y,2021,80.8,A,life_expectancy,Health,objective,1,core,False,years,80.8,,,
DEU,Germany,Life expectancy at birth,Y,2022,80.7,A,life_expectancy,Health,objective,1,core,False,years,80.7,,,
DEU,Germany,Life expectancy at birth,Y,2023,81.1,A,life_expectancy,Health,objective,1,core,False,years,81.1,,,
DNK,Denmark,Life expectancy at birth,Y,2010,79.3,A,life_expectancy,Health,objective,1,core,False,years,79.3,,,
DNK,Denmark,Life expectancy at birth,Y,2011,79.9,A,life_expectancy,Health,objective,1,core,False,years,79.9,,,
DNK,Denmark,Life expectancy at birth,Y,2012,80.2,A,life_expectancy,Health,objective,1,core,False,years,80.2,,,
DNK,Denmark,Life expectancy at birth,Y,2013,80.4,A,life_expectancy,Health,objective,1,core,False,years,80.4,,,
DNK,Denmark,Life expectancy at birth,Y,2014,80.7,A,life_expectancy,Health,objective,1,core,False,years,80.7,,,
DNK,Denmark,Life expectancy at birth,Y,2015,80.8,A,life_expectancy,Health,objective,1,core,False,years,80.8,,,
DNK,Denmark,Life expectancy at birth,Y,2016,80.9,A,life_expectancy,Health,objective,1,core,False,years,80.9,,,
DNK,Denmark,Life expectancy at birth,Y,2017,81.1,A,life_expectancy,Health,objective,1,core,False,years,81.1,,,
DNK,Denmark,Life expectancy at birth,Y,2018,81.0,A,life_expectancy,Health,objective,1,core,False,years,81.0,,,
DNK,Denmark,Life expectancy at birth,Y,2019,81.5,A,life_expectancy,Health,objective,1,core,False,years,81.5,,,
DNK,Denmark,Life expectancy at birth,Y,2020,81.6,A,life_expectancy,Health,objective,1,core,False,years,81.6,,,
DNK,Denmark,Life expectancy at birth,Y,2021,81.5,A,life_expectancy,Health,objective,1,core,False,years,81.5,,,
DNK,Denmark,Life expectancy at birth,Y,2022,81.3,A,life_expectancy,Health,objective,1,core,False,years,81.3,,,
DNK,Denmark,Life expectancy at birth,Y,2023,81.8,A,life_expectancy,Health,objective,1,core,False,years,81.8,,,
ESP,Spain,Life expectancy at birth,Y,2010,82.4,A,life_expectancy,Health,objective,1,core,False,years,82.4,,,
ESP,Spain,Life expectancy at birth,Y,2011,82.6,A,life_expectancy,Health,objective,1,core,False,years,82.6,,,
ESP,Spain,Life expectancy at birth,Y,2012,82.5,A,life_expectancy,Health,objective,1,core,False,years,82.5,,,
ESP,Spain,Life expectancy at birth,Y,2013,83.2,A,life_expectancy,Health,objective,1,core,False,years,83.2,,,
ESP,Spain,Life expectancy at birth,Y,2014,83.3,A,life_expectancy,Health,objective,1,core,False,years,83.3,,,
ESP,Spain,Life expectancy at birth,Y,2015,83.0,A,life_expectancy,Health,objective,1,core,False,years,83.0,,,
ESP,Spain,Life expectancy at birth,Y,2016,83.5,A,life_expectancy,Health,objective,1,core,False,years,83.5,,,
ESP,Spain,Life expectancy at birth,Y,2017,83.4,A,life_expectancy,Health,objective,1,core,False,years,83.4,,,
ESP,Spain,Life expectancy at birth,Y,2018,83.5,A,life_expectancy,Health,objective,1,core,False,years,83.5,,,
ESP,Spain,Life expectancy at birth,Y,2019,84.0,A,life_expectancy,Health,objective,1,core,False,years,84.0,,,
ESP,Spain,Life expectancy at birth,Y,2020,82.3,A,life_expectancy,Health,objective,1,core,False,years,82.3,,,
ESP,Spain,Life expectancy at birth,Y,2021,83.3,A,life_expectancy,Health,objective,1,core,False,years,83.3,,,
ESP,Spain,Life expectancy at birth,Y,2022,83.2,A,life_expectancy,Health,objective,1,core,False,years,83.2,,,
ESP,Spain,Life expectancy at birth,Y,2023,84.0,A,life_expectancy,Health,objective,1,core,False,years,84.0,,,
EST,Estonia,Life expectancy at birth,Y,2010,76.0,A,life_expectancy,Health,objective,1,core,False,years,76.0,,,
EST,Estonia,Life expectancy at birth,Y,2011,76.6,A,life_expectancy,Health,objective,1,core,False,years,76.6,,,
EST,Estonia,Life expectancy at birth,Y,2012,76.7,A,life_expectancy,Health,objective,1,core,False,years,76.7,,,
EST,Estonia,Life expectancy at birth,Y,2013,77.5,A,life_expectancy,Health,objective,1,core,False,years,77.5,,,
EST,Estonia,Life expectancy at birth,Y,2014,77.4,A,life_expectancy,Health,objective,1,core,False,years,77.4,,,
EST,Estonia,Life expectancy at birth,Y,2015,78.0,A,life_expectancy,Health,objective,1,core,False,years,78.0,,,
EST,Estonia,Life expectancy at birth,Y,2016,78.0,A,life_expectancy,Health,objective,1,core,False,years,78.0,,,
EST,Estonia,Life expectancy at birth,Y,2017,78.4,A,life_expectancy,Health,objective,1,core,False,years,78.4,,,
EST,Estonia,Life expectancy at birth,Y,2018,78.5,A,life_expectancy,Health,objective,1,core,False,years,78.5,,,
EST,Estonia,Life expectancy at birth,Y,2019,79.0,A,life_expectancy,Health,objective,1,core,False,years,79.0,,,
EST,Estonia,Life expectancy at birth,Y,2020,78.9,A,life_expectancy,Health,objective,1,core,False,years,78.9,,,
EST,Estonia,Life expectancy at birth,Y,2021,77.2,A,life_expectancy,Health,objective,1,core,False,years,77.2,,,
EST,Estonia,Life expectancy at birth,Y,2022,78.1,A,life_expectancy,Health,objective,1,core,False,years,78.1,,,
EST,Estonia,Life expectancy at birth,Y,2023,79.1,A,life_expectancy,Health,objective,1,core,False,years,79.1,,,
FIN,Finland,Life expectancy at birth,Y,2010,80.2,A,life_expectancy,Health,objective,1,core,False,years,80.2,,,
FIN,Finland,Life expectancy at birth,Y,2011,80.6,A,life_expectancy,Health,objective,1,core,False,years,80.6,,,
FIN,Finland,Life expectancy at birth,Y,2012,80.7,A,life_expectancy,Health,objective,1,core,False,years,80.7,,,
FIN,Finland,Life expectancy at birth,Y,2013,81.1,A,life_expectancy,Health,objective,1,core,False,years,81.1,,,
FIN,Finland,Life expectancy at birth,Y,2014,81.3,A,life_expectancy,Health,objective,1,core,False,years,81.3,,,
FIN,Finland,Life expectancy at birth,Y,2015,81.6,A,life_expectancy,Health,objective,1,core,False,years,81.6,,,
FIN,Finland,Life expectancy at birth,Y,2016,81.5,A,life_expectancy,Health,objective,1,core,False,years,81.5,,,
FIN,Finland,Life expectancy at birth,Y,2017,81.7,A,life_expectancy,Health,objective,1,core,False,years,81.7,,,
FIN,Finland,Life expectancy at birth,Y,2018,81.8,A,life_expectancy,Health,objective,1,core,False,years,81.8,,,
FIN,Finland,Life expectancy at birth,Y,2019,82.1,A,life_expectancy,Health,objective,1,core,False,years,82.1,,,
FIN,Finland,Life expectancy at birth,Y,2020,82.0,A,life_expectancy,Health,objective,1,core,False,years,82.0,,,
FIN,Finland,Life expectancy at birth,Y,2021,81.9,A,life_expectancy,Health,objective,1,core,False,years,81.9,,,
FIN,Finland,Life expectancy at birth,Y,2022,81.2,A,life_expectancy,Health,objective,1,core,False,years,81.2,,,
FIN,Finland,Life expectancy at birth,Y,2023,81.6,A,life_expectancy,Health,objective,1,core,False,years,81.6,,,
FRA,France,Life expectancy at birth,Y,2010,81.8,A,life_expectancy,Health,objective,1,core,False,years,81.8,,,
FRA,France,Life expectancy at birth,Y,2011,82.3,A,life_expectancy,Health,objective,1,core,False,years,82.3,,,
FRA,France,Life expectancy at birth,Y,2012,82.1,A,life_expectancy,Health,objective,1,core,False,years,82.1,,,
FRA,France,Life expectancy at birth,Y,2013,82.4,A,life_expectancy,Health,objective,1,core,False,years,82.4,,,
FRA,France,Life expectancy at birth,Y,2014,82.9,A,life_expectancy,Health,objective,1,core,False,years,82.9,,,
FRA,France,Life expectancy at birth,Y,2015,82.4,A,life_expectancy,Health,objective,1,core,False,years,82.4,,,
FRA,France,Life expectancy at birth,Y,2016,82.7,A,life_expectancy,Health,objective,1,core,False,years,82.7,,,
FRA,France,Life expectancy at birth,Y,2017,82.7,A,life_expectancy,Health,objective,1,core,False,years,82.7,,,
FRA,France,Life expectancy at birth,Y,2018,82.8,A,life_expectancy,Health,objective,1,core,False,years,82.8,,,
FRA,France,Life expectancy at birth,Y,2019,83.0,A,life_expectancy,Health,objective,1,core,False,years,83.0,,,
FRA,France,Life expectancy at birth,Y,2020,82.3,A,life_expectancy,Health,objective,1,core,False,years,82.3,,,
FRA,France,Life expectancy at birth,Y,2021,82.4,A,life_expectancy,Health,objective,1,core,False,years,82.4,,,
FRA,France,Life expectancy at birth,Y,2022,82.3,A,life_expectancy,Health,objective,1,core,False,years,82.3,,,
FRA,France,Life expectancy at birth,Y,2023,83.0,A,life_expectancy,Health,objective,1,core,False,years,83.0,,,
GBR,United Kingdom,Life expectancy at birth,Y,2010,80.4,E,life_expectancy,Health,objective,1,core,False,years,80.4,,,
GBR,United Kingdom,Life expectancy at birth,Y,2011,80.7,E,life_expectancy,Health,objective,1,core,False,years,80.7,,,
GBR,United Kingdom,Life expectancy at birth,Y,2012,80.8,E,life_expectancy,Health,objective,1,core,False,years,80.8,,,
GBR,United Kingdom,Life expectancy at birth,Y,2013,80.9,E,life_expectancy,Health,objective,1,core,False,years,80.9,,,
GBR,United Kingdom,Life expectancy at birth,Y,2014,81.1,E,life_expectancy,Health,objective,1,core,False,years,81.1,,,
GBR,United Kingdom,Life expectancy at birth,Y,2015,80.9,E,life_expectancy,Health,objective,1,core,False,years,80.9,,,
GBR,United Kingdom,Life expectancy at birth,Y,2016,81.0,E,life_expectancy,Health,objective,1,core,False,years,81.0,,,
GBR,United Kingdom,Life expectancy at birth,Y,2017,81.1,E,life_expectancy,Health,objective,1,core,False,years,81.1,,,
GBR,United Kingdom,Life expectancy at birth,Y,2018,81.0,E,life_expectancy,Health,objective,1,core,False,years,81.0,,,
GBR,United Kingdom,Life expectancy at birth,Y,2019,81.4,E,life_expectancy,Health,objective,1,core,False,years,81.4,,,
GBR,United Kingdom,Life expectancy at birth,Y,2020,80.3,E,life_expectancy,Health,objective,1,core,False,years,80.3,,,
GBR,United Kingdom,Life expectancy at birth,Y,2021,80.5,E,life_expectancy,Health,objective,1,core,False,years,80.5,,,
GBR,United Kingdom,Life expectancy at birth,Y,2022,80.9,E,life_expectancy,Health,objective,1,core,False,years,80.9,,,
GBR,United Kingdom,Life expectancy at birth,Y,2023,81.0,E,life_expectancy,Health,objective,1,core,False,years,81.0,,,
GRC,Greece,Life expectancy at birth,Y,2010,80.6,A,life_expectancy,Health,objective,1,core,False,years,80.6,,,
GRC,Greece,Life expectancy at birth,Y,2011,80.8,A,life_expectancy,Health,objective,1,core,False,years,80.8,,,
GRC,Greece,Life expectancy at birth,Y,2012,80.7,A,life_expectancy,Health,objective,1,core,False,years,80.7,,,
GRC,Greece,Life expectancy at birth,Y,2013,81.4,A,life_expectancy,Health,objective,1,core,False,years,81.4,,,
GRC,Greece,Life expectancy at birth,Y,2014,81.5,A,life_expectancy,Health,objective,1,core,False,years,81.5,,,
GRC,Greece,Life expectancy at birth,Y,2015,81.1,A,life_expectancy,Health,objective,1,core,False,years,81.1,,,
GRC,Greece,Life expectancy at birth,Y,2016,81.5,A,life_expectancy,Health,objective,1,core,False,years,81.5,,,
GRC,Greece,Life expectancy at birth,Y,2017,81.4,A,life_expectancy,Health,objective,1,core,False,years,81.4,,,
GRC,Greece,Life expectancy at birth,Y,2018,81.9,A,life_expectancy,Health,objective,1,core,False,years,81.9,,,
GRC,Greece,Life expectancy at birth,Y,2019,81.7,A,life_expectancy,Health,objective,1,core,False,years,81.7,,,
GRC,Greece,Life expectancy at birth,Y,2020,81.4,A,life_expectancy,Health,objective,1,core,False,years,81.4,,,
GRC,Greece,Life expectancy at birth,Y,2021,80.2,A,life_expectancy,Health,objective,1,core,False,years,80.2,,,
GRC,Greece,Life expectancy at birth,Y,2022,80.8,A,life_expectancy,Health,objective,1,core,False,years,80.8,,,
GRC,Greece,Life expectancy at birth,Y,2023,81.8,A,life_expectancy,Health,objective,1,core,False,years,81.8,,,
HRV,Croatia,Life expectancy at birth,Y,2010,76.7,A,life_expectancy,Health,objective,1,core,False,years,76.7,,,
HRV,Croatia,Life expectancy at birth,Y,2011,77.2,A,life_expectancy,Health,objective,1,core,False,years,77.2,,,
HRV,Croatia,Life expectancy at birth,Y,2012,77.3,A,life_expectancy,Health,objective,1,core,False,years,77.3,,,
HRV,Croatia,Life expectancy at birth,Y,2013,77.8,A,life_expectancy,Health,objective,1,core,False,years,77.8,,,
HRV,Croatia,Life expectancy at birth,Y,2014,77.9,A,life_expectancy,Health,objective,1,core,False,years,77.9,,,
HRV,Croatia,Life expectancy at birth,Y,2015,77.5,A,life_expectancy,Health,objective,1,core,False,years,77.5,,,
HRV,Croatia,Life expectancy at birth,Y,2016,78.2,A,life_expectancy,Health,objective,1,core,False,years,78.2,,,
HRV,Croatia,Life expectancy at birth,Y,2017,78.0,A,life_expectancy,Health,objective,1,core,False,years,78.0,,,
HRV,Croatia,Life expectancy at birth,Y,2018,78.2,A,life_expectancy,Health,objective,1,core,False,years,78.2,,,
HRV,Croatia,Life expectancy at birth,Y,2019,78.6,A,life_expectancy,Health,objective,1,core,False,years,78.6,,,
HRV,Croatia,Life expectancy at birth,Y,2020,77.6,A,life_expectancy,Health,objective,1,core,False,years,77.6,,,
HRV,Croatia,Life expectancy at birth,Y,2021,76.6,A,life_expectancy,Health,objective,1,core,False,years,76.6,,,
HRV,Croatia,Life expectancy at birth,Y,2022,77.7,A,life_expectancy,Health,objective,1,core,False,years,77.7,,,
HRV,Croatia,Life expectancy at birth,Y,2023,78.6,A,life_expectancy,Health,objective,1,core,False,years,78.6,,,
HUN,Hungary,Life expectancy at birth,Y,2010,74.7,A,life_expectancy,Health,objective,1,core,False,years,74.7,,,
HUN,Hungary,Life expectancy at birth,Y,2011,75.1,A,life_expectancy,Health,objective,1,core,False,years,75.1,,,
HUN,Hungary,Life expectancy at birth,Y,2012,75.3,A,life_expectancy,Health,objective,1,core,False,years,75.3,,,
HUN,Hungary,Life expectancy at birth,Y,2013,75.8,A,life_expectancy,Health,objective,1,core,False,years,75.8,,,
HUN,Hungary,Life expectancy at birth,Y,2014,76.0,A,life_expectancy,Health,objective,1,core,False,years,76.0,,,
HUN,Hungary,Life expectancy at birth,Y,2015,75.7,A,life_expectancy,Health,objective,1,core,False,years,75.7,,,
HUN,Hungary,Life expectancy at birth,Y,2016,76.2,A,life_expectancy,Health,objective,1,core,False,years,76.2,,,
HUN,Hungary,Life expectancy at birth,Y,2017,76.0,A,life_expectancy,Health,objective,1,core,False,years,76.0,,,
HUN,Hungary,Life expectancy at birth,Y,2018,76.2,A,life_expectancy,Health,objective,1,core,False,years,76.2,,,
HUN,Hungary,Life expectancy at birth,Y,2019,76.5,A,life_expectancy,Health,objective,1,core,False,years,76.5,,,
HUN,Hungary,Life expectancy at birth,Y,2020,75.5,A,life_expectancy,Health,objective,1,core,False,years,75.5,,,
HUN,Hungary,Life expectancy at birth,Y,2021,74.1,A,life_expectancy,Health,objective,1,core,False,years,74.1,,,
HUN,Hungary,Life expectancy at birth,Y,2022,76.0,A,life_expectancy,Health,objective,1,core,False,years,76.0,,,
HUN,Hungary,Life expectancy at birth,Y,2023,76.7,A,life_expectancy,Health,objective,1,core,False,years,76.7,,,
IDN,Indonesia,Life expectancy at birth,Y,2010,68.4,A,life_expectancy,Health,objective,1,core,False,years,68.4,,,
IDN,Indonesia,Life expectancy at birth,Y,2011,68.6,A,life_expectancy,Health,objective,1,core,False,years,68.6,,,
IDN,Indonesia,Life expectancy at birth,Y,2012,68.9,A,life_expectancy,Health,objective,1,core,False,years,68.9,,,
IDN,Indonesia,Life expectancy at birth,Y,2013,69.1,A,life_expectancy,Health,objective,1,core,False,years,69.1,,,
IDN,Indonesia,Life expectancy at birth,Y,2014,69.3,A,life_expectancy,Health,objective,1,core,False,years,69.3,,,
IDN,Indonesia,Life expectancy at birth,Y,2015,69.5,A,life_expectancy,Health,objective,1,core,False,years,69.5,,,
IDN,Indonesia,Life expectancy at birth,Y,2016,69.7,A,life_expectancy,Health,objective,1,core,False,years,69.7,,,
IDN,Indonesia,Life expectancy at birth,Y,2017,70.0,A,life_expectancy,Health,objective,1,core,False,years,70.0,,,
IDN,Indonesia,Life expectancy at birth,Y,2018,70.1,A,life_expectancy,Health,objective,1,core,False,years,70.1,,,
IDN,Indonesia,Life expectancy at birth,Y,2019,70.3,A,life_expectancy,Health,objective,1,core,False,years,70.3,,,
IDN,Indonesia,Life expectancy at birth,Y,2020,68.8,A,life_expectancy,Health,objective,1,core,False,years,68.8,,,
IDN,Indonesia,Life expectancy at birth,Y,2021,67.5,A,life_expectancy,Health,objective,1,core,False,years,67.5,,,
IDN,Indonesia,Life expectancy at birth,Y,2022,70.9,A,life_expectancy,Health,objective,1,core,False,years,70.9,,,
IDN,Indonesia,Life expectancy at birth,Y,2023,71.1,A,life_expectancy,Health,objective,1,core,False,years,71.1,,,
IRL,Ireland,Life expectancy at birth,Y,2010,80.8,A,life_expectancy,Health,objective,1,core,False,years,80.8,,,
IRL,Ireland,Life expectancy at birth,Y,2011,80.9,A,life_expectancy,Health,objective,1,core,False,years,80.9,,,
IRL,Ireland,Life expectancy at birth,Y,2012,80.9,A,life_expectancy,Health,objective,1,core,False,years,80.9,,,
IRL,Ireland,Life expectancy at birth,Y,2013,81.0,A,life_expectancy,Health,objective,1,core,False,years,81.0,,,
IRL,Ireland,Life expectancy at birth,Y,2014,81.4,A,life_expectancy,Health,objective,1,core,False,years,81.4,,,
IRL,Ireland,Life expectancy at birth,Y,2015,81.5,A,life_expectancy,Health,objective,1,core,False,years,81.5,,,
IRL,Ireland,Life expectancy at birth,Y,2016,81.7,A,life_expectancy,Health,objective,1,core,False,years,81.7,,,
IRL,Ireland,Life expectancy at birth,Y,2017,82.2,A,life_expectancy,Health,objective,1,core,False,years,82.2,,,
IRL,Ireland,Life expectancy at birth,Y,2018,82.2,A,life_expectancy,Health,objective,1,core,False,years,82.2,,,
IRL,Ireland,Life expectancy at birth,Y,2019,82.8,A,life_expectancy,Health,objective,1,core,False,years,82.8,,,
IRL,Ireland,Life expectancy at birth,Y,2020,82.5,A,life_expectancy,Health,objective,1,core,False,years,82.5,,,
IRL,Ireland,Life expectancy at birth,Y,2021,82.3,A,life_expectancy,Health,objective,1,core,False,years,82.3,,,
IRL,Ireland,Life expectancy at birth,Y,2022,82.6,A,life_expectancy,Health,objective,1,core,False,years,82.6,,,
IRL,Ireland,Life expectancy at birth,Y,2023,82.9,A,life_expectancy,Health,objective,1,core,False,years,82.9,,,
ISL,Iceland,Life expectancy at birth,Y,2010,81.9,A,life_expectancy,Health,objective,1,core,False,years,81.9,,,
ISL,Iceland,Life expectancy at birth,Y,2011,82.4,A,life_expectancy,Health,objective,1,core,False,years,82.4,,,
ISL,Iceland,Life expectancy at birth,Y,2012,83.0,A,life_expectancy,Health,objective,1,core,False,years,83.0,,,
ISL,Iceland,Life expectancy at birth,Y,2013,82.1,A,life_expectancy,Health,objective,1,core,False,years,82.1,,,
ISL,Iceland,Life expectancy at birth,Y,2014,82.9,A,life_expectancy,Health,objective,1,core,False,years,82.9,,,
ISL,Iceland,Life expectancy at birth,Y,2015,82.5,A,life_expectancy,Health,objective,1,core,False,years,82.5,,,
ISL,Iceland,Life expectancy at birth,Y,2016,82.2,A,life_expectancy,Health,objective,1,core,False,years,82.2,,,
ISL,Iceland,Life expectancy at birth,Y,2017,82.6,A,life_expectancy,Health,objective,1,core,False,years,82.6,,,
ISL,Iceland,Life expectancy at birth,Y,2018,82.9,A,life_expectancy,Health,objective,1,core,False,years,82.9,,,
ISL,Iceland,Life expectancy at birth,Y,2019,83.2,A,life_expectancy,Health,objective,1,core,False,years,83.2,,,
ISL,Iceland,Life expectancy at birth,Y,2020,83.1,A,life_expectancy,Health,objective,1,core,False,years,83.1,,,
ISL,Iceland,Life expectancy at birth,Y,2021,83.2,A,life_expectancy,Health,objective,1,core,False,years,83.2,,,
ISL,Iceland,Life expectancy at birth,Y,2022,82.1,A,life_expectancy,Health,objective,1,core,False,years,82.1,,,
ISL,Iceland,Life expectancy at birth,Y,2023,82.4,A,life_expectancy,Health,objective,1,core,False,years,82.4,,,
ISR,Israel,Life expectancy at birth,Y,2010,81.7,A,life_expectancy,Health,objective,1,core,False,years,81.7,,,
ISR,Israel,Life expectancy at birth,Y,2011,81.8,A,life_expectancy,Health,objective,1,core,False,years,81.8,,,
ISR,Israel,Life expectancy at birth,Y,2012,81.8,A,life_expectancy,Health,objective,1,core,False,years,81.8,,,
ISR,Israel,Life expectancy at birth,Y,2013,82.1,A,life_expectancy,Health,objective,1,core,False,years,82.1,,,
ISR,Israel,Life expectancy at birth,Y,2014,82.2,A,life_expectancy,Health,objective,1,core,False,years,82.2,,,
ISR,Israel,Life expectancy at birth,Y,2015,82.2,A,life_expectancy,Health,objective,1,core,False,years,82.2,,,
ISR,Israel,Life expectancy at birth,Y,2016,82.5,A,life_expectancy,Health,objective,1,core,False,years,82.5,,,
ISR,Israel,Life expectancy at birth,Y,2017,82.7,A,life_expectancy,Health,objective,1,core,False,years,82.7,,,
ISR,Israel,Life expectancy at birth,Y,2018,82.9,A,life_expectancy,Health,objective,1,core,False,years,82.9,,,
ISR,Israel,Life expectancy at birth,Y,2019,82.9,A,life_expectancy,Health,objective,1,core,False,years,82.9,,,
ISR,Israel,Life expectancy at birth,Y,2020,82.7,A,life_expectancy,Health,objective,1,core,False,years,82.7,,,
ISR,Israel,Life expectancy at birth,Y,2021,82.6,A,life_expectancy,Health,objective,1,core,False,years,82.6,,,
ISR,Israel,Life expectancy at birth,Y,2022,82.8,A,life_expectancy,Health,objective,1,core,False,years,82.8,,,
ISR,Israel,Life expectancy at birth,Y,2023,83.8,B,life_expectancy,Health,objective,1,core,False,years,83.8,,,
ITA,Italy,Life expectancy at birth,Y,2010,82.2,A,life_expectancy,Health,objective,1,core,False,years,82.2,,,
ITA,Italy,Life expectancy at birth,Y,2011,82.4,A,life_expectancy,Health,objective,1,core,False,years,82.4,,,
ITA,Italy,Life expectancy at birth,Y,2012,82.4,A,life_expectancy,Health,objective,1,core,False,years,82.4,,,
ITA,Italy,Life expectancy at birth,Y,2013,82.9,A,life_expectancy,Health,objective,1,core,False,years,82.9,,,
ITA,Italy,Life expectancy at birth,Y,2014,83.2,A,life_expectancy,Health,objective,1,core,False,years,83.2,,,
ITA,Italy,Life expectancy at birth,Y,2015,82.7,A,life_expectancy,Health,objective,1,core,False,years,82.7,,,
ITA,Italy,Life expectancy at birth,Y,2016,83.4,A,life_expectancy,Health,objective,1,core,False,years,83.4,,,
ITA,Italy,Life expectancy at birth,Y,2017,83.1,A,life_expectancy,Health,objective,1,core,False,years,83.1,,,
ITA,Italy,Life expectancy at birth,Y,2018,83.4,A,life_expectancy,Health,objective,1,core,False,years,83.4,,,
ITA,Italy,Life expectancy at birth,Y,2019,83.6,A,life_expectancy,Health,objective,1,core,False,years,83.6,,,
ITA,Italy,Life expectancy at birth,Y,2020,82.3,A,life_expectancy,Health,objective,1,core,False,years,82.3,,,
ITA,Italy,Life expectancy at birth,Y,2021,82.7,A,life_expectancy,Health,objective,1,core,False,years,82.7,,,
ITA,Italy,Life expectancy at birth,Y,2022,82.8,A,life_expectancy,Health,objective,1,core,False,years,82.8,,,
ITA,Italy,Life expectancy at birth,Y,2023,83.5,A,life_expectancy,Health,objective,1,core,False,years,83.5,,,
JPN,Japan,Life expectancy at birth,Y,2010,82.9,E,life_expectancy,Health,objective,1,core,False,years,82.9,,,
JPN,Japan,Life expectancy at birth,Y,2011,82.7,E,life_expectancy,Health,objective,1,core,False,years,82.7,,,
JPN,Japan,Life expectancy at birth,Y,2012,83.2,E,life_expectancy,Health,objective,1,core,False,years,83.2,,,
JPN,Japan,Life expectancy at birth,Y,2013,83.4,E,life_expectancy,Health,objective,1,core,False,years,83.4,,,
JPN,Japan,Life expectancy at birth,Y,2014,83.7,E,life_expectancy,Health,objective,1,core,False,years,83.7,,,
JPN,Japan,Life expectancy at birth,Y,2015,83.9,E,life_expectancy,Health,objective,1,core,False,years,83.9,,,
JPN,Japan,Life expectancy at birth,Y,2016,84.1,E,life_expectancy,Health,objective,1,core,False,years,84.1,,,
JPN,Japan,Life expectancy at birth,Y,2017,84.2,E,life_expectancy,Health,objective,1,core,False,years,84.2,,,
JPN,Japan,Life expectancy at birth,Y,2018,84.3,E,life_expectancy,Health,objective,1,core,False,years,84.3,,,
JPN,Japan,Life expectancy at birth,Y,2019,84.4,E,life_expectancy,Health,objective,1,core,False,years,84.4,,,
JPN,Japan,Life expectancy at birth,Y,2020,84.6,E,life_expectancy,Health,objective,1,core,False,years,84.6,,,
JPN,Japan,Life expectancy at birth,Y,2021,84.5,E,life_expectancy,Health,objective,1,core,False,years,84.5,,,
JPN,Japan,Life expectancy at birth,Y,2022,84.1,E,life_expectancy,Health,objective,1,core,False,years,84.1,,,
JPN,Japan,Life expectancy at birth,Y,2023,84.1,E,life_expectancy,Health,objective,1,core,False,years,84.1,,,
KOR,Korea,Life expectancy at birth,Y,2010,80.2,A,life_expectancy,Health,objective,1,core,False,years,80.2,,,
KOR,Korea,Life expectancy at birth,Y,2011,80.6,A,life_expectancy,Health,objective,1,core,False,years,80.6,,,
KOR,Korea,Life expectancy at birth,Y,2012,80.9,A,life_expectancy,Health,objective,1,core,False,years,80.9,,,
KOR,Korea,Life expectancy at birth,Y,2013,81.4,A,life_expectancy,Health,objective,1,core,False,years,81.4,,,
KOR,Korea,Life expectancy at birth,Y,2014,81.8,A,life_expectancy,Health,objective,1,core,False,years,81.8,,,
KOR,Korea,Life expectancy at birth,Y,2015,82.1,A,life_expectancy,Health,objective,1,core,False,years,82.1,,,
KOR,Korea,Life expectancy at birth,Y,2016,82.4,A,life_expectancy,Health,objective,1,core,False,years,82.4,,,
KOR,Korea,Life expectancy at birth,Y,2017,82.7,A,life_expectancy,Health,objective,1,core,False,years,82.7,,,
KOR,Korea,Life expectancy at birth,Y,2018,82.7,A,life_expectancy,Health,objective,1,core,False,years,82.7,,,
KOR,Korea,Life expectancy at birth,Y,2019,83.3,A,life_expectancy,Health,objective,1,core,False,years,83.3,,,
KOR,Korea,Life expectancy at birth,Y,2020,83.5,A,life_expectancy,Health,objective,1,core,False,years,83.5,,,
KOR,Korea,Life expectancy at birth,Y,2021,83.6,A,life_expectancy,Health,objective,1,core,False,years,83.6,,,
KOR,Korea,Life expectancy at birth,Y,2022,82.7,A,life_expectancy,Health,objective,1,core,False,years,82.7,,,
KOR,Korea,Life expectancy at birth,Y,2023,83.5,A,life_expectancy,Health,objective,1,core,False,years,83.5,,,
LTU,Lithuania,Life expectancy at birth,Y,2010,73.3,A,life_expectancy,Health,objective,1,core,False,years,73.3,,,
LTU,Lithuania,Life expectancy at birth,Y,2011,73.7,A,life_expectancy,Health,objective,1,core,False,years,73.7,,,
LTU,Lithuania,Life expectancy at birth,Y,2012,74.1,A,life_expectancy,Health,objective,1,core,False,years,74.1,,,
LTU,Lithuania,Life expectancy at birth,Y,2013,74.1,A,life_expectancy,Health,objective,1,core,False,years,74.1,,,
LTU,Lithuania,Life expectancy at birth,Y,2014,74.7,A,life_expectancy,Health,objective,1,core,False,years,74.7,,,
LTU,Lithuania,Life expectancy at birth,Y,2015,74.6,A,life_expectancy,Health,objective,1,core,False,years,74.6,,,
LTU,Lithuania,Life expectancy at birth,Y,2016,74.9,A,life_expectancy,Health,objective,1,core,False,years,74.9,,,
LTU,Lithuania,Life expectancy at birth,Y,2017,75.8,A,life_expectancy,Health,objective,1,core,False,years,75.8,,,
LTU,Lithuania,Life expectancy at birth,Y,2018,76.0,A,life_expectancy,Health,objective,1,core,False,years,76.0,,,
LTU,Lithuania,Life expectancy at birth,Y,2019,76.5,A,life_expectancy,Health,objective,1,core,False,years,76.5,,,
LTU,Lithuania,Life expectancy at birth,Y,2020,75.2,A,life_expectancy,Health,objective,1,core,False,years,75.2,,,
LTU,Lithuania,Life expectancy at birth,Y,2021,74.2,A,life_expectancy,Health,objective,1,core,False,years,74.2,,,
LTU,Lithuania,Life expectancy at birth,Y,2022,75.8,A,life_expectancy,Health,objective,1,core,False,years,75.8,,,
LTU,Lithuania,Life expectancy at birth,Y,2023,77.6,A,life_expectancy,Health,objective,1,core,False,years,77.6,,,
LUX,Luxembourg,Life expectancy at birth,Y,2010,80.8,A,life_expectancy,Health,objective,1,core,False,years,80.8,,,
LUX,Luxembourg,Life expectancy at birth,Y,2011,81.1,A,life_expectancy,Health,objective,1,core,False,years,81.1,,,
LUX,Luxembourg,Life expectancy at birth,Y,2012,81.5,A,life_expectancy,Health,objective,1,core,False,years,81.5,,,
LUX,Luxembourg,Life expectancy at birth,Y,2013,81.9,A,life_expectancy,Health,objective,1,core,False,years,81.9,,,
LUX,Luxembourg,Life expectancy at birth,Y,2014,82.3,A,life_expectancy,Health,objective,1,core,False,years,82.3,,,
LUX,Luxembourg,Life expectancy at birth,Y,2015,82.4,A,life_expectancy,Health,objective,1,core,False,years,82.4,,,
LUX,Luxembourg,Life expectancy at birth,Y,2016,82.7,A,life_expectancy,Health,objective,1,core,False,years,82.7,,,
LUX,Luxembourg,Life expectancy at birth,Y,2017,82.1,A,life_expectancy,Health,objective,1,core,False,years,82.1,,,
LUX,Luxembourg,Life expectancy at birth,Y,2018,82.3,A,life_expectancy,Health,objective,1,core,False,years,82.3,,,
LUX,Luxembourg,Life expectancy at birth,Y,2019,82.7,A,life_expectancy,Health,objective,1,core,False,years,82.7,,,
LUX,Luxembourg,Life expectancy at birth,Y,2020,82.2,A,life_expectancy,Health,objective,1,core,False,years,82.2,,,
LUX,Luxembourg,Life expectancy at birth,Y,2021,82.7,A,life_expectancy,Health,objective,1,core,False,years,82.7,,,
LUX,Luxembourg,Life expectancy at birth,Y,2022,83.0,A,life_expectancy,Health,objective,1,core,False,years,83.0,,,
LUX,Luxembourg,Life expectancy at birth,Y,2023,83.4,A,life_expectancy,Health,objective,1,core,False,years,83.4,,,
LVA,Latvia,Life expectancy at birth,Y,2010,73.1,A,life_expectancy,Health,objective,1,core,False,years,73.1,,,
LVA,Latvia,Life expectancy at birth,Y,2011,73.9,A,life_expectancy,Health,objective,1,core,False,years,73.9,,,
LVA,Latvia,Life expectancy at birth,Y,2012,74.1,A,life_expectancy,Health,objective,1,core,False,years,74.1,,,
LVA,Latvia,Life expectancy at birth,Y,2013,74.3,A,life_expectancy,Health,objective,1,core,False,years,74.3,,,
LVA,Latvia,Life expectancy at birth,Y,2014,74.5,A,life_expectancy,Health,objective,1,core,False,years,74.5,,,
LVA,Latvia,Life expectancy at birth,Y,2015,74.8,A,life_expectancy,Health,objective,1,core,False,years,74.8,,,
LVA,Latvia,Life expectancy at birth,Y,2016,74.9,A,life_expectancy,Health,objective,1,core,False,years,74.9,,,
LVA,Latvia,Life expectancy at birth,Y,2017,74.9,A,life_expectancy,Health,objective,1,core,False,years,74.9,,,
LVA,Latvia,Life expectancy at birth,Y,2018,75.1,A,life_expectancy,Health,objective,1,core,False,years,75.1,,,
LVA,Latvia,Life expectancy at birth,Y,2019,75.7,A,life_expectancy,Health,objective,1,core,False,years,75.7,,,
LVA,Latvia,Life expectancy at birth,Y,2020,75.5,A,life_expectancy,Health,objective,1,core,False,years,75.5,,,
LVA,Latvia,Life expectancy at birth,Y,2021,73.1,A,life_expectancy,Health,objective,1,core,False,years,73.1,,,
LVA,Latvia,Life expectancy at birth,Y,2022,74.5,A,life_expectancy,Health,objective,1,core,False,years,74.5,,,
LVA,Latvia,Life expectancy at birth,Y,2023,75.6,A,life_expectancy,Health,objective,1,core,False,years,75.6,,,
MEX,Mexico,Life expectancy at birth,Y,2010,74.3,A,life_expectancy,Health,objective,1,core,False,years,74.3,,,
MEX,Mexico,Life expectancy at birth,Y,2011,74.8,A,life_expectancy,Health,objective,1,core,False,years,74.8,,,
MEX,Mexico,Life expectancy at birth,Y,2012,74.9,A,life_expectancy,Health,objective,1,core,False,years,74.9,,,
MEX,Mexico,Life expectancy at birth,Y,2013,75.2,A,life_expectancy,Health,objective,1,core,False,years,75.2,,,
MEX,Mexico,Life expectancy at birth,Y,2014,75.1,A,life_expectancy,Health,objective,1,core,False,years,75.1,,,
MEX,Mexico,Life expectancy at birth,Y,2015,75.1,A,life_expectancy,Health,objective,1,core,False,years,75.1,,,
MEX,Mexico,Life expectancy at birth,Y,2016,74.8,A,life_expectancy,Health,objective,1,core,False,years,74.8,,,
MEX,Mexico,Life expectancy at birth,Y,2017,74.8,A,life_expectancy,Health,objective,1,core,False,years,74.8,,,
MEX,Mexico,Life expectancy at birth,Y,2018,74.9,A,life_expectancy,Health,objective,1,core,False,years,74.9,,,
MEX,Mexico,Life expectancy at birth,Y,2019,74.8,A,life_expectancy,Health,objective,1,core,False,years,74.8,,,
MEX,Mexico,Life expectancy at birth,Y,2020,68.9,A,life_expectancy,Health,objective,1,core,False,years,68.9,,,
MEX,Mexico,Life expectancy at birth,Y,2021,68.8,A,life_expectancy,Health,objective,1,core,False,years,68.8,,,
MEX,Mexico,Life expectancy at birth,Y,2022,75.2,A,life_expectancy,Health,objective,1,core,False,years,75.2,,,
MEX,Mexico,Life expectancy at birth,Y,2023,75.3,A,life_expectancy,Health,objective,1,core,False,years,75.3,,,
MEX,Mexico,Life expectancy at birth,Y,2024,75.5,A,life_expectancy,Health,objective,1,core,False,years,75.5,,,
NLD,Netherlands,Life expectancy at birth,Y,2010,81.0,A,life_expectancy,Health,objective,1,core,False,years,81.0,,,
NLD,Netherlands,Life expectancy at birth,Y,2011,81.3,A,life_expectancy,Health,objective,1,core,False,years,81.3,,,
NLD,Netherlands,Life expectancy at birth,Y,2012,81.2,A,life_expectancy,Health,objective,1,core,False,years,81.2,,,
NLD,Netherlands,Life expectancy at birth,Y,2013,81.4,A,life_expectancy,Health,objective,1,core,False,years,81.4,,,
NLD,Netherlands,Life expectancy at birth,Y,2014,81.8,A,life_expectancy,Health,objective,1,core,False,years,81.8,,,
NLD,Netherlands,Life expectancy at birth,Y,2015,81.6,A,life_expectancy,Health,objective,1,core,False,years,81.6,,,
NLD,Netherlands,Life expectancy at birth,Y,2016,81.7,A,life_expectancy,Health,objective,1,core,False,years,81.7,,,
NLD,Netherlands,Life expectancy at birth,Y,2017,81.8,A,life_expectancy,Health,objective,1,core,False,years,81.8,,,
NLD,Netherlands,Life expectancy at birth,Y,2018,81.9,A,life_expectancy,Health,objective,1,core,False,years,81.9,,,
NLD,Netherlands,Life expectancy at birth,Y,2019,82.2,A,life_expectancy,Health,objective,1,core,False,years,82.2,,,
NLD,Netherlands,Life expectancy at birth,Y,2020,81.4,A,life_expectancy,Health,objective,1,core,False,years,81.4,,,
NLD,Netherlands,Life expectancy at birth,Y,2021,81.4,A,life_expectancy,Health,objective,1,core,False,years,81.4,,,
NLD,Netherlands,Life expectancy at birth,Y,2022,81.7,A,life_expectancy,Health,objective,1,core,False,years,81.7,,,
NLD,Netherlands,Life expectancy at birth,Y,2023,81.9,A,life_expectancy,Health,objective,1,core,False,years,81.9,,,
NOR,Norway,Life expectancy at birth,Y,2010,81.2,A,life_expectancy,Health,objective,1,core,False,years,81.2,,,
NOR,Norway,Life expectancy at birth,Y,2011,81.4,A,life_expectancy,Health,objective,1,core,False,years,81.4,,,
NOR,Norway,Life expectancy at birth,Y,2012,81.5,A,life_expectancy,Health,objective,1,core,False,years,81.5,,,
NOR,Norway,Life expectancy at birth,Y,2013,81.8,A,life_expectancy,Health,objective,1,core,False,years,81.8,,,
NOR,Norway,Life expectancy at birth,Y,2014,82.2,A,life_expectancy,Health,objective,1,core,False,years,82.2,,,
NOR,Norway,Life expectancy at birth,Y,2015,82.4,A,life_expectancy,Health,objective,1,core,False,years,82.4,,,
NOR,Norway,Life expectancy at birth,Y,2016,82.5,A,life_expectancy,Health,objective,1,core,False,years,82.5,,,
NOR,Norway,Life expectancy at birth,Y,2017,82.7,A,life_expectancy,Health,objective,1,core,False,years,82.7,,,
NOR,Norway,Life expectancy at birth,Y,2018,82.8,A,life_expectancy,Health,objective,1,core,False,years,82.8,,,
NOR,Norway,Life expectancy at birth,Y,2019,83.0,A,life_expectancy,Health,objective,1,core,False,years,83.0,,,
NOR,Norway,Life expectancy at birth,Y,2020,83.3,A,life_expectancy,Health,objective,1,core,False,years,83.3,,,
NOR,Norway,Life expectancy at birth,Y,2021,83.2,A,life_expectancy,Health,objective,1,core,False,years,83.2,,,
NOR,Norway,Life expectancy at birth,Y,2022,82.5,A,life_expectancy,Health,objective,1,core,False,years,82.5,,,
NOR,Norway,Life expectancy at birth,Y,2023,83.1,A,life_expectancy,Health,objective,1,core,False,years,83.1,,,
NZL,New Zealand,Life expectancy at birth,Y,2010,80.8,E,life_expectancy,Health,objective,1,core,False,years,80.8,,,
NZL,New Zealand,Life expectancy at birth,Y,2011,81.0,E,life_expectancy,Health,objective,1,core,False,years,81.0,,,
NZL,New Zealand,Life expectancy at birth,Y,2012,81.2,E,life_expectancy,Health,objective,1,core,False,years,81.2,,,
NZL,New Zealand,Life expectancy at birth,Y,2013,81.4,E,life_expectancy,Health,objective,1,core,False,years,81.4,,,
NZL,New Zealand,Life expectancy at birth,Y,2014,81.4,E,life_expectancy,Health,objective,1,core,False,years,81.4,,,
NZL,New Zealand,Life expectancy at birth,Y,2015,81.5,E,life_expectancy,Health,objective,1,core,False,years,81.5,,,
NZL,New Zealand,Life expectancy at birth,Y,2016,81.6,E,life_expectancy,Health,objective,1,core,False,years,81.6,,,
NZL,New Zealand,Life expectancy at birth,Y,2017,81.7,E,life_expectancy,Health,objective,1,core,False,years,81.7,,,
NZL,New Zealand,Life expectancy at birth,Y,2018,81.7,A,life_expectancy,Health,objective,1,core,False,years,81.7,,,
NZL,New Zealand,Life expectancy at birth,Y,2019,82.1,A,life_expectancy,Health,objective,1,core,False,years,82.1,,,
NZL,New Zealand,Life expectancy at birth,Y,2020,82.3,A,life_expectancy,Health,objective,1,core,False,years,82.3,,,
NZL,New Zealand,Life expectancy at birth,Y,2021,82.3,A,life_expectancy,Health,objective,1,core,False,years,82.3,,,
NZL,New Zealand,Life expectancy at birth,Y,2022,82.0,A,life_expectancy,Health,objective,1,core,False,years,82.0,,,
NZL,New Zealand,Life expectancy at birth,Y,2023,82.0,A,life_expectancy,Health,objective,1,core,False,years,82.0,,,
PER,Peru,Life expectancy at birth,Y,2010,74.4,A,life_expectancy,Health,objective,1,core,False,years,74.4,,,
PER,Peru,Life expectancy at birth,Y,2011,74.7,A,life_expectancy,Health,objective,1,core,False,years,74.7,,,
PER,Peru,Life expectancy at birth,Y,2012,75.0,A,life_expectancy,Health,objective,1,core,False,years,75.0,,,
PER,Peru,Life expectancy at birth,Y,2013,75.3,A,life_expectancy,Health,objective,1,core,False,years,75.3,,,
PER,Peru,Life expectancy at birth,Y,2014,75.6,A,life_expectancy,Health,objective,1,core,False,years,75.6,,,
PER,Peru,Life expectancy at birth,Y,2015,75.9,A,life_expectancy,Health,objective,1,core,False,years,75.9,,,
PER,Peru,Life expectancy at birth,Y,2016,76.1,A,life_expectancy,Health,objective,1,core,False,years,76.1,,,
PER,Peru,Life expectancy at birth,Y,2017,76.4,A,life_expectancy,Health,objective,1,core,False,years,76.4,,,
PER,Peru,Life expectancy at birth,Y,2018,76.6,A,life_expectancy,Health,objective,1,core,False,years,76.6,,,
PER,Peru,Life expectancy at birth,Y,2019,76.7,A,life_expectancy,Health,objective,1,core,False,years,76.7,,,
PER,Peru,Life expectancy at birth,Y,2020,76.9,A,life_expectancy,Health,objective,1,core,False,years,76.9,,,
PER,Peru,Life expectancy at birth,Y,2021,77.0,A,life_expectancy,Health,objective,1,core,False,years,77.0,,,
PER,Peru,Life expectancy at birth,Y,2022,77.1,A,life_expectancy,Health,objective,1,core,False,years,77.1,,,
PER,Peru,Life expectancy at birth,Y,2023,77.2,A,life_expectancy,Health,objective,1,core,False,years,77.2,,,
PER,Peru,Life expectancy at birth,Y,2024,77.4,A,life_expectancy,Health,objective,1,core,False,years,77.4,,,
POL,Poland,Life expectancy at birth,Y,2010,76.4,A,life_expectancy,Health,objective,1,core,False,years,76.4,,,
POL,Poland,Life expectancy at birth,Y,2011,76.8,A,life_expectancy,Health,objective,1,core,False,years,76.8,,,
POL,Poland,Life expectancy at birth,Y,2012,76.9,A,life_expectancy,Health,objective,1,core,False,years,76.9,,,
POL,Poland,Life expectancy at birth,Y,2013,77.1,A,life_expectancy,Health,objective,1,core,False,years,77.1,,,
POL,Poland,Life expectancy at birth,Y,2014,77.8,A,life_expectancy,Health,objective,1,core,False,years,77.8,,,
POL,Poland,Life expectancy at birth,Y,2015,77.5,A,life_expectancy,Health,objective,1,core,False,years,77.5,,,
POL,Poland,Life expectancy at birth,Y,2016,78.0,A,life_expectancy,Health,objective,1,core,False,years,78.0,,,
POL,Poland,Life expectancy at birth,Y,2017,77.8,A,life_expectancy,Health,objective,1,core,False,years,77.8,,,
POL,Poland,Life expectancy at birth,Y,2018,77.7,A,life_expectancy,Health,objective,1,core,False,years,77.7,,,
POL,Poland,Life expectancy at birth,Y,2019,78.0,A,life_expectancy,Health,objective,1,core,False,years,78.0,,,
POL,Poland,Life expectancy at birth,Y,2020,76.4,A,life_expectancy,Health,objective,1,core,False,years,76.4,,,
POL,Poland,Life expectancy at birth,Y,2021,75.4,A,life_expectancy,Health,objective,1,core,False,years,75.4,,,
POL,Poland,Life expectancy at birth,Y,2022,77.2,A,life_expectancy,Health,objective,1,core,False,years,77.2,,,
POL,Poland,Life expectancy at birth,Y,2023,78.4,A,life_expectancy,Health,objective,1,core,False,years,78.4,,,
PRT,Portugal,Life expectancy at birth,Y,2010,80.1,A,life_expectancy,Health,objective,1,core,False,years,80.1,,,
PRT,Portugal,Life expectancy at birth,Y,2011,80.7,A,life_expectancy,Health,objective,1,core,False,years,80.7,,,
PRT,Portugal,Life expectancy at birth,Y,2012,80.6,A,life_expectancy,Health,objective,1,core,False,years,80.6,,,
PRT,Portugal,Life expectancy at birth,Y,2013,80.9,A,life_expectancy,Health,objective,1,core,False,years,80.9,,,
PRT,Portugal,Life expectancy at birth,Y,2014,81.3,A,life_expectancy,Health,objective,1,core,False,years,81.3,,,
PRT,Portugal,Life expectancy at birth,Y,2015,81.3,A,life_expectancy,Health,objective,1,core,False,years,81.3,,,
PRT,Portugal,Life expectancy at birth,Y,2016,81.3,A,life_expectancy,Health,objective,1,core,False,years,81.3,,,
PRT,Portugal,Life expectancy at birth,Y,2017,81.6,A,life_expectancy,Health,objective,1,core,False,years,81.6,,,
PRT,Portugal,Life expectancy at birth,Y,2018,81.5,A,life_expectancy,Health,objective,1,core,False,years,81.5,,,
PRT,Portugal,Life expectancy at birth,Y,2019,81.9,A,life_expectancy,Health,objective,1,core,False,years,81.9,,,
PRT,Portugal,Life expectancy at birth,Y,2020,81.5,A,life_expectancy,Health,objective,1,core,False,years,81.5,,,
PRT,Portugal,Life expectancy at birth,Y,2021,81.5,A,life_expectancy,Health,objective,1,core,False,years,81.5,,,
PRT,Portugal,Life expectancy at birth,Y,2022,81.8,A,life_expectancy,Health,objective,1,core,False,years,81.8,,,
PRT,Portugal,Life expectancy at birth,Y,2023,82.5,A,life_expectancy,Health,objective,1,core,False,years,82.5,,,
ROU,Romania,Life expectancy at birth,Y,2010,73.7,A,life_expectancy,Health,objective,1,core,False,years,73.7,,,
ROU,Romania,Life expectancy at birth,Y,2011,74.4,A,life_expectancy,Health,objective,1,core,False,years,74.4,,,
ROU,Romania,Life expectancy at birth,Y,2012,74.4,A,life_expectancy,Health,objective,1,core,False,years,74.4,,,
ROU,Romania,Life expectancy at birth,Y,2013,75.1,A,life_expectancy,Health,objective,1,core,False,years,75.1,,,
ROU,Romania,Life expectancy at birth,Y,2014,75.0,A,life_expectancy,Health,objective,1,core,False,years,75.0,,,
ROU,Romania,Life expectancy at birth,Y,2015,74.9,A,life_expectancy,Health,objective,1,core,False,years,74.9,,,
ROU,Romania,Life expectancy at birth,Y,2016,75.2,A,life_expectancy,Health,objective,1,core,False,years,75.2,,,
ROU,Romania,Life expectancy at birth,Y,2017,75.2,A,life_expectancy,Health,objective,1,core,False,years,75.2,,,
ROU,Romania,Life expectancy at birth,Y,2018,75.3,A,life_expectancy,Health,objective,1,core,False,years,75.3,,,
ROU,Romania,Life expectancy at birth,Y,2019,75.6,A,life_expectancy,Health,objective,1,core,False,years,75.6,,,
ROU,Romania,Life expectancy at birth,Y,2020,74.2,A,life_expectancy,Health,objective,1,core,False,years,74.2,,,
ROU,Romania,Life expectancy at birth,Y,2021,72.8,A,life_expectancy,Health,objective,1,core,False,years,72.8,,,
ROU,Romania,Life expectancy at birth,Y,2022,75.1,A,life_expectancy,Health,objective,1,core,False,years,75.1,,,
ROU,Romania,Life expectancy at birth,Y,2023,76.4,A,life_expectancy,Health,objective,1,core,False,years,76.4,,,
SVK,Slovak Republic,Life expectancy at birth,Y,2010,75.6,A,life_expectancy,Health,objective,1,core,False,years,75.6,,,
SVK,Slovak Republic,Life expectancy at birth,Y,2011,76.1,A,life_expectancy,Health,objective,1,core,False,years,76.1,,,
SVK,Slovak Republic,Life expectancy at birth,Y,2012,76.3,A,life_expectancy,Health,objective,1,core,False,years,76.3,,,
SVK,Slovak Republic,Life expectancy at birth,Y,2013,76.6,A,life_expectancy,Health,objective,1,core,False,years,76.6,,,
SVK,Slovak Republic,Life expectancy at birth,Y,2014,77.0,A,life_expectancy,Health,objective,1,core,False,years,77.0,,,
SVK,Slovak Republic,Life expectancy at birth,Y,2015,76.7,A,life_expectancy,Health,objective,1,core,False,years,76.7,,,
SVK,Slovak Republic,Life expectancy at birth,Y,2016,77.3,A,life_expectancy,Health,objective,1,core,False,years,77.3,,,
SVK,Slovak Republic,Life expectancy at birth,Y,2017,77.3,A,life_expectancy,Health,objective,1,core,False,years,77.3,,,
SVK,Slovak Republic,Life expectancy at birth,Y,2018,77.4,A,life_expectancy,Health,objective,1,core,False,years,77.4,,,
SVK,Slovak Republic,Life expectancy at birth,Y,2019,77.8,A,life_expectancy,Health,objective,1,core,False,years,77.8,,,
SVK,Slovak Republic,Life expectancy at birth,Y,2020,77.0,A,life_expectancy,Health,objective,1,core,False,years,77.0,,,
SVK,Slovak Republic,Life expectancy at birth,Y,2021,74.6,A,life_expectancy,Health,objective,1,core,False,years,74.6,,,
SVK,Slovak Republic,Life expectancy at birth,Y,2022,77.0,A,life_expectancy,Health,objective,1,core,False,years,77.0,,,
SVK,Slovak Republic,Life expectancy at birth,Y,2023,78.2,A,life_expectancy,Health,objective,1,core,False,years,78.2,,,
SVN,Slovenia,Life expectancy at birth,Y,2010,79.8,A,life_expectancy,Health,objective,1,core,False,years,79.8,,,
SVN,Slovenia,Life expectancy at birth,Y,2011,80.1,A,life_expectancy,Health,objective,1,core,False,years,80.1,,,
SVN,Slovenia,Life expectancy at birth,Y,2012,80.3,A,life_expectancy,Health,objective,1,core,False,years,80.3,,,
SVN,Slovenia,Life expectancy at birth,Y,2013,80.5,A,life_expectancy,Health,objective,1,core,False,years,80.5,,,
SVN,Slovenia,Life expectancy at birth,Y,2014,81.2,A,life_expectancy,Health,objective,1,core,False,years,81.2,,,
SVN,Slovenia,Life expectancy at birth,Y,2015,80.9,A,life_expectancy,Health,objective,1,core,False,years,80.9,,,
SVN,Slovenia,Life expectancy at birth,Y,2016,81.2,A,life_expectancy,Health,objective,1,core,False,years,81.2,,,
SVN,Slovenia,Life expectancy at birth,Y,2017,81.2,A,life_expectancy,Health,objective,1,core,False,years,81.2,,,
SVN,Slovenia,Life expectancy at birth,Y,2018,81.5,A,life_expectancy,Health,objective,1,core,False,years,81.5,,,
SVN,Slovenia,Life expectancy at birth,Y,2019,81.6,A,life_expectancy,Health,objective,1,core,False,years,81.6,,,
SVN,Slovenia,Life expectancy at birth,Y,2020,80.6,A,life_expectancy,Health,objective,1,core,False,years,80.6,,,
SVN,Slovenia,Life expectancy at birth,Y,2021,80.7,A,life_expectancy,Health,objective,1,core,False,years,80.7,,,
SVN,Slovenia,Life expectancy at birth,Y,2022,81.3,A,life_expectancy,Health,objective,1,core,False,years,81.3,,,
SVN,Slovenia,Life expectancy at birth,Y,2023,82.0,A,life_expectancy,Health,objective,1,core,False,years,82.0,,,
SWE,Sweden,Life expectancy at birth,Y,2010,81.6,A,life_expectancy,Health,objective,1,core,False,years,81.6,,,
SWE,Sweden,Life expectancy at birth,Y,2011,81.9,A,life_expectancy,Health,objective,1,core,False,years,81.9,,,
SWE,Sweden,Life expectancy at birth,Y,2012,81.8,A,life_expectancy,Health,objective,1,core,False,years,81.8,,,
SWE,Sweden,Life expectancy at birth,Y,2013,82.0,A,life_expectancy,Health,objective,1,core,False,years,82.0,,,
SWE,Sweden,Life expectancy at birth,Y,2014,82.3,A,life_expectancy,Health,objective,1,core,False,years,82.3,,,
SWE,Sweden,Life expectancy at birth,Y,2015,82.2,A,life_expectancy,Health,objective,1,core,False,years,82.2,,,
SWE,Sweden,Life expectancy at birth,Y,2016,82.4,A,life_expectancy,Health,objective,1,core,False,years,82.4,,,
SWE,Sweden,Life expectancy at birth,Y,2017,82.5,A,life_expectancy,Health,objective,1,core,False,years,82.5,,,
SWE,Sweden,Life expectancy at birth,Y,2018,82.6,A,life_expectancy,Health,objective,1,core,False,years,82.6,,,
SWE,Sweden,Life expectancy at birth,Y,2019,83.2,A,life_expectancy,Health,objective,1,core,False,years,83.2,,,
SWE,Sweden,Life expectancy at birth,Y,2020,82.4,A,life_expectancy,Health,objective,1,core,False,years,82.4,,,
SWE,Sweden,Life expectancy at birth,Y,2021,83.1,A,life_expectancy,Health,objective,1,core,False,years,83.1,,,
SWE,Sweden,Life expectancy at birth,Y,2022,83.1,A,life_expectancy,Health,objective,1,core,False,years,83.1,,,
SWE,Sweden,Life expectancy at birth,Y,2023,83.4,A,life_expectancy,Health,objective,1,core,False,years,83.4,,,
THA,Thailand,Life expectancy at birth,Y,2010,75.0,A,life_expectancy,Health,objective,1,core,False,years,75.0,,,
THA,Thailand,Life expectancy at birth,Y,2011,75.3,A,life_expectancy,Health,objective,1,core,False,years,75.3,,,
THA,Thailand,Life expectancy at birth,Y,2012,75.6,A,life_expectancy,Health,objective,1,core,False,years,75.6,,,
THA,Thailand,Life expectancy at birth,Y,2013,76.0,A,life_expectancy,Health,objective,1,core,False,years,76.0,,,
THA,Thailand,Life expectancy at birth,Y,2014,76.3,A,life_expectancy,Health,objective,1,core,False,years,76.3,,,
THA,Thailand,Life expectancy at birth,Y,2015,76.6,A,life_expectancy,Health,objective,1,core,False,years,76.6,,,
THA,Thailand,Life expectancy at birth,Y,2016,76.8,A,life_expectancy,Health,objective,1,core,False,years,76.8,,,
THA,Thailand,Life expectancy at birth,Y,2017,77.0,A,life_expectancy,Health,objective,1,core,False,years,77.0,,,
THA,Thailand,Life expectancy at birth,Y,2018,77.2,A,life_expectancy,Health,objective,1,core,False,years,77.2,,,
THA,Thailand,Life expectancy at birth,Y,2019,77.2,A,life_expectancy,Health,objective,1,core,False,years,77.2,,,
THA,Thailand,Life expectancy at birth,Y,2020,77.3,A,life_expectancy,Health,objective,1,core,False,years,77.3,,,
THA,Thailand,Life expectancy at birth,Y,2021,77.6,A,life_expectancy,Health,objective,1,core,False,years,77.6,,,
THA,Thailand,Life expectancy at birth,Y,2022,75.3,A,life_expectancy,Health,objective,1,core,False,years,75.3,,,
THA,Thailand,Life expectancy at birth,Y,2023,76.4,A,life_expectancy,Health,objective,1,core,False,years,76.4,,,
TUR,Türkiye,Life expectancy at birth,Y,2010,74.3,A,life_expectancy,Health,objective,1,core,False,years,74.3,,,
TUR,Türkiye,Life expectancy at birth,Y,2011,74.6,A,life_expectancy,Health,objective,1,core,False,years,74.6,,,
TUR,Türkiye,Life expectancy at birth,Y,2012,74.6,A,life_expectancy,Health,objective,1,core,False,years,74.6,,,
TUR,Türkiye,Life expectancy at birth,Y,2013,78.0,B,life_expectancy,Health,objective,1,core,False,years,78.0,,,
TUR,Türkiye,Life expectancy at birth,Y,2014,78.0,A,life_expectancy,Health,objective,1,core,False,years,78.0,,,
TUR,Türkiye,Life expectancy at birth,Y,2015,78.0,A,life_expectancy,Health,objective,1,core,False,years,78.0,,,
TUR,Türkiye,Life expectancy at birth,Y,2016,78.0,A,life_expectancy,Health,objective,1,core,False,years,78.0,,,
TUR,Türkiye,Life expectancy at birth,Y,2017,78.3,A,life_expectancy,Health,objective,1,core,False,years,78.3,,,
TUR,Türkiye,Life expectancy at birth,Y,2018,78.6,A,life_expectancy,Health,objective,1,core,False,years,78.6,,,
TUR,Türkiye,Life expectancy at birth,Y,2019,78.3,A,life_expectancy,Health,objective,1,core,False,years,78.3,,,
TUR,Türkiye,Life expectancy at birth,Y,2020,77.7,A,life_expectancy,Health,objective,1,core,False,years,77.7,,,
TUR,Türkiye,Life expectancy at birth,Y,2021,77.5,A,life_expectancy,Health,objective,1,core,False,years,77.5,,,
TUR,Türkiye,Life expectancy at birth,Y,2022,77.3,A,life_expectancy,Health,objective,1,core,False,years,77.3,,,
USA,United States,Life expectancy at birth,Y,2010,78.7,A,life_expectancy,Health,objective,1,core,False,years,78.7,,,
USA,United States,Life expectancy at birth,Y,2011,78.7,A,life_expectancy,Health,objective,1,core,False,years,78.7,,,
USA,United States,Life expectancy at birth,Y,2012,78.8,A,life_expectancy,Health,objective,1,core,False,years,78.8,,,
USA,United States,Life expectancy at birth,Y,2013,78.8,A,life_expectancy,Health,objective,1,core,False,years,78.8,,,
USA,United States,Life expectancy at birth,Y,2014,78.9,A,life_expectancy,Health,objective,1,core,False,years,78.9,,,
USA,United States,Life expectancy at birth,Y,2015,78.7,A,life_expectancy,Health,objective,1,core,False,years,78.7,,,
USA,United States,Life expectancy at birth,Y,2016,78.7,A,life_expectancy,Health,objective,1,core,False,years,78.7,,,
USA,United States,Life expectancy at birth,Y,2017,78.6,A,life_expectancy,Health,objective,1,core,False,years,78.6,,,
USA,United States,Life expectancy at birth,Y,2018,78.7,A,life_expectancy,Health,objective,1,core,False,years,78.7,,,
USA,United States,Life expectancy at birth,Y,2019,78.8,A,life_expectancy,Health,objective,1,core,False,years,78.8,,,
USA,United States,Life expectancy at birth,Y,2020,77.0,A,life_expectancy,Health,objective,1,core,False,years,77.0,,,
USA,United States,Life expectancy at birth,Y,2021,76.4,A,life_expectancy,Health,objective,1,core,False,years,76.4,,,
USA,United States,Life expectancy at birth,Y,2022,77.5,A,life_expectancy,Health,objective,1,core,False,years,77.5,,,
USA,United States,Life expectancy at birth,Y,2023,78.4,A,life_expectancy,Health,objective,1,core,False,years,78.4,,,
ZAF,South Africa,Life expectancy at birth,Y,2010,58.9,A,life_expectancy,Health,objective,1,core,False,years,58.9,,,
ZAF,South Africa,Life expectancy at birth,Y,2011,60.6,A,life_expectancy,Health,objective,1,core,False,years,60.6,,,
ZAF,South Africa,Life expectancy at birth,Y,2012,61.7,A,life_expectancy,Health,objective,1,core,False,years,61.7,,,
ZAF,South Africa,Life expectancy at birth,Y,2013,62.4,A,life_expectancy,Health,objective,1,core,False,years,62.4,,,
ZAF,South Africa,Life expectancy at birth,Y,2014,63.2,A,life_expectancy,Health,objective,1,core,False,years,63.2,,,
ZAF,South Africa,Life expectancy at birth,Y,2015,64.1,A,life_expectancy,Health,objective,1,core,False,years,64.1,,,
ZAF,South Africa,Life expectancy at birth,Y,2016,64.7,A,life_expectancy,Health,objective,1,core,False,years,64.7,,,
ZAF,South Africa,Life expectancy at birth,Y,2017,65.4,A,life_expectancy,Health,objective,1,core,False,years,65.4,,,
ZAF,South Africa,Life expectancy at birth,Y,2018,65.7,A,life_expectancy,Health,objective,1,core,False,years,65.7,,,
ZAF,South Africa,Life expectancy at birth,Y,2019,66.1,A,life_expectancy,Health,objective,1,core,False,years,66.1,,,
ZAF,South Africa,Life expectancy at birth,Y,2020,65.2,A,life_expectancy,Health,objective,1,core,False,years,65.2,,,
ZAF,South Africa,Life expectancy at birth,Y,2021,62.0,A,life_expectancy,Health,objective,1,core,False,years,62.0,,,
ZAF,South Africa,Life expectancy at birth,Y,2022,65.5,A,life_expectancy,Health,objective,1,core,False,years,65.5,,,
ZAF,South Africa,Life expectancy at birth,Y,2023,66.1,A,life_expectancy,Health,objective,1,core,False,years,66.1,,,
AUT,Austria,Life satisfaction,0_TO_10,2013,7.8100056064,A,life_satisfaction,Subjective,lived,1,callout,False,score_0_10,7.8100056064,,,
AUT,Austria,Life satisfaction,0_TO_10,2018,8.0024162941,A,life_satisfaction,Subjective,lived,1,callout,False,score_0_10,8.0024162941,,,
AUT,Austria,Life satisfaction,0_TO_10,2021,7.9919458767,A,life_satisfaction,Subjective,lived,1,callout,False,score_0_10,7.9919458767,,,
AUT,Austria,Life satisfaction,0_TO_10,2022,7.8826444055,A,life_satisfaction,Subjective,lived,1,callout,False,score_0_10,7.8826444055,,,
AUT,Austria,Life satisfaction,0_TO_10,2023,7.696147497,A,life_satisfaction,Subjective,lived,1,callout,False,score_0_10,7.696147497,,,
AUT,Austria,Life satisfaction,0_TO_10,2024,7.6220193507,A,life_satisfaction,Subjective,lived,1,callout,False,score_0_10,7.6220193507,,,
AUT,Austria,Life satisfaction,0_TO_10,2025,7.7,A,life_satisfaction,Subjective,lived,1,callout,False,score_0_10,7.7,,,
BEL,Belgium,Life satisfaction,0_TO_10,2013,7.5289745505,A,life_satisfaction,Subjective,lived,1,callout,False,score_0_10,7.5289745505,,,
BEL,Belgium,Life satisfaction,0_TO_10,2018,7.5800243702,A,life_satisfaction,Subjective,lived,1,callout,False,score_0_10,7.5800243702,,,
BEL,Belgium,Life satisfaction,0_TO_10,2021,7.5479577814,A,life_satisfaction,Subjective,lived,1,callout,False,score_0_10,7.5479577814,,,
BEL,Belgium,Life satisfaction,0_TO_10,2022,7.5772294915,A,life_satisfaction,Subjective,lived,1,callout,False,score_0_10,7.5772294915,,,
BEL,Belgium,Life satisfaction,0_TO_10,2023,7.681908677,A,life_satisfaction,Subjective,lived,1,callout,False,score_0_10,7.681908677,,,
BEL,Belgium,Life satisfaction,0_TO_10,2024,7.5976112956,A,life_satisfaction,Subjective,lived,1,callout,False,score_0_10,7.5976112956,,,
BEL,Belgium,Life satisfaction,0_TO_10,2025,7.6,A,life_satisfaction,Subjective,lived,1,callout,False,score_0_10,7.6,,,
BGR,Bulgaria,Life satisfaction,0_TO_10,2013,4.7706767102,A,life_satisfaction,Subjective,lived,1,callout,False,score_0_10,4.7706767102,,,
BGR,Bulgaria,Life satisfaction,0_TO_10,2018,5.3559495373,A,life_satisfaction,Subjective,lived,1,callout,False,score_0_10,5.3559495373,,,
BGR,Bulgaria,Life satisfaction,0_TO_10,2021,5.6635483578,A,life_satisfaction,Subjective,lived,1,callout,False,score_0_10,5.6635483578,,,
BGR,Bulgaria,Life satisfaction,0_TO_10,2022,5.5609930211,A,life_satisfaction,Subjective,lived,1,callout,False,score_0_10,5.5609930211,,,
BGR,Bulgaria,Life satisfaction,0_TO_10,2023,5.8810288066,A,life_satisfaction,Subjective,lived,1,callout,False,score_0_10,5.8810288066,,,
BGR,Bulgaria,Life satisfaction,0_TO_10,2024,6.2387145375,A,life_satisfaction,Subjective,lived,1,callout,False,score_0_10,6.2387145375,,,
BGR,Bulgaria,Life satisfaction,0_TO_10,2025,6.3,A,life_satisfaction,Subjective,lived,1,callout,False,score_0_10,6.3,,,
CAN,Canada,Life satisfaction,0_TO_10,2010,8.0,A,life_satisfaction,Subjective,lived,1,callout,False,score_0_10,8.0,,,
CAN,Canada,Life satisfaction,0_TO_10,2011,8.0,A,life_satisfaction,Subjective,lived,1,callout,False,score_0_10,8.0,,,
CAN,Canada,Life satisfaction,0_TO_10,2012,8.0,A,life_satisfaction,Subjective,lived,1,callout,False,score_0_10,8.0,,,
CAN,Canada,Life satisfaction,0_TO_10,2013,8.0,A,life_satisfaction,Subjective,lived,1,callout,False,score_0_10,8.0,,,
CAN,Canada,Life satisfaction,0_TO_10,2014,8.0,A,life_satisfaction,Subjective,lived,1,callout,False,score_0_10,8.0,,,
CAN,Canada,Life satisfaction,0_TO_10,2015,8.1,B,life_satisfaction,Subjective,lived,1,callout,False,score_0_10,8.1,,,
CAN,Canada,Life satisfaction,0_TO_10,2016,8.1,A,life_satisfaction,Subjective,lived,1,callout,False,score_0_10,8.1,,,
CAN,Canada,Life satisfaction,0_TO_10,2017,8.1,A,life_satisfaction,Subjective,lived,1,callout,False,score_0_10,8.1,,,
CAN,Canada,Life satisfaction,0_TO_10,2018,8.1,A,life_satisfaction,Subjective,lived,1,callout,False,score_0_10,8.1,,,
CAN,Canada,Life satisfaction,0_TO_10,2019,8.1,A,life_satisfaction,Subjective,lived,1,callout,False,score_0_10,8.1,,,
CAN,Canada,Life satisfaction,0_TO_10,2020,8.0,A,life_satisfaction,Subjective,lived,1,callout,False,score_0_10,8.0,,,
CAN,Canada,Life satisfaction,0_TO_10,2021,7.9,A,life_satisfaction,Subjective,lived,1,callout,False,score_0_10,7.9,,,
CAN,Canada,Life satisfaction,0_TO_10,2022,7.5,A,life_satisfaction,Subjective,lived,1,callout,False,score_0_10,7.5,,,
CAN,Canada,Life satisfaction,0_TO_10,2023,7.4,B,life_satisfaction,Subjective,lived,1,callout,False,score_0_10,7.4,,,
CHE,Switzerland,Life satisfaction,0_TO_10,2013,8.047416135,A,life_satisfaction,Subjective,lived,1,callout,False,score_0_10,8.047416135,,,
CHE,Switzerland,Life satisfaction,0_TO_10,2018,7.963366268,A,life_satisfaction,Subjective,lived,1,callout,False,score_0_10,7.963366268,,,
CHE,Switzerland,Life satisfaction,0_TO_10,2021,7.894695279,A,life_satisfaction,Subjective,lived,1,callout,False,score_0_10,7.894695279,,,
CHE,Switzerland,Life satisfaction,0_TO_10,2022,7.9759560666,A,life_satisfaction,Subjective,lived,1,callout,False,score_0_10,7.9759560666,,,
CHE,Switzerland,Life satisfaction,0_TO_10,2023,7.8221484851,A,life_satisfaction,Subjective,lived,1,callout,False,score_0_10,7.8221484851,,,
CHE,Switzerland,Life satisfaction,0_TO_10,2024,7.7,A,life_satisfaction,Subjective,lived,1,callout,False,score_0_10,7.7,,,
COL,Colombia,Life satisfaction,0_TO_10,2018,8.2624974606,A,life_satisfaction,Subjective,lived,1,callout,False,score_0_10,8.2624974606,,,
COL,Colombia,Life satisfaction,0_TO_10,2019,8.1553547477,A,life_satisfaction,Subjective,lived,1,callout,False,score_0_10,8.1553547477,,,
COL,Colombia,Life satisfaction,0_TO_10,2020,7.9961009,A,life_satisfaction,Subjective,lived,1,callout,False,score_0_10,7.9961009,,,
COL,Colombia,Life satisfaction,0_TO_10,2021,8.0079579,A,life_satisfaction,Subjective,lived,1,callout,False,score_0_10,8.0079579,,,
COL,Colombia,Life satisfaction,0_TO_10,2022,7.92084445,A,life_satisfaction,Subjective,lived,1,callout,False,score_0_10,7.92084445,,,
CZE,Czechia,Life satisfaction,0_TO_10,2013,6.8799199806,A,life_satisfaction,Subjective,lived,1,callout,False,score_0_10,6.8799199806,,,
CZE,Czechia,Life satisfaction,0_TO_10,2018,7.3519776594,A,life_satisfaction,Subjective,lived,1,callout,False,score_0_10,7.3519776594,,,
CZE,Czechia,Life satisfaction,0_TO_10,2021,7.2652421866,A,life_satisfaction,Subjective,lived,1,callout,False,score_0_10,7.2652421866,,,
CZE,Czechia,Life satisfaction,0_TO_10,2022,7.3848566569,A,life_satisfaction,Subjective,lived,1,callout,False,score_0_10,7.3848566569,,,
CZE,Czechia,Life satisfaction,0_TO_10,2023,7.3781102847,A,life_satisfaction,Subjective,lived,1,callout,False,score_0_10,7.3781102847,,,
CZE,Czechia,Life satisfaction,0_TO_10,2024,7.3876211977,A,life_satisfaction,Subjective,lived,1,callout,False,score_0_10,7.3876211977,,,
CZE,Czechia,Life satisfaction,0_TO_10,2025,7.4,A,life_satisfaction,Subjective,lived,1,callout,False,score_0_10,7.4,,,
DEU,Germany,Life satisfaction,0_TO_10,2013,7.2543085296,A,life_satisfaction,Subjective,lived,1,callout,False,score_0_10,7.2543085296,,,
DEU,Germany,Life satisfaction,0_TO_10,2018,7.3581298635,A,life_satisfaction,Subjective,lived,1,callout,False,score_0_10,7.3581298635,,,
DEU,Germany,Life satisfaction,0_TO_10,2021,7.1525208525,B,life_satisfaction,Subjective,lived,1,callout,False,score_0_10,7.1525208525,,,
DEU,Germany,Life satisfaction,0_TO_10,2023,6.9830359924,A,life_satisfaction,Subjective,lived,1,callout,False,score_0_10,6.9830359924,,,
DEU,Germany,Life satisfaction,0_TO_10,2024,6.9830583137,A,life_satisfaction,Subjective,lived,1,callout,False,score_0_10,6.9830583137,,,
DEU,Germany,Life satisfaction,0_TO_10,2025,7.0,A,life_satisfaction,Subjective,lived,1,callout,False,score_0_10,7.0,,,
DNK,Denmark,Life satisfaction,0_TO_10,2013,8.0107682102,A,life_satisfaction,Subjective,lived,1,callout,False,score_0_10,8.0107682102,,,
DNK,Denmark,Life satisfaction,0_TO_10,2018,7.7611020393,A,life_satisfaction,Subjective,lived,1,callout,False,score_0_10,7.7611020393,,,
DNK,Denmark,Life satisfaction,0_TO_10,2021,7.4624077931,A,life_satisfaction,Subjective,lived,1,callout,False,score_0_10,7.4624077931,,,
DNK,Denmark,Life satisfaction,0_TO_10,2022,7.627750116,A,life_satisfaction,Subjective,lived,1,callout,False,score_0_10,7.627750116,,,
DNK,Denmark,Life satisfaction,0_TO_10,2023,7.5001238652,A,life_satisfaction,Subjective,lived,1,callout,False,score_0_10,7.5001238652,,,
DNK,Denmark,Life satisfaction,0_TO_10,2024,7.5845289062,A,life_satisfaction,Subjective,lived,1,callout,False,score_0_10,7.5845289062,,,
DNK,Denmark,Life satisfaction,0_TO_10,2025,7.7,A,life_satisfaction,Subjective,lived,1,callout,False,score_0_10,7.7,,,
ESP,Spain,Life satisfaction,0_TO_10,2013,6.8805823872,A,life_satisfaction,Subjective,lived,1,callout,False,score_0_10,6.8805823872,,,
ESP,Spain,Life satisfaction,0_TO_10,2018,7.3293713044,A,life_satisfaction,Subjective,lived,1,callout,False,score_0_10,7.3293713044,,,
ESP,Spain,Life satisfaction,0_TO_10,2021,7.1921043699,A,life_satisfaction,Subjective,lived,1,callout,False,score_0_10,7.1921043699,,,
ESP,Spain,Life satisfaction,0_TO_10,2022,7.1268416488,A,life_satisfaction,Subjective,lived,1,callout,False,score_0_10,7.1268416488,,,
ESP,Spain,Life satisfaction,0_TO_10,2023,7.2269001128,A,life_satisfaction,Subjective,lived,1,callout,False,score_0_10,7.2269001128,,,
ESP,Spain,Life satisfaction,0_TO_10,2024,7.1825148781,A,life_satisfaction,Subjective,lived,1,callout,False,score_0_10,7.1825148781,,,
ESP,Spain,Life satisfaction,0_TO_10,2025,7.2,A,life_satisfaction,Subjective,lived,1,callout,False,score_0_10,7.2,,,
EST,Estonia,Life satisfaction,0_TO_10,2013,6.4551335228,A,life_satisfaction,Subjective,lived,1,callout,False,score_0_10,6.4551335228,,,
EST,Estonia,Life satisfaction,0_TO_10,2018,7.0057674818,A,life_satisfaction,Subjective,lived,1,callout,False,score_0_10,7.0057674818,,,
EST,Estonia,Life satisfaction,0_TO_10,2021,7.2091264348,A,life_satisfaction,Subjective,lived,1,callout,False,score_0_10,7.2091264348,,,
EST,Estonia,Life satisfaction,0_TO_10,2022,7.1565139309,A,life_satisfaction,Subjective,lived,1,callout,False,score_0_10,7.1565139309,,,
EST,Estonia,Life satisfaction,0_TO_10,2023,7.1705450094,A,life_satisfaction,Subjective,lived,1,callout,False,score_0_10,7.1705450094,,,
EST,Estonia,Life satisfaction,0_TO_10,2024,7.0657616849,A,life_satisfaction,Subjective,lived,1,callout,False,score_0_10,7.0657616849,,,
EST,Estonia,Life satisfaction,0_TO_10,2025,7.3,A,life_satisfaction,Subjective,lived,1,callout,False,score_0_10,7.3,,,
FIN,Finland,Life satisfaction,0_TO_10,2013,8.0458559898,A,life_satisfaction,Subjective,lived,1,callout,False,score_0_10,8.0458559898,,,
FIN,Finland,Life satisfaction,0_TO_10,2018,8.1068445452,A,life_satisfaction,Subjective,lived,1,callout,False,score_0_10,8.1068445452,,,
FIN,Finland,Life satisfaction,0_TO_10,2021,8.0447047955,A,life_satisfaction,Subjective,lived,1,callout,False,score_0_10,8.0447047955,,,
FIN,Finland,Life satisfaction,0_TO_10,2022,7.8719903962,A,life_satisfaction,Subjective,lived,1,callout,False,score_0_10,7.8719903962,,,
FIN,Finland,Life satisfaction,0_TO_10,2023,7.7212423365,A,life_satisfaction,Subjective,lived,1,callout,False,score_0_10,7.7212423365,,,
FIN,Finland,Life satisfaction,0_TO_10,2024,7.8203191245,A,life_satisfaction,Subjective,lived,1,callout,False,score_0_10,7.8203191245,,,
FIN,Finland,Life satisfaction,0_TO_10,2025,7.8,A,life_satisfaction,Subjective,lived,1,callout,False,score_0_10,7.8,,,
FRA,France,Life satisfaction,0_TO_10,2013,7.0531889489,A,life_satisfaction,Subjective,lived,1,callout,False,score_0_10,7.0531889489,,,
FRA,France,Life satisfaction,0_TO_10,2018,7.2543883858,A,life_satisfaction,Subjective,lived,1,callout,False,score_0_10,7.2543883858,,,
FRA,France,Life satisfaction,0_TO_10,2021,6.7923429215,A,life_satisfaction,Subjective,lived,1,callout,False,score_0_10,6.7923429215,,,
FRA,France,Life satisfaction,0_TO_10,2022,6.9669646335,A,life_satisfaction,Subjective,lived,1,callout,False,score_0_10,6.9669646335,,,
FRA,France,Life satisfaction,0_TO_10,2023,7.1474378325,A,life_satisfaction,Subjective,lived,1,callout,False,score_0_10,7.1474378325,,,
FRA,France,Life satisfaction,0_TO_10,2024,7.138569648,A,life_satisfaction,Subjective,lived,1,callout,False,score_0_10,7.138569648,,,
FRA,France,Life satisfaction,0_TO_10,2025,7.1,E,life_satisfaction,Subjective,lived,1,callout,False,score_0_10,7.1,,,
GBR,United Kingdom,Life satisfaction,0_TO_10,2011,7.42,A,life_satisfaction,Subjective,lived,1,callout,False,score_0_10,7.42,,,
GBR,United Kingdom,Life satisfaction,0_TO_10,2012,7.46,A,life_satisfaction,Subjective,lived,1,callout,False,score_0_10,7.46,,,
GBR,United Kingdom,Life satisfaction,0_TO_10,2013,7.51,A,life_satisfaction,Subjective,lived,1,callout,False,score_0_10,7.51,,,
GBR,United Kingdom,Life satisfaction,0_TO_10,2014,7.61,A,life_satisfaction,Subjective,lived,1,callout,False,score_0_10,7.61,,,
GBR,United Kingdom,Life satisfaction,0_TO_10,2015,7.65,A,life_satisfaction,Subjective,lived,1,callout,False,score_0_10,7.65,,,
GBR,United Kingdom,Life satisfaction,0_TO_10,2016,7.68,A,life_satisfaction,Subjective,lived,1,callout,False,score_0_10,7.68,,,
GBR,United Kingdom,Life satisfaction,0_TO_10,2017,7.69,A,life_satisfaction,Subjective,lived,1,callout,False,score_0_10,7.69,,,
GBR,United Kingdom,Life satisfaction,0_TO_10,2018,7.71,A,life_satisfaction,Subjective,lived,1,callout,False,score_0_10,7.71,,,
GBR,United Kingdom,Life satisfaction,0_TO_10,2019,7.66,A,life_satisfaction,Subjective,lived,1,callout,False,score_0_10,7.66,,,
GBR,United Kingdom,Life satisfaction,0_TO_10,2020,7.39,A,life_satisfaction,Subjective,lived,1,callout,False,score_0_10,7.39,,,
GBR,United Kingdom,Life satisfaction,0_TO_10,2021,7.54,A,life_satisfaction,Subjective,lived,1,callout,False,score_0_10,7.54,,,
GBR,United Kingdom,Life satisfaction,0_TO_10,2022,7.45,A,life_satisfaction,Subjective,lived,1,callout,False,score_0_10,7.45,,,
GRC,Greece,Life satisfaction,0_TO_10,2013,6.1600323929,A,life_satisfaction,Subjective,lived,1,callout,False,score_0_10,6.1600323929,,,
GRC,Greece,Life satisfaction,0_TO_10,2018,6.4376863334,A,life_satisfaction,Subjective,lived,1,callout,False,score_0_10,6.4376863334,,,
GRC,Greece,Life satisfaction,0_TO_10,2021,6.7659425326,A,life_satisfaction,Subjective,lived,1,callout,False,score_0_10,6.7659425326,,,
GRC,Greece,Life satisfaction,0_TO_10,2022,6.7307896823,A,life_satisfaction,Subjective,lived,1,callout,False,score_0_10,6.7307896823,,,
GRC,Greece,Life satisfaction,0_TO_10,2023,6.8624746368,A,life_satisfaction,Subjective,lived,1,callout,False,score_0_10,6.8624746368,,,
GRC,Greece,Life satisfaction,0_TO_10,2024,6.7376669607,A,life_satisfaction,Subjective,lived,1,callout,False,score_0_10,6.7376669607,,,
GRC,Greece,Life satisfaction,0_TO_10,2025,6.9,A,life_satisfaction,Subjective,lived,1,callout,False,score_0_10,6.9,,,
HRV,Croatia,Life satisfaction,0_TO_10,2013,6.3404621507,A,life_satisfaction,Subjective,lived,1,callout,False,score_0_10,6.3404621507,,,
HRV,Croatia,Life satisfaction,0_TO_10,2018,6.3394277925,A,life_satisfaction,Subjective,lived,1,callout,False,score_0_10,6.3394277925,,,
HRV,Croatia,Life satisfaction,0_TO_10,2021,6.8190810972,A,life_satisfaction,Subjective,lived,1,callout,False,score_0_10,6.8190810972,,,
HRV,Croatia,Life satisfaction,0_TO_10,2022,6.8477479647,A,life_satisfaction,Subjective,lived,1,callout,False,score_0_10,6.8477479647,,,
HRV,Croatia,Life satisfaction,0_TO_10,2023,7.0766311138,A,life_satisfaction,Subjective,lived,1,callout,False,score_0_10,7.0766311138,,,
HRV,Croatia,Life satisfaction,0_TO_10,2024,7.187791894,A,life_satisfaction,Subjective,lived,1,callout,False,score_0_10,7.187791894,,,
HRV,Croatia,Life satisfaction,0_TO_10,2025,7.4,A,life_satisfaction,Subjective,lived,1,callout,False,score_0_10,7.4,,,
HUN,Hungary,Life satisfaction,0_TO_10,2013,6.1127915586,A,life_satisfaction,Subjective,lived,1,callout,False,score_0_10,6.1127915586,,,
HUN,Hungary,Life satisfaction,0_TO_10,2018,6.5062717839,A,life_satisfaction,Subjective,lived,1,callout,False,score_0_10,6.5062717839,,,
HUN,Hungary,Life satisfaction,0_TO_10,2021,6.5474589692,A,life_satisfaction,Subjective,lived,1,callout,False,score_0_10,6.5474589692,,,
HUN,Hungary,Life satisfaction,0_TO_10,2022,6.8524802497,A,life_satisfaction,Subjective,lived,1,callout,False,score_0_10,6.8524802497,,,
HUN,Hungary,Life satisfaction,0_TO_10,2023,7.2,E,life_satisfaction,Subjective,lived,1,callout,False,score_0_10,7.2,,,
HUN,Hungary,Life satisfaction,0_TO_10,2024,7.1,E,life_satisfaction,Subjective,lived,1,callout,False,score_0_10,7.1,,,
HUN,Hungary,Life satisfaction,0_TO_10,2025,7.1,E,life_satisfaction,Subjective,lived,1,callout,False,score_0_10,7.1,,,
IRL,Ireland,Life satisfaction,0_TO_10,2013,7.4395113484,A,life_satisfaction,Subjective,lived,1,callout,False,score_0_10,7.4395113484,,,
IRL,Ireland,Life satisfaction,0_TO_10,2018,8.0681087113,A,life_satisfaction,Subjective,lived,1,callout,False,score_0_10,8.0681087113,,,
IRL,Ireland,Life satisfaction,0_TO_10,2021,7.2502842847,A,life_satisfaction,Subjective,lived,1,callout,False,score_0_10,7.2502842847,,,
IRL,Ireland,Life satisfaction,0_TO_10,2022,7.4475959273,A,life_satisfaction,Subjective,lived,1,callout,False,score_0_10,7.4475959273,,,
IRL,Ireland,Life satisfaction,0_TO_10,2023,7.5939619106,A,life_satisfaction,Subjective,lived,1,callout,False,score_0_10,7.5939619106,,,
IRL,Ireland,Life satisfaction,0_TO_10,2024,7.5169320033,A,life_satisfaction,Subjective,lived,1,callout,False,score_0_10,7.5169320033,,,
IRL,Ireland,Life satisfaction,0_TO_10,2025,7.6,A,life_satisfaction,Subjective,lived,1,callout,False,score_0_10,7.6,,,
ISL,Iceland,Life satisfaction,0_TO_10,2013,7.9489247249,A,life_satisfaction,Subjective,lived,1,callout,False,score_0_10,7.9489247249,,,
ISL,Iceland,Life satisfaction,0_TO_10,2018,8.1335416331,A,life_satisfaction,Subjective,lived,1,callout,False,score_0_10,8.1335416331,,,
ITA,Italy,Life satisfaction,0_TO_10,2013,6.5883967089,A,life_satisfaction,Subjective,lived,1,callout,False,score_0_10,6.5883967089,,,
ITA,Italy,Life satisfaction,0_TO_10,2018,7.0245963012,A,life_satisfaction,Subjective,lived,1,callout,False,score_0_10,7.0245963012,,,
ITA,Italy,Life satisfaction,0_TO_10,2021,7.1742196143,A,life_satisfaction,Subjective,lived,1,callout,False,score_0_10,7.1742196143,,,
ITA,Italy,Life satisfaction,0_TO_10,2022,7.173981706,A,life_satisfaction,Subjective,lived,1,callout,False,score_0_10,7.173981706,,,
ITA,Italy,Life satisfaction,0_TO_10,2023,7.2266878923,A,life_satisfaction,Subjective,lived,1,callout,False,score_0_10,7.2266878923,,,
ITA,Italy,Life satisfaction,0_TO_10,2024,7.2126833549,A,life_satisfaction,Subjective,lived,1,callout,False,score_0_10,7.2126833549,,,
ITA,Italy,Life satisfaction,0_TO_10,2025,7.1,A,life_satisfaction,Subjective,lived,1,callout,False,score_0_10,7.1,,,
JPN,Japan,Life satisfaction,0_TO_10,2019,5.78,A,life_satisfaction,Subjective,lived,1,callout,False,score_0_10,5.78,,,
JPN,Japan,Life satisfaction,0_TO_10,2020,5.83,A,life_satisfaction,Subjective,lived,1,callout,False,score_0_10,5.83,,,
JPN,Japan,Life satisfaction,0_TO_10,2021,5.74,A,life_satisfaction,Subjective,lived,1,callout,False,score_0_10,5.74,,,
JPN,Japan,Life satisfaction,0_TO_10,2022,5.76,A,life_satisfaction,Subjective,lived,1,callout,False,score_0_10,5.76,,,
JPN,Japan,Life satisfaction,0_TO_10,2023,5.79,A,life_satisfaction,Subjective,lived,1,callout,False,score_0_10,5.79,,,
JPN,Japan,Life satisfaction,0_TO_10,2024,5.89,A,life_satisfaction,Subjective,lived,1,callout,False,score_0_10,5.89,,,
KOR,Korea,Life satisfaction,0_TO_10,2013,5.7,D,life_satisfaction,Subjective,lived,1,callout,False,score_0_10,5.7,,,
KOR,Korea,Life satisfaction,0_TO_10,2014,5.7,D,life_satisfaction,Subjective,lived,1,callout,False,score_0_10,5.7,,,
KOR,Korea,Life satisfaction,0_TO_10,2015,5.8,D,life_satisfaction,Subjective,lived,1,callout,False,score_0_10,5.8,,,
KOR,Korea,Life satisfaction,0_TO_10,2016,5.9,D,life_satisfaction,Subjective,lived,1,callout,False,score_0_10,5.9,,,
KOR,Korea,Life satisfaction,0_TO_10,2017,6.0,D,life_satisfaction,Subjective,lived,1,callout,False,score_0_10,6.0,,,
KOR,Korea,Life satisfaction,0_TO_10,2018,6.1,D,life_satisfaction,Subjective,lived,1,callout,False,score_0_10,6.1,,,
KOR,Korea,Life satisfaction,0_TO_10,2019,6.0,D,life_satisfaction,Subjective,lived,1,callout,False,score_0_10,6.0,,,
KOR,Korea,Life satisfaction,0_TO_10,2020,6.0,A,life_satisfaction,Subjective,lived,1,callout,False,score_0_10,6.0,,,
KOR,Korea,Life satisfaction,0_TO_10,2021,6.3,A,life_satisfaction,Subjective,lived,1,callout,False,score_0_10,6.3,,,
KOR,Korea,Life satisfaction,0_TO_10,2022,6.5,A,life_satisfaction,Subjective,lived,1,callout,False,score_0_10,6.5,,,
LTU,Lithuania,Life satisfaction,0_TO_10,2013,6.729421373,A,life_satisfaction,Subjective,lived,1,callout,False,score_0_10,6.729421373,,,
LTU,Lithuania,Life satisfaction,0_TO_10,2018,6.3824132637,A,life_satisfaction,Subjective,lived,1,callout,False,score_0_10,6.3824132637,,,
LTU,Lithuania,Life satisfaction,0_TO_10,2021,6.9769955556,A,life_satisfaction,Subjective,lived,1,callout,False,score_0_10,6.9769955556,,,
LTU,Lithuania,Life satisfaction,0_TO_10,2022,7.0921493349,A,life_satisfaction,Subjective,lived,1,callout,False,score_0_10,7.0921493349,,,
LTU,Lithuania,Life satisfaction,0_TO_10,2023,7.188347258,A,life_satisfaction,Subjective,lived,1,callout,False,score_0_10,7.188347258,,,
LTU,Lithuania,Life satisfaction,0_TO_10,2024,7.1989364014,A,life_satisfaction,Subjective,lived,1,callout,False,score_0_10,7.1989364014,,,
LTU,Lithuania,Life satisfaction,0_TO_10,2025,7.3,A,life_satisfaction,Subjective,lived,1,callout,False,score_0_10,7.3,,,
LUX,Luxembourg,Life satisfaction,0_TO_10,2013,7.4342386137,A,life_satisfaction,Subjective,lived,1,callout,False,score_0_10,7.4342386137,,,
LUX,Luxembourg,Life satisfaction,0_TO_10,2018,7.5563322403,A,life_satisfaction,Subjective,lived,1,callout,False,score_0_10,7.5563322403,,,
LUX,Luxembourg,Life satisfaction,0_TO_10,2021,7.4221141231,A,life_satisfaction,Subjective,lived,1,callout,False,score_0_10,7.4221141231,,,
LUX,Luxembourg,Life satisfaction,0_TO_10,2022,7.2097825661,A,life_satisfaction,Subjective,lived,1,callout,False,score_0_10,7.2097825661,,,
LUX,Luxembourg,Life satisfaction,0_TO_10,2023,7.2504849558,A,life_satisfaction,Subjective,lived,1,callout,False,score_0_10,7.2504849558,,,
LUX,Luxembourg,Life satisfaction,0_TO_10,2024,7.2028519607,A,life_satisfaction,Subjective,lived,1,callout,False,score_0_10,7.2028519607,,,
LUX,Luxembourg,Life satisfaction,0_TO_10,2025,7.4,B,life_satisfaction,Subjective,lived,1,callout,False,score_0_10,7.4,,,
LVA,Latvia,Life satisfaction,0_TO_10,2013,6.4682794765,A,life_satisfaction,Subjective,lived,1,callout,False,score_0_10,6.4682794765,,,
LVA,Latvia,Life satisfaction,0_TO_10,2018,6.7377044739,A,life_satisfaction,Subjective,lived,1,callout,False,score_0_10,6.7377044739,,,
LVA,Latvia,Life satisfaction,0_TO_10,2021,6.7447419244,A,life_satisfaction,Subjective,lived,1,callout,False,score_0_10,6.7447419244,,,
LVA,Latvia,Life satisfaction,0_TO_10,2022,6.8309621773,A,life_satisfaction,Subjective,lived,1,callout,False,score_0_10,6.8309621773,,,
LVA,Latvia,Life satisfaction,0_TO_10,2023,6.8686552316,A,life_satisfaction,Subjective,lived,1,callout,False,score_0_10,6.8686552316,,,
LVA,Latvia,Life satisfaction,0_TO_10,2024,6.932122434,A,life_satisfaction,Subjective,lived,1,callout,False,score_0_10,6.932122434,,,
LVA,Latvia,Life satisfaction,0_TO_10,2025,6.9,A,life_satisfaction,Subjective,lived,1,callout,False,score_0_10,6.9,,,
MEX,Mexico,Life satisfaction,0_TO_10,2021,8.4487109972,A,life_satisfaction,Subjective,lived,1,callout,False,score_0_10,8.4487109972,,,
NLD,Netherlands,Life satisfaction,0_TO_10,2013,7.8022760577,A,life_satisfaction,Subjective,lived,1,callout,False,score_0_10,7.8022760577,,,
NLD,Netherlands,Life satisfaction,0_TO_10,2018,7.6955204698,A,life_satisfaction,Subjective,lived,1,callout,False,score_0_10,7.6955204698,,,
NLD,Netherlands,Life satisfaction,0_TO_10,2021,7.7317250614,A,life_satisfaction,Subjective,lived,1,callout,False,score_0_10,7.7317250614,,,
NLD,Netherlands,Life satisfaction,0_TO_10,2022,7.664159679,A,life_satisfaction,Subjective,lived,1,callout,False,score_0_10,7.664159679,,,
NLD,Netherlands,Life satisfaction,0_TO_10,2023,7.5973402106,A,life_satisfaction,Subjective,lived,1,callout,False,score_0_10,7.5973402106,,,
NLD,Netherlands,Life satisfaction,0_TO_10,2024,7.6183944362,A,life_satisfaction,Subjective,lived,1,callout,False,score_0_10,7.6183944362,,,
NLD,Netherlands,Life satisfaction,0_TO_10,2025,7.6,A,life_satisfaction,Subjective,lived,1,callout,False,score_0_10,7.6,,,
NOR,Norway,Life satisfaction,0_TO_10,2013,7.8856053859,A,life_satisfaction,Subjective,lived,1,callout,False,score_0_10,7.8856053859,,,
NOR,Norway,Life satisfaction,0_TO_10,2018,7.9803644317,A,life_satisfaction,Subjective,lived,1,callout,False,score_0_10,7.9803644317,,,
NOR,Norway,Life satisfaction,0_TO_10,2021,7.5,A,life_satisfaction,Subjective,lived,1,callout,False,score_0_10,7.5,,,
NOR,Norway,Life satisfaction,0_TO_10,2022,7.7152424816,A,life_satisfaction,Subjective,lived,1,callout,False,score_0_10,7.7152424816,,,
NOR,Norway,Life satisfaction,0_TO_10,2023,7.6345566536,A,life_satisfaction,Subjective,lived,1,callout,False,score_0_10,7.6345566536,,,
NOR,Norway,Life satisfaction,0_TO_10,2024,7.5915805518,A,life_satisfaction,Subjective,lived,1,callout,False,score_0_10,7.5915805518,,,
NOR,Norway,Life satisfaction,0_TO_10,2025,7.7,A,life_satisfaction,Subjective,lived,1,callout,False,score_0_10,7.7,,,
NZL,New Zealand,Life satisfaction,0_TO_10,2014,7.8,A,life_satisfaction,Subjective,lived,1,callout,False,score_0_10,7.8,,,
NZL,New Zealand,Life satisfaction,0_TO_10,2016,7.8,A,life_satisfaction,Subjective,lived,1,callout,False,score_0_10,7.8,,,
NZL,New Zealand,Life satisfaction,0_TO_10,2018,7.7,A,life_satisfaction,Subjective,lived,1,callout,False,score_0_10,7.7,,,
NZL,New Zealand,Life satisfaction,0_TO_10,2021,7.7,A,life_satisfaction,Subjective,lived,1,callout,False,score_0_10,7.7,,,
NZL,New Zealand,Life satisfaction,0_TO_10,2023,7.6,A,life_satisfaction,Subjective,lived,1,callout,False,score_0_10,7.6,,,
POL,Poland,Life satisfaction,0_TO_10,2013,7.3153997162,A,life_satisfaction,Subjective,lived,1,callout,False,score_0_10,7.3153997162,,,
POL,Poland,Life satisfaction,0_TO_10,2018,7.7310183875,A,life_satisfaction,Subjective,lived,1,callout,False,score_0_10,7.7310183875,,,
POL,Poland,Life satisfaction,0_TO_10,2021,7.5421897616,A,life_satisfaction,Subjective,lived,1,callout,False,score_0_10,7.5421897616,,,
POL,Poland,Life satisfaction,0_TO_10,2022,7.6642820518,A,life_satisfaction,Subjective,lived,1,callout,False,score_0_10,7.6642820518,,,
POL,Poland,Life satisfaction,0_TO_10,2023,7.6173374355,A,life_satisfaction,Subjective,lived,1,callout,False,score_0_10,7.6173374355,,,
POL,Poland,Life satisfaction,0_TO_10,2024,7.6150752664,A,life_satisfaction,Subjective,lived,1,callout,False,score_0_10,7.6150752664,,,
POL,Poland,Life satisfaction,0_TO_10,2025,7.7,E,life_satisfaction,Subjective,lived,1,callout,False,score_0_10,7.7,,,
PRT,Portugal,Life satisfaction,0_TO_10,2013,6.1537453485,A,life_satisfaction,Subjective,lived,1,callout,False,score_0_10,6.1537453485,,,
PRT,Portugal,Life satisfaction,0_TO_10,2018,6.6892248894,A,life_satisfaction,Subjective,lived,1,callout,False,score_0_10,6.6892248894,,,
PRT,Portugal,Life satisfaction,0_TO_10,2021,6.9802413011,A,life_satisfaction,Subjective,lived,1,callout,False,score_0_10,6.9802413011,,,
PRT,Portugal,Life satisfaction,0_TO_10,2022,6.9661353879,A,life_satisfaction,Subjective,lived,1,callout,False,score_0_10,6.9661353879,,,
PRT,Portugal,Life satisfaction,0_TO_10,2023,7.0631781497,A,life_satisfaction,Subjective,lived,1,callout,False,score_0_10,7.0631781497,,,
PRT,Portugal,Life satisfaction,0_TO_10,2024,7.2557314635,A,life_satisfaction,Subjective,lived,1,callout,False,score_0_10,7.2557314635,,,
PRT,Portugal,Life satisfaction,0_TO_10,2025,7.3,E,life_satisfaction,Subjective,lived,1,callout,False,score_0_10,7.3,,,
ROU,Romania,Life satisfaction,0_TO_10,2013,7.133232048,A,life_satisfaction,Subjective,lived,1,callout,False,score_0_10,7.133232048,,,
ROU,Romania,Life satisfaction,0_TO_10,2018,7.3465985946,A,life_satisfaction,Subjective,lived,1,callout,False,score_0_10,7.3465985946,,,
ROU,Romania,Life satisfaction,0_TO_10,2021,7.6936007857,A,life_satisfaction,Subjective,lived,1,callout,False,score_0_10,7.6936007857,,,
ROU,Romania,Life satisfaction,0_TO_10,2022,7.6600869926,A,life_satisfaction,Subjective,lived,1,callout,False,score_0_10,7.6600869926,,,
ROU,Romania,Life satisfaction,0_TO_10,2023,7.7346323615,A,life_satisfaction,Subjective,lived,1,callout,False,score_0_10,7.7346323615,,,
ROU,Romania,Life satisfaction,0_TO_10,2024,7.7269573848,A,life_satisfaction,Subjective,lived,1,callout,False,score_0_10,7.7269573848,,,
ROU,Romania,Life satisfaction,0_TO_10,2025,7.8,A,life_satisfaction,Subjective,lived,1,callout,False,score_0_10,7.8,,,
SVK,Slovak Republic,Life satisfaction,0_TO_10,2013,6.9514383993,A,life_satisfaction,Subjective,lived,1,callout,False,score_0_10,6.9514383993,,,
SVK,Slovak Republic,Life satisfaction,0_TO_10,2018,7.0670017874,A,life_satisfaction,Subjective,lived,1,callout,False,score_0_10,7.0670017874,,,
SVK,Slovak Republic,Life satisfaction,0_TO_10,2021,7.127231716,A,life_satisfaction,Subjective,lived,1,callout,False,score_0_10,7.127231716,,,
SVK,Slovak Republic,Life satisfaction,0_TO_10,2022,7.0444166963,A,life_satisfaction,Subjective,lived,1,callout,False,score_0_10,7.0444166963,,,
SVK,Slovak Republic,Life satisfaction,0_TO_10,2023,7.2861273274,A,life_satisfaction,Subjective,lived,1,callout,False,score_0_10,7.2861273274,,,
SVK,Slovak Republic,Life satisfaction,0_TO_10,2024,7.2987172383,A,life_satisfaction,Subjective,lived,1,callout,False,score_0_10,7.2987172383,,,
SVK,Slovak Republic,Life satisfaction,0_TO_10,2025,7.4,A,life_satisfaction,Subjective,lived,1,callout,False,score_0_10,7.4,,,
SVN,Slovenia,Life satisfaction,0_TO_10,2013,6.9515327869,A,life_satisfaction,Subjective,lived,1,callout,False,score_0_10,6.9515327869,,,
SVN,Slovenia,Life satisfaction,0_TO_10,2018,7.248027727,A,life_satisfaction,Subjective,lived,1,callout,False,score_0_10,7.248027727,,,
SVN,Slovenia,Life satisfaction,0_TO_10,2021,7.6296672546,A,life_satisfaction,Subjective,lived,1,callout,False,score_0_10,7.6296672546,,,
SVN,Slovenia,Life satisfaction,0_TO_10,2022,7.5836058625,A,life_satisfaction,Subjective,lived,1,callout,False,score_0_10,7.5836058625,,,
SVN,Slovenia,Life satisfaction,0_TO_10,2023,7.7353877821,A,life_satisfaction,Subjective,lived,1,callout,False,score_0_10,7.7353877821,,,
SVN,Slovenia,Life satisfaction,0_TO_10,2024,7.6741310058,A,life_satisfaction,Subjective,lived,1,callout,False,score_0_10,7.6741310058,,,
SVN,Slovenia,Life satisfaction,0_TO_10,2025,7.6,A,life_satisfaction,Subjective,lived,1,callout,False,score_0_10,7.6,,,
SWE,Sweden,Life satisfaction,0_TO_10,2013,7.9074822893,A,life_satisfaction,Subjective,lived,1,callout,False,score_0_10,7.9074822893,,,
SWE,Sweden,Life satisfaction,0_TO_10,2018,7.7965667544,B,life_satisfaction,Subjective,lived,1,callout,False,score_0_10,7.7965667544,,,
SWE,Sweden,Life satisfaction,0_TO_10,2021,7.5945220982,A,life_satisfaction,Subjective,lived,1,callout,False,score_0_10,7.5945220982,,,
SWE,Sweden,Life satisfaction,0_TO_10,2022,7.5102990697,A,life_satisfaction,Subjective,lived,1,callout,False,score_0_10,7.5102990697,,,
SWE,Sweden,Life satisfaction,0_TO_10,2023,7.46415539,A,life_satisfaction,Subjective,lived,1,callout,False,score_0_10,7.46415539,,,
SWE,Sweden,Life satisfaction,0_TO_10,2024,7.4497328467,A,life_satisfaction,Subjective,lived,1,callout,False,score_0_10,7.4497328467,,,
SWE,Sweden,Life satisfaction,0_TO_10,2025,7.4,A,life_satisfaction,Subjective,lived,1,callout,False,score_0_10,7.4,,,
TUR,Türkiye,Life satisfaction,0_TO_10,2013,5.8,E,life_satisfaction,Subjective,lived,1,callout,False,score_0_10,5.8,,,
TUR,Türkiye,Life satisfaction,0_TO_10,2018,5.7,A,life_satisfaction,Subjective,lived,1,callout,False,score_0_10,5.7,,,
TUR,Türkiye,Life satisfaction,0_TO_10,2021,5.6,A,life_satisfaction,Subjective,lived,1,callout,False,score_0_10,5.6,,,
TUR,Türkiye,Life satisfaction,0_TO_10,2022,5.4,A,life_satisfaction,Subjective,lived,1,callout,False,score_0_10,5.4,,,
TUR,Türkiye,Life satisfaction,0_TO_10,2023,5.6,A,life_satisfaction,Subjective,lived,1,callout,False,score_0_10,5.6,,,
TUR,Türkiye,Life satisfaction,0_TO_10,2024,5.8,A,life_satisfaction,Subjective,lived,1,callout,False,score_0_10,5.8,,,
TUR,Türkiye,Life satisfaction,0_TO_10,2025,5.7,A,life_satisfaction,Subjective,lived,1,callout,False,score_0_10,5.7,,,
ARG,Argentina,Long hours in paid work,PT_SAL,2016,15.56,A,long_hours,Work,lived,-1,core,False,pct,-15.56,,,
ARG,Argentina,Long hours in paid work,PT_SAL,2017,15.68,A,long_hours,Work,lived,-1,core,False,pct,-15.68,,,
ARG,Argentina,Long hours in paid work,PT_SAL,2018,15.41,A,long_hours,Work,lived,-1,core,False,pct,-15.41,,,
ARG,Argentina,Long hours in paid work,PT_SAL,2019,15.04,A,long_hours,Work,lived,-1,core,False,pct,-15.04,,,
AUT,Austria,Long hours in paid work,PT_SAL,2010,9.0,A,long_hours,Work,lived,-1,core,False,pct,-9.0,,,
AUT,Austria,Long hours in paid work,PT_SAL,2011,8.72,A,long_hours,Work,lived,-1,core,False,pct,-8.72,,,
AUT,Austria,Long hours in paid work,PT_SAL,2012,8.53,A,long_hours,Work,lived,-1,core,False,pct,-8.53,,,
AUT,Austria,Long hours in paid work,PT_SAL,2013,7.59,A,long_hours,Work,lived,-1,core,False,pct,-7.59,,,
AUT,Austria,Long hours in paid work,PT_SAL,2014,7.31,A,long_hours,Work,lived,-1,core,False,pct,-7.31,,,
AUT,Austria,Long hours in paid work,PT_SAL,2015,7.13,A,long_hours,Work,lived,-1,core,False,pct,-7.13,,,
AUT,Austria,Long hours in paid work,PT_SAL,2016,6.77,A,long_hours,Work,lived,-1,core,False,pct,-6.77,,,
AUT,Austria,Long hours in paid work,PT_SAL,2017,6.68,A,long_hours,Work,lived,-1,core,False,pct,-6.68,,,
AUT,Austria,Long hours in paid work,PT_SAL,2018,6.59,A,long_hours,Work,lived,-1,core,False,pct,-6.59,,,
AUT,Austria,Long hours in paid work,PT_SAL,2019,6.13,A,long_hours,Work,lived,-1,core,False,pct,-6.13,,,
AUT,Austria,Long hours in paid work,PT_SAL,2020,5.33,A,long_hours,Work,lived,-1,core,False,pct,-5.33,,,
AUT,Austria,Long hours in paid work,PT_SAL,2021,4.59,A,long_hours,Work,lived,-1,core,False,pct,-4.59,,,
AUT,Austria,Long hours in paid work,PT_SAL,2022,4.4,A,long_hours,Work,lived,-1,core,False,pct,-4.4,,,
AUT,Austria,Long hours in paid work,PT_SAL,2023,4.29,A,long_hours,Work,lived,-1,core,False,pct,-4.29,,,
AUT,Austria,Long hours in paid work,PT_SAL,2024,4.24,A,long_hours,Work,lived,-1,core,False,pct,-4.24,,,
AUT,Austria,Long hours in paid work,PT_SAL,2025,4.04,A,long_hours,Work,lived,-1,core,False,pct,-4.04,,,
BEL,Belgium,Long hours in paid work,PT_SAL,2010,4.45,A,long_hours,Work,lived,-1,core,False,pct,-4.45,,,
BEL,Belgium,Long hours in paid work,PT_SAL,2011,4.44,A,long_hours,Work,lived,-1,core,False,pct,-4.44,,,
BEL,Belgium,Long hours in paid work,PT_SAL,2012,4.4,A,long_hours,Work,lived,-1,core,False,pct,-4.4,,,
BEL,Belgium,Long hours in paid work,PT_SAL,2013,4.57,A,long_hours,Work,lived,-1,core,False,pct,-4.57,,,
BEL,Belgium,Long hours in paid work,PT_SAL,2014,4.73,A,long_hours,Work,lived,-1,core,False,pct,-4.73,,,
BEL,Belgium,Long hours in paid work,PT_SAL,2015,4.31,A,long_hours,Work,lived,-1,core,False,pct,-4.31,,,
BEL,Belgium,Long hours in paid work,PT_SAL,2016,4.34,A,long_hours,Work,lived,-1,core,False,pct,-4.34,,,
BEL,Belgium,Long hours in paid work,PT_SAL,2017,4.86,A,long_hours,Work,lived,-1,core,False,pct,-4.86,,,
BEL,Belgium,Long hours in paid work,PT_SAL,2018,4.55,A,long_hours,Work,lived,-1,core,False,pct,-4.55,,,
BEL,Belgium,Long hours in paid work,PT_SAL,2019,4.47,A,long_hours,Work,lived,-1,core,False,pct,-4.47,,,
BEL,Belgium,Long hours in paid work,PT_SAL,2020,4.27,A,long_hours,Work,lived,-1,core,False,pct,-4.27,,,
BEL,Belgium,Long hours in paid work,PT_SAL,2021,4.42,A,long_hours,Work,lived,-1,core,False,pct,-4.42,,,
BEL,Belgium,Long hours in paid work,PT_SAL,2022,3.92,A,long_hours,Work,lived,-1,core,False,pct,-3.92,,,
BEL,Belgium,Long hours in paid work,PT_SAL,2023,3.62,A,long_hours,Work,lived,-1,core,False,pct,-3.62,,,
BEL,Belgium,Long hours in paid work,PT_SAL,2024,3.6,A,long_hours,Work,lived,-1,core,False,pct,-3.6,,,
BEL,Belgium,Long hours in paid work,PT_SAL,2025,3.81,A,long_hours,Work,lived,-1,core,False,pct,-3.81,,,
BGR,Bulgaria,Long hours in paid work,PT_SAL,2010,2.79,A,long_hours,Work,lived,-1,core,False,pct,-2.79,,,
BGR,Bulgaria,Long hours in paid work,PT_SAL,2011,2.17,A,long_hours,Work,lived,-1,core,False,pct,-2.17,,,
BGR,Bulgaria,Long hours in paid work,PT_SAL,2012,1.48,A,long_hours,Work,lived,-1,core,False,pct,-1.48,,,
BGR,Bulgaria,Long hours in paid work,PT_SAL,2013,1.31,A,long_hours,Work,lived,-1,core,False,pct,-1.31,,,
BGR,Bulgaria,Long hours in paid work,PT_SAL,2014,1.04,A,long_hours,Work,lived,-1,core,False,pct,-1.04,,,
BGR,Bulgaria,Long hours in paid work,PT_SAL,2015,1.03,A,long_hours,Work,lived,-1,core,False,pct,-1.03,,,
BGR,Bulgaria,Long hours in paid work,PT_SAL,2016,1.11,A,long_hours,Work,lived,-1,core,False,pct,-1.11,,,
BGR,Bulgaria,Long hours in paid work,PT_SAL,2017,0.74,A,long_hours,Work,lived,-1,core,False,pct,-0.74,,,
BGR,Bulgaria,Long hours in paid work,PT_SAL,2018,0.66,A,long_hours,Work,lived,-1,core,False,pct,-0.66,,,
BGR,Bulgaria,Long hours in paid work,PT_SAL,2019,0.49,A,long_hours,Work,lived,-1,core,False,pct,-0.49,,,
BGR,Bulgaria,Long hours in paid work,PT_SAL,2020,0.38,A,long_hours,Work,lived,-1,core,False,pct,-0.38,,,
BGR,Bulgaria,Long hours in paid work,PT_SAL,2021,0.5,A,long_hours,Work,lived,-1,core,False,pct,-0.5,,,
BGR,Bulgaria,Long hours in paid work,PT_SAL,2022,0.25,A,long_hours,Work,lived,-1,core,False,pct,-0.25,,,
BGR,Bulgaria,Long hours in paid work,PT_SAL,2023,0.17,A,long_hours,Work,lived,-1,core,False,pct,-0.17,,,
BGR,Bulgaria,Long hours in paid work,PT_SAL,2024,0.16,A,long_hours,Work,lived,-1,core,False,pct,-0.16,,,
BGR,Bulgaria,Long hours in paid work,PT_SAL,2025,0.17,A,long_hours,Work,lived,-1,core,False,pct,-0.17,,,
BRA,Brazil,Long hours in paid work,PT_SAL,2011,10.73,A,long_hours,Work,lived,-1,core,False,pct,-10.73,,,
BRA,Brazil,Long hours in paid work,PT_SAL,2012,11.04,A,long_hours,Work,lived,-1,core,False,pct,-11.04,,,
BRA,Brazil,Long hours in paid work,PT_SAL,2013,9.45,A,long_hours,Work,lived,-1,core,False,pct,-9.45,,,
BRA,Brazil,Long hours in paid work,PT_SAL,2014,8.2,A,long_hours,Work,lived,-1,core,False,pct,-8.2,,,
BRA,Brazil,Long hours in paid work,PT_SAL,2015,7.56,A,long_hours,Work,lived,-1,core,False,pct,-7.56,,,
BRA,Brazil,Long hours in paid work,PT_SAL,2016,6.23,A,long_hours,Work,lived,-1,core,False,pct,-6.23,,,
BRA,Brazil,Long hours in paid work,PT_SAL,2017,6.5,A,long_hours,Work,lived,-1,core,False,pct,-6.5,,,
BRA,Brazil,Long hours in paid work,PT_SAL,2018,6.86,A,long_hours,Work,lived,-1,core,False,pct,-6.86,,,
BRA,Brazil,Long hours in paid work,PT_SAL,2019,7.06,A,long_hours,Work,lived,-1,core,False,pct,-7.06,,,
BRA,Brazil,Long hours in paid work,PT_SAL,2020,5.62,A,long_hours,Work,lived,-1,core,False,pct,-5.62,,,
BRA,Brazil,Long hours in paid work,PT_SAL,2021,5.96,A,long_hours,Work,lived,-1,core,False,pct,-5.96,,,
BRA,Brazil,Long hours in paid work,PT_SAL,2022,6.26,A,long_hours,Work,lived,-1,core,False,pct,-6.26,,,
BRA,Brazil,Long hours in paid work,PT_SAL,2023,6.08,A,long_hours,Work,lived,-1,core,False,pct,-6.08,,,
BRA,Brazil,Long hours in paid work,PT_SAL,2024,6.26,A,long_hours,Work,lived,-1,core,False,pct,-6.26,,,
CAN,Canada,Long hours in paid work,PT_SAL,2010,4.01,A,long_hours,Work,lived,-1,core,False,pct,-4.01,,,
CAN,Canada,Long hours in paid work,PT_SAL,2011,4.2,A,long_hours,Work,lived,-1,core,False,pct,-4.2,,,
CAN,Canada,Long hours in paid work,PT_SAL,2012,4.22,A,long_hours,Work,lived,-1,core,False,pct,-4.22,,,
CAN,Canada,Long hours in paid work,PT_SAL,2013,4.15,A,long_hours,Work,lived,-1,core,False,pct,-4.15,,,
CAN,Canada,Long hours in paid work,PT_SAL,2014,4.0,A,long_hours,Work,lived,-1,core,False,pct,-4.0,,,
CAN,Canada,Long hours in paid work,PT_SAL,2015,3.93,A,long_hours,Work,lived,-1,core,False,pct,-3.93,,,
CAN,Canada,Long hours in paid work,PT_SAL,2016,3.81,A,long_hours,Work,lived,-1,core,False,pct,-3.81,,,
CAN,Canada,Long hours in paid work,PT_SAL,2017,3.79,A,long_hours,Work,lived,-1,core,False,pct,-3.79,,,
CAN,Canada,Long hours in paid work,PT_SAL,2018,3.67,A,long_hours,Work,lived,-1,core,False,pct,-3.67,,,
CAN,Canada,Long hours in paid work,PT_SAL,2019,3.52,A,long_hours,Work,lived,-1,core,False,pct,-3.52,,,
CAN,Canada,Long hours in paid work,PT_SAL,2020,3.34,A,long_hours,Work,lived,-1,core,False,pct,-3.34,,,
CAN,Canada,Long hours in paid work,PT_SAL,2021,3.58,A,long_hours,Work,lived,-1,core,False,pct,-3.58,,,
CAN,Canada,Long hours in paid work,PT_SAL,2022,3.66,A,long_hours,Work,lived,-1,core,False,pct,-3.66,,,
CAN,Canada,Long hours in paid work,PT_SAL,2023,3.55,A,long_hours,Work,lived,-1,core,False,pct,-3.55,,,
CAN,Canada,Long hours in paid work,PT_SAL,2024,3.37,A,long_hours,Work,lived,-1,core,False,pct,-3.37,,,
CAN,Canada,Long hours in paid work,PT_SAL,2025,3.13,A,long_hours,Work,lived,-1,core,False,pct,-3.13,,,
CHE,Switzerland,Long hours in paid work,PT_SAL,2010,0.44,A,long_hours,Work,lived,-1,core,False,pct,-0.44,,,
CHE,Switzerland,Long hours in paid work,PT_SAL,2011,0.42,A,long_hours,Work,lived,-1,core,False,pct,-0.42,,,
CHE,Switzerland,Long hours in paid work,PT_SAL,2012,0.41,A,long_hours,Work,lived,-1,core,False,pct,-0.41,,,
CHE,Switzerland,Long hours in paid work,PT_SAL,2013,0.4,A,long_hours,Work,lived,-1,core,False,pct,-0.4,,,
CHE,Switzerland,Long hours in paid work,PT_SAL,2014,0.45,A,long_hours,Work,lived,-1,core,False,pct,-0.45,,,
CHE,Switzerland,Long hours in paid work,PT_SAL,2015,0.48,A,long_hours,Work,lived,-1,core,False,pct,-0.48,,,
CHE,Switzerland,Long hours in paid work,PT_SAL,2016,0.45,A,long_hours,Work,lived,-1,core,False,pct,-0.45,,,
CHE,Switzerland,Long hours in paid work,PT_SAL,2017,0.43,A,long_hours,Work,lived,-1,core,False,pct,-0.43,,,
CHE,Switzerland,Long hours in paid work,PT_SAL,2018,0.4,A,long_hours,Work,lived,-1,core,False,pct,-0.4,,,
CHE,Switzerland,Long hours in paid work,PT_SAL,2019,0.39,A,long_hours,Work,lived,-1,core,False,pct,-0.39,,,
CHE,Switzerland,Long hours in paid work,PT_SAL,2020,0.37,A,long_hours,Work,lived,-1,core,False,pct,-0.37,,,
CHE,Switzerland,Long hours in paid work,PT_SAL,2021,5.18,A,long_hours,Work,lived,-1,core,False,pct,-5.18,,,
CHE,Switzerland,Long hours in paid work,PT_SAL,2022,5.11,A,long_hours,Work,lived,-1,core,False,pct,-5.11,,,
CHE,Switzerland,Long hours in paid work,PT_SAL,2023,5.07,A,long_hours,Work,lived,-1,core,False,pct,-5.07,,,
CHE,Switzerland,Long hours in paid work,PT_SAL,2024,5.03,A,long_hours,Work,lived,-1,core,False,pct,-5.03,,,
CHE,Switzerland,Long hours in paid work,PT_SAL,2025,4.95,A,long_hours,Work,lived,-1,core,False,pct,-4.95,,,
CHL,Chile,Long hours in paid work,PT_SAL,2010,17.17,A,long_hours,Work,lived,-1,core,False,pct,-17.17,,,
CHL,Chile,Long hours in paid work,PT_SAL,2011,16.37,A,long_hours,Work,lived,-1,core,False,pct,-16.37,,,
CHL,Chile,Long hours in paid work,PT_SAL,2012,15.5,A,long_hours,Work,lived,-1,core,False,pct,-15.5,,,
CHL,Chile,Long hours in paid work,PT_SAL,2013,13.42,A,long_hours,Work,lived,-1,core,False,pct,-13.42,,,
CHL,Chile,Long hours in paid work,PT_SAL,2014,13.1,A,long_hours,Work,lived,-1,core,False,pct,-13.1,,,
CHL,Chile,Long hours in paid work,PT_SAL,2015,11.31,A,long_hours,Work,lived,-1,core,False,pct,-11.31,,,
CHL,Chile,Long hours in paid work,PT_SAL,2016,10.01,A,long_hours,Work,lived,-1,core,False,pct,-10.01,,,
CHL,Chile,Long hours in paid work,PT_SAL,2017,9.72,A,long_hours,Work,lived,-1,core,False,pct,-9.72,,,
CHL,Chile,Long hours in paid work,PT_SAL,2018,9.05,A,long_hours,Work,lived,-1,core,False,pct,-9.05,,,
CHL,Chile,Long hours in paid work,PT_SAL,2019,8.76,A,long_hours,Work,lived,-1,core,False,pct,-8.76,,,
CHL,Chile,Long hours in paid work,PT_SAL,2020,7.82,A,long_hours,Work,lived,-1,core,False,pct,-7.82,,,
CHL,Chile,Long hours in paid work,PT_SAL,2021,6.15,A,long_hours,Work,lived,-1,core,False,pct,-6.15,,,
CHL,Chile,Long hours in paid work,PT_SAL,2022,5.64,A,long_hours,Work,lived,-1,core,False,pct,-5.64,,,
CHL,Chile,Long hours in paid work,PT_SAL,2023,5.46,A,long_hours,Work,lived,-1,core,False,pct,-5.46,,,
CHL,Chile,Long hours in paid work,PT_SAL,2024,5.19,A,long_hours,Work,lived,-1,core,False,pct,-5.19,,,
CHL,Chile,Long hours in paid work,PT_SAL,2025,4.72,A,long_hours,Work,lived,-1,core,False,pct,-4.72,,,
COL,Colombia,Long hours in paid work,PT_SAL,2010,34.8,A,long_hours,Work,lived,-1,core,False,pct,-34.8,,,
COL,Colombia,Long hours in paid work,PT_SAL,2011,35.24,A,long_hours,Work,lived,-1,core,False,pct,-35.24,,,
COL,Colombia,Long hours in paid work,PT_SAL,2012,34.07,A,long_hours,Work,lived,-1,core,False,pct,-34.07,,,
COL,Colombia,Long hours in paid work,PT_SAL,2013,33.28,A,long_hours,Work,lived,-1,core,False,pct,-33.28,,,
COL,Colombia,Long hours in paid work,PT_SAL,2014,30.54,A,long_hours,Work,lived,-1,core,False,pct,-30.54,,,
COL,Colombia,Long hours in paid work,PT_SAL,2015,28.99,A,long_hours,Work,lived,-1,core,False,pct,-28.99,,,
COL,Colombia,Long hours in paid work,PT_SAL,2016,27.9,A,long_hours,Work,lived,-1,core,False,pct,-27.9,,,
COL,Colombia,Long hours in paid work,PT_SAL,2017,26.42,A,long_hours,Work,lived,-1,core,False,pct,-26.42,,,
COL,Colombia,Long hours in paid work,PT_SAL,2018,25.79,A,long_hours,Work,lived,-1,core,False,pct,-25.79,,,
COL,Colombia,Long hours in paid work,PT_SAL,2019,25.76,A,long_hours,Work,lived,-1,core,False,pct,-25.76,,,
COL,Colombia,Long hours in paid work,PT_SAL,2020,24.74,A,long_hours,Work,lived,-1,core,False,pct,-24.74,,,
COL,Colombia,Long hours in paid work,PT_SAL,2021,19.77,A,long_hours,Work,lived,-1,core,False,pct,-19.77,,,
COL,Colombia,Long hours in paid work,PT_SAL,2022,20.53,A,long_hours,Work,lived,-1,core,False,pct,-20.53,,,
COL,Colombia,Long hours in paid work,PT_SAL,2023,19.34,A,long_hours,Work,lived,-1,core,False,pct,-19.34,,,
COL,Colombia,Long hours in paid work,PT_SAL,2024,18.63,A,long_hours,Work,lived,-1,core,False,pct,-18.63,,,
COL,Colombia,Long hours in paid work,PT_SAL,2025,17.36,A,long_hours,Work,lived,-1,core,False,pct,-17.36,,,
CRI,Costa Rica,Long hours in paid work,PT_SAL,2010,32.48,A,long_hours,Work,lived,-1,core,False,pct,-32.48,,,
CRI,Costa Rica,Long hours in paid work,PT_SAL,2011,27.98,A,long_hours,Work,lived,-1,core,False,pct,-27.98,,,
CRI,Costa Rica,Long hours in paid work,PT_SAL,2012,26.27,A,long_hours,Work,lived,-1,core,False,pct,-26.27,,,
CRI,Costa Rica,Long hours in paid work,PT_SAL,2013,26.83,A,long_hours,Work,lived,-1,core,False,pct,-26.83,,,
CRI,Costa Rica,Long hours in paid work,PT_SAL,2014,26.81,A,long_hours,Work,lived,-1,core,False,pct,-26.81,,,
CRI,Costa Rica,Long hours in paid work,PT_SAL,2015,28.29,A,long_hours,Work,lived,-1,core,False,pct,-28.29,,,
CRI,Costa Rica,Long hours in paid work,PT_SAL,2016,27.45,A,long_hours,Work,lived,-1,core,False,pct,-27.45,,,
CRI,Costa Rica,Long hours in paid work,PT_SAL,2017,27.55,A,long_hours,Work,lived,-1,core,False,pct,-27.55,,,
CRI,Costa Rica,Long hours in paid work,PT_SAL,2018,25.84,A,long_hours,Work,lived,-1,core,False,pct,-25.84,,,
CRI,Costa Rica,Long hours in paid work,PT_SAL,2019,24.22,A,long_hours,Work,lived,-1,core,False,pct,-24.22,,,
CRI,Costa Rica,Long hours in paid work,PT_SAL,2020,21.98,A,long_hours,Work,lived,-1,core,False,pct,-21.98,,,
CRI,Costa Rica,Long hours in paid work,PT_SAL,2021,21.59,A,long_hours,Work,lived,-1,core,False,pct,-21.59,,,
CRI,Costa Rica,Long hours in paid work,PT_SAL,2022,21.31,A,long_hours,Work,lived,-1,core,False,pct,-21.31,,,
CRI,Costa Rica,Long hours in paid work,PT_SAL,2023,17.76,A,long_hours,Work,lived,-1,core,False,pct,-17.76,,,
CRI,Costa Rica,Long hours in paid work,PT_SAL,2024,15.04,A,long_hours,Work,lived,-1,core,False,pct,-15.04,,,
CRI,Costa Rica,Long hours in paid work,PT_SAL,2025,12.93,A,long_hours,Work,lived,-1,core,False,pct,-12.93,,,
CZE,Czechia,Long hours in paid work,PT_SAL,2010,8.74,A,long_hours,Work,lived,-1,core,False,pct,-8.74,,,
CZE,Czechia,Long hours in paid work,PT_SAL,2011,7.57,A,long_hours,Work,lived,-1,core,False,pct,-7.57,,,
CZE,Czechia,Long hours in paid work,PT_SAL,2012,7.13,A,long_hours,Work,lived,-1,core,False,pct,-7.13,,,
CZE,Czechia,Long hours in paid work,PT_SAL,2013,6.98,A,long_hours,Work,lived,-1,core,False,pct,-6.98,,,
CZE,Czechia,Long hours in paid work,PT_SAL,2014,5.98,A,long_hours,Work,lived,-1,core,False,pct,-5.98,,,
CZE,Czechia,Long hours in paid work,PT_SAL,2015,6.04,A,long_hours,Work,lived,-1,core,False,pct,-6.04,,,
CZE,Czechia,Long hours in paid work,PT_SAL,2016,5.72,A,long_hours,Work,lived,-1,core,False,pct,-5.72,,,
CZE,Czechia,Long hours in paid work,PT_SAL,2017,5.64,A,long_hours,Work,lived,-1,core,False,pct,-5.64,,,
CZE,Czechia,Long hours in paid work,PT_SAL,2018,5.61,A,long_hours,Work,lived,-1,core,False,pct,-5.61,,,
CZE,Czechia,Long hours in paid work,PT_SAL,2019,5.59,A,long_hours,Work,lived,-1,core,False,pct,-5.59,,,
CZE,Czechia,Long hours in paid work,PT_SAL,2020,4.51,A,long_hours,Work,lived,-1,core,False,pct,-4.51,,,
CZE,Czechia,Long hours in paid work,PT_SAL,2021,2.5,A,long_hours,Work,lived,-1,core,False,pct,-2.5,,,
CZE,Czechia,Long hours in paid work,PT_SAL,2022,4.11,A,long_hours,Work,lived,-1,core,False,pct,-4.11,,,
CZE,Czechia,Long hours in paid work,PT_SAL,2023,3.38,A,long_hours,Work,lived,-1,core,False,pct,-3.38,,,
CZE,Czechia,Long hours in paid work,PT_SAL,2024,3.17,A,long_hours,Work,lived,-1,core,False,pct,-3.17,,,
CZE,Czechia,Long hours in paid work,PT_SAL,2025,2.88,A,long_hours,Work,lived,-1,core,False,pct,-2.88,,,
DEU,Germany,Long hours in paid work,PT_SAL,2010,5.14,A,long_hours,Work,lived,-1,core,False,pct,-5.14,,,
DEU,Germany,Long hours in paid work,PT_SAL,2011,5.42,A,long_hours,Work,lived,-1,core,False,pct,-5.42,,,
DEU,Germany,Long hours in paid work,PT_SAL,2012,5.61,A,long_hours,Work,lived,-1,core,False,pct,-5.61,,,
DEU,Germany,Long hours in paid work,PT_SAL,2013,5.26,A,long_hours,Work,lived,-1,core,False,pct,-5.26,,,
DEU,Germany,Long hours in paid work,PT_SAL,2014,4.97,A,long_hours,Work,lived,-1,core,False,pct,-4.97,,,
DEU,Germany,Long hours in paid work,PT_SAL,2015,4.76,A,long_hours,Work,lived,-1,core,False,pct,-4.76,,,
DEU,Germany,Long hours in paid work,PT_SAL,2016,4.59,A,long_hours,Work,lived,-1,core,False,pct,-4.59,,,
DEU,Germany,Long hours in paid work,PT_SAL,2017,4.26,A,long_hours,Work,lived,-1,core,False,pct,-4.26,,,
DEU,Germany,Long hours in paid work,PT_SAL,2018,3.92,A,long_hours,Work,lived,-1,core,False,pct,-3.92,,,
DEU,Germany,Long hours in paid work,PT_SAL,2019,3.81,A,long_hours,Work,lived,-1,core,False,pct,-3.81,,,
DEU,Germany,Long hours in paid work,PT_SAL,2020,3.65,A,long_hours,Work,lived,-1,core,False,pct,-3.65,,,
DEU,Germany,Long hours in paid work,PT_SAL,2021,3.99,A,long_hours,Work,lived,-1,core,False,pct,-3.99,,,
DEU,Germany,Long hours in paid work,PT_SAL,2022,3.67,A,long_hours,Work,lived,-1,core,False,pct,-3.67,,,
DEU,Germany,Long hours in paid work,PT_SAL,2023,3.15,A,long_hours,Work,lived,-1,core,False,pct,-3.15,,,
DEU,Germany,Long hours in paid work,PT_SAL,2024,2.94,A,long_hours,Work,lived,-1,core,False,pct,-2.94,,,
DEU,Germany,Long hours in paid work,PT_SAL,2025,2.82,A,long_hours,Work,lived,-1,core,False,pct,-2.82,,,
DNK,Denmark,Long hours in paid work,PT_SAL,2010,1.57,A,long_hours,Work,lived,-1,core,False,pct,-1.57,,,
DNK,Denmark,Long hours in paid work,PT_SAL,2011,1.66,A,long_hours,Work,lived,-1,core,False,pct,-1.66,,,
DNK,Denmark,Long hours in paid work,PT_SAL,2012,1.76,A,long_hours,Work,lived,-1,core,False,pct,-1.76,,,
DNK,Denmark,Long hours in paid work,PT_SAL,2013,1.53,A,long_hours,Work,lived,-1,core,False,pct,-1.53,,,
DNK,Denmark,Long hours in paid work,PT_SAL,2014,1.94,A,long_hours,Work,lived,-1,core,False,pct,-1.94,,,
DNK,Denmark,Long hours in paid work,PT_SAL,2015,2.13,A,long_hours,Work,lived,-1,core,False,pct,-2.13,,,
DNK,Denmark,Long hours in paid work,PT_SAL,2016,1.83,A,long_hours,Work,lived,-1,core,False,pct,-1.83,,,
DNK,Denmark,Long hours in paid work,PT_SAL,2017,1.99,A,long_hours,Work,lived,-1,core,False,pct,-1.99,,,
DNK,Denmark,Long hours in paid work,PT_SAL,2018,2.01,A,long_hours,Work,lived,-1,core,False,pct,-2.01,,,
DNK,Denmark,Long hours in paid work,PT_SAL,2019,1.54,A,long_hours,Work,lived,-1,core,False,pct,-1.54,,,
DNK,Denmark,Long hours in paid work,PT_SAL,2020,1.3,A,long_hours,Work,lived,-1,core,False,pct,-1.3,,,
DNK,Denmark,Long hours in paid work,PT_SAL,2021,3.38,A,long_hours,Work,lived,-1,core,False,pct,-3.38,,,
DNK,Denmark,Long hours in paid work,PT_SAL,2022,3.0,A,long_hours,Work,lived,-1,core,False,pct,-3.0,,,
DNK,Denmark,Long hours in paid work,PT_SAL,2023,2.8,A,long_hours,Work,lived,-1,core,False,pct,-2.8,,,
DNK,Denmark,Long hours in paid work,PT_SAL,2024,2.71,A,long_hours,Work,lived,-1,core,False,pct,-2.71,,,
DNK,Denmark,Long hours in paid work,PT_SAL,2025,2.42,A,long_hours,Work,lived,-1,core,False,pct,-2.42,,,
ESP,Spain,Long hours in paid work,PT_SAL,2010,6.59,A,long_hours,Work,lived,-1,core,False,pct,-6.59,,,
ESP,Spain,Long hours in paid work,PT_SAL,2011,6.29,A,long_hours,Work,lived,-1,core,False,pct,-6.29,,,
ESP,Spain,Long hours in paid work,PT_SAL,2012,5.92,A,long_hours,Work,lived,-1,core,False,pct,-5.92,,,
ESP,Spain,Long hours in paid work,PT_SAL,2013,5.89,A,long_hours,Work,lived,-1,core,False,pct,-5.89,,,
ESP,Spain,Long hours in paid work,PT_SAL,2014,5.61,A,long_hours,Work,lived,-1,core,False,pct,-5.61,,,
ESP,Spain,Long hours in paid work,PT_SAL,2015,5.21,A,long_hours,Work,lived,-1,core,False,pct,-5.21,,,
ESP,Spain,Long hours in paid work,PT_SAL,2016,4.55,A,long_hours,Work,lived,-1,core,False,pct,-4.55,,,
ESP,Spain,Long hours in paid work,PT_SAL,2017,4.03,A,long_hours,Work,lived,-1,core,False,pct,-4.03,,,
ESP,Spain,Long hours in paid work,PT_SAL,2018,3.78,A,long_hours,Work,lived,-1,core,False,pct,-3.78,,,
ESP,Spain,Long hours in paid work,PT_SAL,2019,3.15,A,long_hours,Work,lived,-1,core,False,pct,-3.15,,,
ESP,Spain,Long hours in paid work,PT_SAL,2020,2.5,A,long_hours,Work,lived,-1,core,False,pct,-2.5,,,
ESP,Spain,Long hours in paid work,PT_SAL,2021,2.81,A,long_hours,Work,lived,-1,core,False,pct,-2.81,,,
ESP,Spain,Long hours in paid work,PT_SAL,2022,3.01,A,long_hours,Work,lived,-1,core,False,pct,-3.01,,,
ESP,Spain,Long hours in paid work,PT_SAL,2023,2.63,A,long_hours,Work,lived,-1,core,False,pct,-2.63,,,
ESP,Spain,Long hours in paid work,PT_SAL,2024,2.3,A,long_hours,Work,lived,-1,core,False,pct,-2.3,,,
ESP,Spain,Long hours in paid work,PT_SAL,2025,2.23,A,long_hours,Work,lived,-1,core,False,pct,-2.23,,,
EST,Estonia,Long hours in paid work,PT_SAL,2010,3.6,A,long_hours,Work,lived,-1,core,False,pct,-3.6,,,
EST,Estonia,Long hours in paid work,PT_SAL,2011,4.05,A,long_hours,Work,lived,-1,core,False,pct,-4.05,,,
EST,Estonia,Long hours in paid work,PT_SAL,2012,3.55,A,long_hours,Work,lived,-1,core,False,pct,-3.55,,,
EST,Estonia,Long hours in paid work,PT_SAL,2013,3.26,A,long_hours,Work,lived,-1,core,False,pct,-3.26,,,
EST,Estonia,Long hours in paid work,PT_SAL,2014,3.25,A,long_hours,Work,lived,-1,core,False,pct,-3.25,,,
EST,Estonia,Long hours in paid work,PT_SAL,2015,3.28,A,long_hours,Work,lived,-1,core,False,pct,-3.28,,,
EST,Estonia,Long hours in paid work,PT_SAL,2016,2.61,A,long_hours,Work,lived,-1,core,False,pct,-2.61,,,
EST,Estonia,Long hours in paid work,PT_SAL,2017,2.39,A,long_hours,Work,lived,-1,core,False,pct,-2.39,,,
EST,Estonia,Long hours in paid work,PT_SAL,2018,2.66,A,long_hours,Work,lived,-1,core,False,pct,-2.66,,,
EST,Estonia,Long hours in paid work,PT_SAL,2019,2.55,A,long_hours,Work,lived,-1,core,False,pct,-2.55,,,
EST,Estonia,Long hours in paid work,PT_SAL,2020,2.14,A,long_hours,Work,lived,-1,core,False,pct,-2.14,,,
EST,Estonia,Long hours in paid work,PT_SAL,2021,2.09,A,long_hours,Work,lived,-1,core,False,pct,-2.09,,,
EST,Estonia,Long hours in paid work,PT_SAL,2022,1.5,A,long_hours,Work,lived,-1,core,False,pct,-1.5,,,
EST,Estonia,Long hours in paid work,PT_SAL,2023,1.36,A,long_hours,Work,lived,-1,core,False,pct,-1.36,,,
EST,Estonia,Long hours in paid work,PT_SAL,2024,1.95,A,long_hours,Work,lived,-1,core,False,pct,-1.95,,,
EST,Estonia,Long hours in paid work,PT_SAL,2025,1.59,A,long_hours,Work,lived,-1,core,False,pct,-1.59,,,
FIN,Finland,Long hours in paid work,PT_SAL,2010,3.89,A,long_hours,Work,lived,-1,core,False,pct,-3.89,,,
FIN,Finland,Long hours in paid work,PT_SAL,2011,3.89,A,long_hours,Work,lived,-1,core,False,pct,-3.89,,,
FIN,Finland,Long hours in paid work,PT_SAL,2012,3.7,A,long_hours,Work,lived,-1,core,False,pct,-3.7,,,
FIN,Finland,Long hours in paid work,PT_SAL,2013,3.58,A,long_hours,Work,lived,-1,core,False,pct,-3.58,,,
FIN,Finland,Long hours in paid work,PT_SAL,2014,3.6,A,long_hours,Work,lived,-1,core,False,pct,-3.6,,,
FIN,Finland,Long hours in paid work,PT_SAL,2015,3.71,A,long_hours,Work,lived,-1,core,False,pct,-3.71,,,
FIN,Finland,Long hours in paid work,PT_SAL,2016,3.89,A,long_hours,Work,lived,-1,core,False,pct,-3.89,,,
FIN,Finland,Long hours in paid work,PT_SAL,2017,3.79,A,long_hours,Work,lived,-1,core,False,pct,-3.79,,,
FIN,Finland,Long hours in paid work,PT_SAL,2018,3.89,A,long_hours,Work,lived,-1,core,False,pct,-3.89,,,
FIN,Finland,Long hours in paid work,PT_SAL,2019,3.89,A,long_hours,Work,lived,-1,core,False,pct,-3.89,,,
FIN,Finland,Long hours in paid work,PT_SAL,2020,3.6,A,long_hours,Work,lived,-1,core,False,pct,-3.6,,,
FIN,Finland,Long hours in paid work,PT_SAL,2021,3.18,A,long_hours,Work,lived,-1,core,False,pct,-3.18,,,
FIN,Finland,Long hours in paid work,PT_SAL,2022,2.86,A,long_hours,Work,lived,-1,core,False,pct,-2.86,,,
FIN,Finland,Long hours in paid work,PT_SAL,2023,2.63,A,long_hours,Work,lived,-1,core,False,pct,-2.63,,,
FIN,Finland,Long hours in paid work,PT_SAL,2024,2.48,A,long_hours,Work,lived,-1,core,False,pct,-2.48,,,
FIN,Finland,Long hours in paid work,PT_SAL,2025,2.58,A,long_hours,Work,lived,-1,core,False,pct,-2.58,,,
FRA,France,Long hours in paid work,PT_SAL,2010,8.63,A,long_hours,Work,lived,-1,core,False,pct,-8.63,,,
FRA,France,Long hours in paid work,PT_SAL,2011,8.97,A,long_hours,Work,lived,-1,core,False,pct,-8.97,,,
FRA,France,Long hours in paid work,PT_SAL,2012,8.71,A,long_hours,Work,lived,-1,core,False,pct,-8.71,,,
FRA,France,Long hours in paid work,PT_SAL,2013,8.1,A,long_hours,Work,lived,-1,core,False,pct,-8.1,,,
FRA,France,Long hours in paid work,PT_SAL,2014,7.67,A,long_hours,Work,lived,-1,core,False,pct,-7.67,,,
FRA,France,Long hours in paid work,PT_SAL,2015,7.52,A,long_hours,Work,lived,-1,core,False,pct,-7.52,,,
FRA,France,Long hours in paid work,PT_SAL,2016,7.75,A,long_hours,Work,lived,-1,core,False,pct,-7.75,,,
FRA,France,Long hours in paid work,PT_SAL,2017,7.64,A,long_hours,Work,lived,-1,core,False,pct,-7.64,,,
FRA,France,Long hours in paid work,PT_SAL,2018,7.7,A,long_hours,Work,lived,-1,core,False,pct,-7.7,,,
FRA,France,Long hours in paid work,PT_SAL,2019,7.71,A,long_hours,Work,lived,-1,core,False,pct,-7.71,,,
FRA,France,Long hours in paid work,PT_SAL,2020,7.69,A,long_hours,Work,lived,-1,core,False,pct,-7.69,,,
FRA,France,Long hours in paid work,PT_SAL,2021,6.24,A,long_hours,Work,lived,-1,core,False,pct,-6.24,,,
FRA,France,Long hours in paid work,PT_SAL,2022,6.23,A,long_hours,Work,lived,-1,core,False,pct,-6.23,,,
FRA,France,Long hours in paid work,PT_SAL,2023,6.07,A,long_hours,Work,lived,-1,core,False,pct,-6.07,,,
FRA,France,Long hours in paid work,PT_SAL,2024,5.97,A,long_hours,Work,lived,-1,core,False,pct,-5.97,,,
FRA,France,Long hours in paid work,PT_SAL,2025,5.89,A,long_hours,Work,lived,-1,core,False,pct,-5.89,,,
GBR,United Kingdom,Long hours in paid work,PT_SAL,2010,11.72,A,long_hours,Work,lived,-1,core,False,pct,-11.72,,,
GBR,United Kingdom,Long hours in paid work,PT_SAL,2011,12.04,A,long_hours,Work,lived,-1,core,False,pct,-12.04,,,
GBR,United Kingdom,Long hours in paid work,PT_SAL,2012,12.26,A,long_hours,Work,lived,-1,core,False,pct,-12.26,,,
GBR,United Kingdom,Long hours in paid work,PT_SAL,2013,12.66,A,long_hours,Work,lived,-1,core,False,pct,-12.66,,,
GBR,United Kingdom,Long hours in paid work,PT_SAL,2014,12.87,A,long_hours,Work,lived,-1,core,False,pct,-12.87,,,
GBR,United Kingdom,Long hours in paid work,PT_SAL,2015,12.87,A,long_hours,Work,lived,-1,core,False,pct,-12.87,,,
GBR,United Kingdom,Long hours in paid work,PT_SAL,2016,12.76,A,long_hours,Work,lived,-1,core,False,pct,-12.76,,,
GBR,United Kingdom,Long hours in paid work,PT_SAL,2017,12.37,A,long_hours,Work,lived,-1,core,False,pct,-12.37,,,
GBR,United Kingdom,Long hours in paid work,PT_SAL,2018,12.01,A,long_hours,Work,lived,-1,core,False,pct,-12.01,,,
GBR,United Kingdom,Long hours in paid work,PT_SAL,2019,11.79,A,long_hours,Work,lived,-1,core,False,pct,-11.79,,,
GBR,United Kingdom,Long hours in paid work,PT_SAL,2020,10.78,A,long_hours,Work,lived,-1,core,False,pct,-10.78,,,
GBR,United Kingdom,Long hours in paid work,PT_SAL,2021,10.54,A,long_hours,Work,lived,-1,core,False,pct,-10.54,,,
GBR,United Kingdom,Long hours in paid work,PT_SAL,2022,10.32,A,long_hours,Work,lived,-1,core,False,pct,-10.32,,,
GBR,United Kingdom,Long hours in paid work,PT_SAL,2023,9.46,A,long_hours,Work,lived,-1,core,False,pct,-9.46,,,
GBR,United Kingdom,Long hours in paid work,PT_SAL,2024,9.22,A,long_hours,Work,lived,-1,core,False,pct,-9.22,,,
GBR,United Kingdom,Long hours in paid work,PT_SAL,2025,9.06,A,long_hours,Work,lived,-1,core,False,pct,-9.06,,,
GRC,Greece,Long hours in paid work,PT_SAL,2010,5.15,A,long_hours,Work,lived,-1,core,False,pct,-5.15,,,
GRC,Greece,Long hours in paid work,PT_SAL,2011,5.17,A,long_hours,Work,lived,-1,core,False,pct,-5.17,,,
GRC,Greece,Long hours in paid work,PT_SAL,2012,5.62,A,long_hours,Work,lived,-1,core,False,pct,-5.62,,,
GRC,Greece,Long hours in paid work,PT_SAL,2013,6.11,A,long_hours,Work,lived,-1,core,False,pct,-6.11,,,
GRC,Greece,Long hours in paid work,PT_SAL,2014,6.37,A,long_hours,Work,lived,-1,core,False,pct,-6.37,,,
GRC,Greece,Long hours in paid work,PT_SAL,2015,6.59,A,long_hours,Work,lived,-1,core,False,pct,-6.59,,,
GRC,Greece,Long hours in paid work,PT_SAL,2016,7.35,A,long_hours,Work,lived,-1,core,False,pct,-7.35,,,
GRC,Greece,Long hours in paid work,PT_SAL,2017,6.48,A,long_hours,Work,lived,-1,core,False,pct,-6.48,,,
GRC,Greece,Long hours in paid work,PT_SAL,2018,5.73,A,long_hours,Work,lived,-1,core,False,pct,-5.73,,,
GRC,Greece,Long hours in paid work,PT_SAL,2019,5.12,A,long_hours,Work,lived,-1,core,False,pct,-5.12,,,
GRC,Greece,Long hours in paid work,PT_SAL,2020,4.47,A,long_hours,Work,lived,-1,core,False,pct,-4.47,,,
GRC,Greece,Long hours in paid work,PT_SAL,2021,4.24,A,long_hours,Work,lived,-1,core,False,pct,-4.24,,,
GRC,Greece,Long hours in paid work,PT_SAL,2022,3.91,A,long_hours,Work,lived,-1,core,False,pct,-3.91,,,
GRC,Greece,Long hours in paid work,PT_SAL,2023,3.57,A,long_hours,Work,lived,-1,core,False,pct,-3.57,,,
GRC,Greece,Long hours in paid work,PT_SAL,2024,3.2,A,long_hours,Work,lived,-1,core,False,pct,-3.2,,,
GRC,Greece,Long hours in paid work,PT_SAL,2025,3.07,A,long_hours,Work,lived,-1,core,False,pct,-3.07,,,
HRV,Croatia,Long hours in paid work,PT_SAL,2010,4.19,A,long_hours,Work,lived,-1,core,False,pct,-4.19,,,
HRV,Croatia,Long hours in paid work,PT_SAL,2011,3.73,A,long_hours,Work,lived,-1,core,False,pct,-3.73,,,
HRV,Croatia,Long hours in paid work,PT_SAL,2012,3.05,A,long_hours,Work,lived,-1,core,False,pct,-3.05,,,
HRV,Croatia,Long hours in paid work,PT_SAL,2013,3.02,A,long_hours,Work,lived,-1,core,False,pct,-3.02,,,
HRV,Croatia,Long hours in paid work,PT_SAL,2014,3.04,A,long_hours,Work,lived,-1,core,False,pct,-3.04,,,
HRV,Croatia,Long hours in paid work,PT_SAL,2015,4.07,A,long_hours,Work,lived,-1,core,False,pct,-4.07,,,
HRV,Croatia,Long hours in paid work,PT_SAL,2016,3.85,A,long_hours,Work,lived,-1,core,False,pct,-3.85,,,
HRV,Croatia,Long hours in paid work,PT_SAL,2017,3.65,A,long_hours,Work,lived,-1,core,False,pct,-3.65,,,
HRV,Croatia,Long hours in paid work,PT_SAL,2018,4.19,A,long_hours,Work,lived,-1,core,False,pct,-4.19,,,
HRV,Croatia,Long hours in paid work,PT_SAL,2019,4.1,A,long_hours,Work,lived,-1,core,False,pct,-4.1,,,
HRV,Croatia,Long hours in paid work,PT_SAL,2020,3.5,A,long_hours,Work,lived,-1,core,False,pct,-3.5,,,
HRV,Croatia,Long hours in paid work,PT_SAL,2021,2.85,A,long_hours,Work,lived,-1,core,False,pct,-2.85,,,
HRV,Croatia,Long hours in paid work,PT_SAL,2022,2.76,A,long_hours,Work,lived,-1,core,False,pct,-2.76,,,
HRV,Croatia,Long hours in paid work,PT_SAL,2023,2.26,A,long_hours,Work,lived,-1,core,False,pct,-2.26,,,
HRV,Croatia,Long hours in paid work,PT_SAL,2024,1.75,A,long_hours,Work,lived,-1,core,False,pct,-1.75,,,
HRV,Croatia,Long hours in paid work,PT_SAL,2025,1.46,A,long_hours,Work,lived,-1,core,False,pct,-1.46,,,
HUN,Hungary,Long hours in paid work,PT_SAL,2010,3.24,A,long_hours,Work,lived,-1,core,False,pct,-3.24,,,
HUN,Hungary,Long hours in paid work,PT_SAL,2011,3.09,A,long_hours,Work,lived,-1,core,False,pct,-3.09,,,
HUN,Hungary,Long hours in paid work,PT_SAL,2012,2.91,A,long_hours,Work,lived,-1,core,False,pct,-2.91,,,
HUN,Hungary,Long hours in paid work,PT_SAL,2013,3.2,A,long_hours,Work,lived,-1,core,False,pct,-3.2,,,
HUN,Hungary,Long hours in paid work,PT_SAL,2014,3.76,A,long_hours,Work,lived,-1,core,False,pct,-3.76,,,
HUN,Hungary,Long hours in paid work,PT_SAL,2015,3.76,A,long_hours,Work,lived,-1,core,False,pct,-3.76,,,
HUN,Hungary,Long hours in paid work,PT_SAL,2016,3.12,A,long_hours,Work,lived,-1,core,False,pct,-3.12,,,
HUN,Hungary,Long hours in paid work,PT_SAL,2017,3.02,A,long_hours,Work,lived,-1,core,False,pct,-3.02,,,
HUN,Hungary,Long hours in paid work,PT_SAL,2018,2.84,A,long_hours,Work,lived,-1,core,False,pct,-2.84,,,
HUN,Hungary,Long hours in paid work,PT_SAL,2019,2.46,A,long_hours,Work,lived,-1,core,False,pct,-2.46,,,
HUN,Hungary,Long hours in paid work,PT_SAL,2020,1.44,A,long_hours,Work,lived,-1,core,False,pct,-1.44,,,
HUN,Hungary,Long hours in paid work,PT_SAL,2021,1.81,A,long_hours,Work,lived,-1,core,False,pct,-1.81,,,
HUN,Hungary,Long hours in paid work,PT_SAL,2022,1.46,A,long_hours,Work,lived,-1,core,False,pct,-1.46,,,
HUN,Hungary,Long hours in paid work,PT_SAL,2023,1.39,A,long_hours,Work,lived,-1,core,False,pct,-1.39,,,
HUN,Hungary,Long hours in paid work,PT_SAL,2024,1.6,A,long_hours,Work,lived,-1,core,False,pct,-1.6,,,
HUN,Hungary,Long hours in paid work,PT_SAL,2025,1.54,A,long_hours,Work,lived,-1,core,False,pct,-1.54,,,
IDN,Indonesia,Long hours in paid work,PT_SAL,2010,26.2,A,long_hours,Work,lived,-1,core,False,pct,-26.2,,,
IDN,Indonesia,Long hours in paid work,PT_SAL,2011,19.73,A,long_hours,Work,lived,-1,core,False,pct,-19.73,,,
IDN,Indonesia,Long hours in paid work,PT_SAL,2012,19.6,A,long_hours,Work,lived,-1,core,False,pct,-19.6,,,
IDN,Indonesia,Long hours in paid work,PT_SAL,2013,17.04,A,long_hours,Work,lived,-1,core,False,pct,-17.04,,,
IDN,Indonesia,Long hours in paid work,PT_SAL,2014,18.28,A,long_hours,Work,lived,-1,core,False,pct,-18.28,,,
IDN,Indonesia,Long hours in paid work,PT_SAL,2015,18.31,A,long_hours,Work,lived,-1,core,False,pct,-18.31,,,
IDN,Indonesia,Long hours in paid work,PT_SAL,2016,20.18,A,long_hours,Work,lived,-1,core,False,pct,-20.18,,,
IDN,Indonesia,Long hours in paid work,PT_SAL,2017,20.43,A,long_hours,Work,lived,-1,core,False,pct,-20.43,,,
IRL,Ireland,Long hours in paid work,PT_SAL,2010,3.5,A,long_hours,Work,lived,-1,core,False,pct,-3.5,,,
IRL,Ireland,Long hours in paid work,PT_SAL,2011,3.79,A,long_hours,Work,lived,-1,core,False,pct,-3.79,,,
IRL,Ireland,Long hours in paid work,PT_SAL,2012,3.96,A,long_hours,Work,lived,-1,core,False,pct,-3.96,,,
IRL,Ireland,Long hours in paid work,PT_SAL,2013,3.93,A,long_hours,Work,lived,-1,core,False,pct,-3.93,,,
IRL,Ireland,Long hours in paid work,PT_SAL,2014,4.06,A,long_hours,Work,lived,-1,core,False,pct,-4.06,,,
IRL,Ireland,Long hours in paid work,PT_SAL,2015,4.58,A,long_hours,Work,lived,-1,core,False,pct,-4.58,,,
IRL,Ireland,Long hours in paid work,PT_SAL,2016,4.65,A,long_hours,Work,lived,-1,core,False,pct,-4.65,,,
IRL,Ireland,Long hours in paid work,PT_SAL,2017,5.09,A,long_hours,Work,lived,-1,core,False,pct,-5.09,,,
IRL,Ireland,Long hours in paid work,PT_SAL,2018,5.4,A,long_hours,Work,lived,-1,core,False,pct,-5.4,,,
IRL,Ireland,Long hours in paid work,PT_SAL,2019,5.67,A,long_hours,Work,lived,-1,core,False,pct,-5.67,,,
IRL,Ireland,Long hours in paid work,PT_SAL,2020,5.21,A,long_hours,Work,lived,-1,core,False,pct,-5.21,,,
IRL,Ireland,Long hours in paid work,PT_SAL,2021,4.49,A,long_hours,Work,lived,-1,core,False,pct,-4.49,,,
IRL,Ireland,Long hours in paid work,PT_SAL,2022,5.34,A,long_hours,Work,lived,-1,core,False,pct,-5.34,,,
IRL,Ireland,Long hours in paid work,PT_SAL,2023,4.14,A,long_hours,Work,lived,-1,core,False,pct,-4.14,,,
IRL,Ireland,Long hours in paid work,PT_SAL,2024,3.86,A,long_hours,Work,lived,-1,core,False,pct,-3.86,,,
IRL,Ireland,Long hours in paid work,PT_SAL,2025,3.94,A,long_hours,Work,lived,-1,core,False,pct,-3.94,,,
ISL,Iceland,Long hours in paid work,PT_SAL,2010,14.45,A,long_hours,Work,lived,-1,core,False,pct,-14.45,,,
ISL,Iceland,Long hours in paid work,PT_SAL,2011,15.76,A,long_hours,Work,lived,-1,core,False,pct,-15.76,,,
ISL,Iceland,Long hours in paid work,PT_SAL,2012,16.14,A,long_hours,Work,lived,-1,core,False,pct,-16.14,,,
ISL,Iceland,Long hours in paid work,PT_SAL,2013,16.15,A,long_hours,Work,lived,-1,core,False,pct,-16.15,,,
ISL,Iceland,Long hours in paid work,PT_SAL,2014,16.42,A,long_hours,Work,lived,-1,core,False,pct,-16.42,,,
ISL,Iceland,Long hours in paid work,PT_SAL,2015,17.16,A,long_hours,Work,lived,-1,core,False,pct,-17.16,,,
ISL,Iceland,Long hours in paid work,PT_SAL,2016,16.47,A,long_hours,Work,lived,-1,core,False,pct,-16.47,,,
ISL,Iceland,Long hours in paid work,PT_SAL,2017,15.17,A,long_hours,Work,lived,-1,core,False,pct,-15.17,,,
ISL,Iceland,Long hours in paid work,PT_SAL,2018,14.58,A,long_hours,Work,lived,-1,core,False,pct,-14.58,,,
ISL,Iceland,Long hours in paid work,PT_SAL,2019,12.92,A,long_hours,Work,lived,-1,core,False,pct,-12.92,,,
ISL,Iceland,Long hours in paid work,PT_SAL,2020,11.68,A,long_hours,Work,lived,-1,core,False,pct,-11.68,,,
ISL,Iceland,Long hours in paid work,PT_SAL,2021,11.11,A,long_hours,Work,lived,-1,core,False,pct,-11.11,,,
ISL,Iceland,Long hours in paid work,PT_SAL,2022,10.94,A,long_hours,Work,lived,-1,core,False,pct,-10.94,,,
ISL,Iceland,Long hours in paid work,PT_SAL,2023,10.58,A,long_hours,Work,lived,-1,core,False,pct,-10.58,,,
ISL,Iceland,Long hours in paid work,PT_SAL,2024,10.5,A,long_hours,Work,lived,-1,core,False,pct,-10.5,,,
ISL,Iceland,Long hours in paid work,PT_SAL,2025,9.45,A,long_hours,Work,lived,-1,core,False,pct,-9.45,,,
ISR,Israel,Long hours in paid work,PT_SAL,2010,18.92,A,long_hours,Work,lived,-1,core,False,pct,-18.92,,,
ISR,Israel,Long hours in paid work,PT_SAL,2011,17.58,A,long_hours,Work,lived,-1,core,False,pct,-17.58,,,
ISR,Israel,Long hours in paid work,PT_SAL,2012,18.77,A,long_hours,Work,lived,-1,core,False,pct,-18.77,,,
ISR,Israel,Long hours in paid work,PT_SAL,2013,16.03,A,long_hours,Work,lived,-1,core,False,pct,-16.03,,,
ISR,Israel,Long hours in paid work,PT_SAL,2014,14.74,A,long_hours,Work,lived,-1,core,False,pct,-14.74,,,
ISR,Israel,Long hours in paid work,PT_SAL,2015,14.93,A,long_hours,Work,lived,-1,core,False,pct,-14.93,,,
ISR,Israel,Long hours in paid work,PT_SAL,2016,14.84,A,long_hours,Work,lived,-1,core,False,pct,-14.84,,,
ISR,Israel,Long hours in paid work,PT_SAL,2017,15.44,A,long_hours,Work,lived,-1,core,False,pct,-15.44,,,
ISR,Israel,Long hours in paid work,PT_SAL,2018,16.25,A,long_hours,Work,lived,-1,core,False,pct,-16.25,,,
ISR,Israel,Long hours in paid work,PT_SAL,2019,15.44,A,long_hours,Work,lived,-1,core,False,pct,-15.44,,,
ISR,Israel,Long hours in paid work,PT_SAL,2020,14.11,A,long_hours,Work,lived,-1,core,False,pct,-14.11,,,
ISR,Israel,Long hours in paid work,PT_SAL,2021,14.07,A,long_hours,Work,lived,-1,core,False,pct,-14.07,,,
ISR,Israel,Long hours in paid work,PT_SAL,2022,14.64,A,long_hours,Work,lived,-1,core,False,pct,-14.64,,,
ISR,Israel,Long hours in paid work,PT_SAL,2023,13.53,A,long_hours,Work,lived,-1,core,False,pct,-13.53,,,
ISR,Israel,Long hours in paid work,PT_SAL,2024,11.21,A,long_hours,Work,lived,-1,core,False,pct,-11.21,,,
ISR,Israel,Long hours in paid work,PT_SAL,2025,10.43,A,long_hours,Work,lived,-1,core,False,pct,-10.43,,,
ITA,Italy,Long hours in paid work,PT_SAL,2010,4.6,A,long_hours,Work,lived,-1,core,False,pct,-4.6,,,
ITA,Italy,Long hours in paid work,PT_SAL,2011,4.02,A,long_hours,Work,lived,-1,core,False,pct,-4.02,,,
ITA,Italy,Long hours in paid work,PT_SAL,2012,3.7,A,long_hours,Work,lived,-1,core,False,pct,-3.7,,,
ITA,Italy,Long hours in paid work,PT_SAL,2013,3.66,A,long_hours,Work,lived,-1,core,False,pct,-3.66,,,
ITA,Italy,Long hours in paid work,PT_SAL,2014,3.83,A,long_hours,Work,lived,-1,core,False,pct,-3.83,,,
ITA,Italy,Long hours in paid work,PT_SAL,2015,3.96,A,long_hours,Work,lived,-1,core,False,pct,-3.96,,,
ITA,Italy,Long hours in paid work,PT_SAL,2016,3.92,A,long_hours,Work,lived,-1,core,False,pct,-3.92,,,
ITA,Italy,Long hours in paid work,PT_SAL,2017,4.12,A,long_hours,Work,lived,-1,core,False,pct,-4.12,,,
ITA,Italy,Long hours in paid work,PT_SAL,2018,4.12,A,long_hours,Work,lived,-1,core,False,pct,-4.12,,,
ITA,Italy,Long hours in paid work,PT_SAL,2019,3.81,A,long_hours,Work,lived,-1,core,False,pct,-3.81,,,
ITA,Italy,Long hours in paid work,PT_SAL,2020,3.29,A,long_hours,Work,lived,-1,core,False,pct,-3.29,,,
ITA,Italy,Long hours in paid work,PT_SAL,2021,4.36,A,long_hours,Work,lived,-1,core,False,pct,-4.36,,,
ITA,Italy,Long hours in paid work,PT_SAL,2022,3.83,A,long_hours,Work,lived,-1,core,False,pct,-3.83,,,
ITA,Italy,Long hours in paid work,PT_SAL,2023,3.86,A,long_hours,Work,lived,-1,core,False,pct,-3.86,,,
ITA,Italy,Long hours in paid work,PT_SAL,2024,2.98,A,long_hours,Work,lived,-1,core,False,pct,-2.98,,,
ITA,Italy,Long hours in paid work,PT_SAL,2025,2.68,A,long_hours,Work,lived,-1,core,False,pct,-2.68,,,
LTU,Lithuania,Long hours in paid work,PT_SAL,2010,0.66,A,long_hours,Work,lived,-1,core,False,pct,-0.66,,,
LTU,Lithuania,Long hours in paid work,PT_SAL,2011,0.52,A,long_hours,Work,lived,-1,core,False,pct,-0.52,,,
LTU,Lithuania,Long hours in paid work,PT_SAL,2012,0.41,A,long_hours,Work,lived,-1,core,False,pct,-0.41,,,
LTU,Lithuania,Long hours in paid work,PT_SAL,2013,0.26,A,long_hours,Work,lived,-1,core,False,pct,-0.26,,,
LTU,Lithuania,Long hours in paid work,PT_SAL,2014,0.61,A,long_hours,Work,lived,-1,core,False,pct,-0.61,,,
LTU,Lithuania,Long hours in paid work,PT_SAL,2015,0.75,A,long_hours,Work,lived,-1,core,False,pct,-0.75,,,
LTU,Lithuania,Long hours in paid work,PT_SAL,2016,0.67,A,long_hours,Work,lived,-1,core,False,pct,-0.67,,,
LTU,Lithuania,Long hours in paid work,PT_SAL,2017,0.74,A,long_hours,Work,lived,-1,core,False,pct,-0.74,,,
LTU,Lithuania,Long hours in paid work,PT_SAL,2018,0.55,A,long_hours,Work,lived,-1,core,False,pct,-0.55,,,
LTU,Lithuania,Long hours in paid work,PT_SAL,2019,0.59,A,long_hours,Work,lived,-1,core,False,pct,-0.59,,,
LTU,Lithuania,Long hours in paid work,PT_SAL,2020,0.96,A,long_hours,Work,lived,-1,core,False,pct,-0.96,,,
LTU,Lithuania,Long hours in paid work,PT_SAL,2021,0.75,A,long_hours,Work,lived,-1,core,False,pct,-0.75,,,
LTU,Lithuania,Long hours in paid work,PT_SAL,2022,0.8,A,long_hours,Work,lived,-1,core,False,pct,-0.8,,,
LTU,Lithuania,Long hours in paid work,PT_SAL,2023,0.92,A,long_hours,Work,lived,-1,core,False,pct,-0.92,,,
LTU,Lithuania,Long hours in paid work,PT_SAL,2024,1.17,A,long_hours,Work,lived,-1,core,False,pct,-1.17,,,
LTU,Lithuania,Long hours in paid work,PT_SAL,2025,0.89,A,long_hours,Work,lived,-1,core,False,pct,-0.89,,,
LUX,Luxembourg,Long hours in paid work,PT_SAL,2010,3.68,A,long_hours,Work,lived,-1,core,False,pct,-3.68,,,
LUX,Luxembourg,Long hours in paid work,PT_SAL,2011,2.6,A,long_hours,Work,lived,-1,core,False,pct,-2.6,,,
LUX,Luxembourg,Long hours in paid work,PT_SAL,2012,3.16,A,long_hours,Work,lived,-1,core,False,pct,-3.16,,,
LUX,Luxembourg,Long hours in paid work,PT_SAL,2013,3.47,A,long_hours,Work,lived,-1,core,False,pct,-3.47,,,
LUX,Luxembourg,Long hours in paid work,PT_SAL,2014,3.26,A,long_hours,Work,lived,-1,core,False,pct,-3.26,,,
LUX,Luxembourg,Long hours in paid work,PT_SAL,2015,3.7,A,long_hours,Work,lived,-1,core,False,pct,-3.7,,,
LUX,Luxembourg,Long hours in paid work,PT_SAL,2016,3.91,A,long_hours,Work,lived,-1,core,False,pct,-3.91,,,
LUX,Luxembourg,Long hours in paid work,PT_SAL,2017,4.09,A,long_hours,Work,lived,-1,core,False,pct,-4.09,,,
LUX,Luxembourg,Long hours in paid work,PT_SAL,2018,2.75,A,long_hours,Work,lived,-1,core,False,pct,-2.75,,,
LUX,Luxembourg,Long hours in paid work,PT_SAL,2019,2.74,A,long_hours,Work,lived,-1,core,False,pct,-2.74,,,
LUX,Luxembourg,Long hours in paid work,PT_SAL,2020,2.74,A,long_hours,Work,lived,-1,core,False,pct,-2.74,,,
LUX,Luxembourg,Long hours in paid work,PT_SAL,2021,6.8,A,long_hours,Work,lived,-1,core,False,pct,-6.8,,,
LUX,Luxembourg,Long hours in paid work,PT_SAL,2022,5.65,A,long_hours,Work,lived,-1,core,False,pct,-5.65,,,
LUX,Luxembourg,Long hours in paid work,PT_SAL,2023,5.41,A,long_hours,Work,lived,-1,core,False,pct,-5.41,,,
LUX,Luxembourg,Long hours in paid work,PT_SAL,2024,5.62,A,long_hours,Work,lived,-1,core,False,pct,-5.62,,,
LUX,Luxembourg,Long hours in paid work,PT_SAL,2025,5.09,A,long_hours,Work,lived,-1,core,False,pct,-5.09,,,
LVA,Latvia,Long hours in paid work,PT_SAL,2010,2.49,A,long_hours,Work,lived,-1,core,False,pct,-2.49,,,
LVA,Latvia,Long hours in paid work,PT_SAL,2011,2.27,A,long_hours,Work,lived,-1,core,False,pct,-2.27,,,
LVA,Latvia,Long hours in paid work,PT_SAL,2012,2.55,A,long_hours,Work,lived,-1,core,False,pct,-2.55,,,
LVA,Latvia,Long hours in paid work,PT_SAL,2013,2.27,A,long_hours,Work,lived,-1,core,False,pct,-2.27,,,
LVA,Latvia,Long hours in paid work,PT_SAL,2014,2.44,A,long_hours,Work,lived,-1,core,False,pct,-2.44,,,
LVA,Latvia,Long hours in paid work,PT_SAL,2015,2.34,A,long_hours,Work,lived,-1,core,False,pct,-2.34,,,
LVA,Latvia,Long hours in paid work,PT_SAL,2016,2.27,A,long_hours,Work,lived,-1,core,False,pct,-2.27,,,
LVA,Latvia,Long hours in paid work,PT_SAL,2017,1.74,A,long_hours,Work,lived,-1,core,False,pct,-1.74,,,
LVA,Latvia,Long hours in paid work,PT_SAL,2018,1.72,A,long_hours,Work,lived,-1,core,False,pct,-1.72,,,
LVA,Latvia,Long hours in paid work,PT_SAL,2019,1.38,A,long_hours,Work,lived,-1,core,False,pct,-1.38,,,
LVA,Latvia,Long hours in paid work,PT_SAL,2020,1.64,A,long_hours,Work,lived,-1,core,False,pct,-1.64,,,
LVA,Latvia,Long hours in paid work,PT_SAL,2021,0.86,A,long_hours,Work,lived,-1,core,False,pct,-0.86,,,
LVA,Latvia,Long hours in paid work,PT_SAL,2022,0.77,A,long_hours,Work,lived,-1,core,False,pct,-0.77,,,
LVA,Latvia,Long hours in paid work,PT_SAL,2023,0.69,A,long_hours,Work,lived,-1,core,False,pct,-0.69,,,
LVA,Latvia,Long hours in paid work,PT_SAL,2024,0.48,A,long_hours,Work,lived,-1,core,False,pct,-0.48,,,
LVA,Latvia,Long hours in paid work,PT_SAL,2025,0.65,A,long_hours,Work,lived,-1,core,False,pct,-0.65,,,
MEX,Mexico,Long hours in paid work,PT_SAL,2010,29.28,A,long_hours,Work,lived,-1,core,False,pct,-29.28,,,
MEX,Mexico,Long hours in paid work,PT_SAL,2011,28.56,A,long_hours,Work,lived,-1,core,False,pct,-28.56,,,
MEX,Mexico,Long hours in paid work,PT_SAL,2012,28.88,A,long_hours,Work,lived,-1,core,False,pct,-28.88,,,
MEX,Mexico,Long hours in paid work,PT_SAL,2013,28.81,A,long_hours,Work,lived,-1,core,False,pct,-28.81,,,
MEX,Mexico,Long hours in paid work,PT_SAL,2014,28.62,A,long_hours,Work,lived,-1,core,False,pct,-28.62,,,
MEX,Mexico,Long hours in paid work,PT_SAL,2015,29.43,A,long_hours,Work,lived,-1,core,False,pct,-29.43,,,
MEX,Mexico,Long hours in paid work,PT_SAL,2016,29.29,A,long_hours,Work,lived,-1,core,False,pct,-29.29,,,
MEX,Mexico,Long hours in paid work,PT_SAL,2017,28.7,A,long_hours,Work,lived,-1,core,False,pct,-28.7,,,
MEX,Mexico,Long hours in paid work,PT_SAL,2018,28.72,A,long_hours,Work,lived,-1,core,False,pct,-28.72,,,
MEX,Mexico,Long hours in paid work,PT_SAL,2019,28.15,A,long_hours,Work,lived,-1,core,False,pct,-28.15,,,
MEX,Mexico,Long hours in paid work,PT_SAL,2020,26.97,A,long_hours,Work,lived,-1,core,False,pct,-26.97,,,
MEX,Mexico,Long hours in paid work,PT_SAL,2021,27.43,A,long_hours,Work,lived,-1,core,False,pct,-27.43,,,
MEX,Mexico,Long hours in paid work,PT_SAL,2022,27.19,A,long_hours,Work,lived,-1,core,False,pct,-27.19,,,
MEX,Mexico,Long hours in paid work,PT_SAL,2023,26.66,A,long_hours,Work,lived,-1,core,False,pct,-26.66,,,
MEX,Mexico,Long hours in paid work,PT_SAL,2024,25.91,A,long_hours,Work,lived,-1,core,False,pct,-25.91,,,
MEX,Mexico,Long hours in paid work,PT_SAL,2025,24.68,A,long_hours,Work,lived,-1,core,False,pct,-24.68,,,
NLD,Netherlands,Long hours in paid work,PT_SAL,2010,0.68,A,long_hours,Work,lived,-1,core,False,pct,-0.68,,,
NLD,Netherlands,Long hours in paid work,PT_SAL,2011,0.66,A,long_hours,Work,lived,-1,core,False,pct,-0.66,,,
NLD,Netherlands,Long hours in paid work,PT_SAL,2012,0.59,A,long_hours,Work,lived,-1,core,False,pct,-0.59,,,
NLD,Netherlands,Long hours in paid work,PT_SAL,2013,0.45,A,long_hours,Work,lived,-1,core,False,pct,-0.45,,,
NLD,Netherlands,Long hours in paid work,PT_SAL,2014,0.45,A,long_hours,Work,lived,-1,core,False,pct,-0.45,,,
NLD,Netherlands,Long hours in paid work,PT_SAL,2015,0.51,A,long_hours,Work,lived,-1,core,False,pct,-0.51,,,
NLD,Netherlands,Long hours in paid work,PT_SAL,2016,0.47,A,long_hours,Work,lived,-1,core,False,pct,-0.47,,,
NLD,Netherlands,Long hours in paid work,PT_SAL,2017,0.47,A,long_hours,Work,lived,-1,core,False,pct,-0.47,,,
NLD,Netherlands,Long hours in paid work,PT_SAL,2018,0.51,A,long_hours,Work,lived,-1,core,False,pct,-0.51,,,
NLD,Netherlands,Long hours in paid work,PT_SAL,2019,0.48,A,long_hours,Work,lived,-1,core,False,pct,-0.48,,,
NLD,Netherlands,Long hours in paid work,PT_SAL,2020,0.33,A,long_hours,Work,lived,-1,core,False,pct,-0.33,,,
NLD,Netherlands,Long hours in paid work,PT_SAL,2021,2.5,A,long_hours,Work,lived,-1,core,False,pct,-2.5,,,
NLD,Netherlands,Long hours in paid work,PT_SAL,2022,2.41,A,long_hours,Work,lived,-1,core,False,pct,-2.41,,,
NLD,Netherlands,Long hours in paid work,PT_SAL,2023,2.19,A,long_hours,Work,lived,-1,core,False,pct,-2.19,,,
NLD,Netherlands,Long hours in paid work,PT_SAL,2024,1.97,A,long_hours,Work,lived,-1,core,False,pct,-1.97,,,
NLD,Netherlands,Long hours in paid work,PT_SAL,2025,1.84,A,long_hours,Work,lived,-1,core,False,pct,-1.84,,,
NOR,Norway,Long hours in paid work,PT_SAL,2010,2.65,A,long_hours,Work,lived,-1,core,False,pct,-2.65,,,
NOR,Norway,Long hours in paid work,PT_SAL,2011,2.88,A,long_hours,Work,lived,-1,core,False,pct,-2.88,,,
NOR,Norway,Long hours in paid work,PT_SAL,2012,3.06,A,long_hours,Work,lived,-1,core,False,pct,-3.06,,,
NOR,Norway,Long hours in paid work,PT_SAL,2013,2.75,A,long_hours,Work,lived,-1,core,False,pct,-2.75,,,
NOR,Norway,Long hours in paid work,PT_SAL,2014,3.02,A,long_hours,Work,lived,-1,core,False,pct,-3.02,,,
NOR,Norway,Long hours in paid work,PT_SAL,2015,3.08,A,long_hours,Work,lived,-1,core,False,pct,-3.08,,,
NOR,Norway,Long hours in paid work,PT_SAL,2016,3.11,A,long_hours,Work,lived,-1,core,False,pct,-3.11,,,
NOR,Norway,Long hours in paid work,PT_SAL,2017,2.99,A,long_hours,Work,lived,-1,core,False,pct,-2.99,,,
NOR,Norway,Long hours in paid work,PT_SAL,2018,2.86,A,long_hours,Work,lived,-1,core,False,pct,-2.86,,,
NOR,Norway,Long hours in paid work,PT_SAL,2019,1.31,A,long_hours,Work,lived,-1,core,False,pct,-1.31,,,
NOR,Norway,Long hours in paid work,PT_SAL,2020,1.38,A,long_hours,Work,lived,-1,core,False,pct,-1.38,,,
NOR,Norway,Long hours in paid work,PT_SAL,2021,3.53,A,long_hours,Work,lived,-1,core,False,pct,-3.53,,,
NOR,Norway,Long hours in paid work,PT_SAL,2022,3.95,A,long_hours,Work,lived,-1,core,False,pct,-3.95,,,
NOR,Norway,Long hours in paid work,PT_SAL,2023,4.16,A,long_hours,Work,lived,-1,core,False,pct,-4.16,,,
NOR,Norway,Long hours in paid work,PT_SAL,2024,4.06,A,long_hours,Work,lived,-1,core,False,pct,-4.06,,,
NOR,Norway,Long hours in paid work,PT_SAL,2025,4.14,A,long_hours,Work,lived,-1,core,False,pct,-4.14,,,
NZL,New Zealand,Long hours in paid work,PT_SAL,2010,13.58,A,long_hours,Work,lived,-1,core,False,pct,-13.58,,,
NZL,New Zealand,Long hours in paid work,PT_SAL,2011,13.06,A,long_hours,Work,lived,-1,core,False,pct,-13.06,,,
NZL,New Zealand,Long hours in paid work,PT_SAL,2012,13.07,A,long_hours,Work,lived,-1,core,False,pct,-13.07,,,
NZL,New Zealand,Long hours in paid work,PT_SAL,2013,13.94,A,long_hours,Work,lived,-1,core,False,pct,-13.94,,,
NZL,New Zealand,Long hours in paid work,PT_SAL,2014,13.82,A,long_hours,Work,lived,-1,core,False,pct,-13.82,,,
NZL,New Zealand,Long hours in paid work,PT_SAL,2015,13.45,A,long_hours,Work,lived,-1,core,False,pct,-13.45,,,
NZL,New Zealand,Long hours in paid work,PT_SAL,2016,14.93,A,long_hours,Work,lived,-1,core,False,pct,-14.93,,,
NZL,New Zealand,Long hours in paid work,PT_SAL,2017,15.28,A,long_hours,Work,lived,-1,core,False,pct,-15.28,,,
NZL,New Zealand,Long hours in paid work,PT_SAL,2018,15.41,A,long_hours,Work,lived,-1,core,False,pct,-15.41,,,
NZL,New Zealand,Long hours in paid work,PT_SAL,2019,14.85,A,long_hours,Work,lived,-1,core,False,pct,-14.85,,,
NZL,New Zealand,Long hours in paid work,PT_SAL,2020,14.03,A,long_hours,Work,lived,-1,core,False,pct,-14.03,,,
NZL,New Zealand,Long hours in paid work,PT_SAL,2021,13.93,A,long_hours,Work,lived,-1,core,False,pct,-13.93,,,
NZL,New Zealand,Long hours in paid work,PT_SAL,2022,14.03,A,long_hours,Work,lived,-1,core,False,pct,-14.03,,,
NZL,New Zealand,Long hours in paid work,PT_SAL,2023,12.97,A,long_hours,Work,lived,-1,core,False,pct,-12.97,,,
NZL,New Zealand,Long hours in paid work,PT_SAL,2024,11.57,A,long_hours,Work,lived,-1,core,False,pct,-11.57,,,
NZL,New Zealand,Long hours in paid work,PT_SAL,2025,11.11,A,long_hours,Work,lived,-1,core,False,pct,-11.11,,,
POL,Poland,Long hours in paid work,PT_SAL,2010,7.39,A,long_hours,Work,lived,-1,core,False,pct,-7.39,,,
POL,Poland,Long hours in paid work,PT_SAL,2011,7.27,A,long_hours,Work,lived,-1,core,False,pct,-7.27,,,
POL,Poland,Long hours in paid work,PT_SAL,2012,7.58,A,long_hours,Work,lived,-1,core,False,pct,-7.58,,,
POL,Poland,Long hours in paid work,PT_SAL,2013,7.41,A,long_hours,Work,lived,-1,core,False,pct,-7.41,,,
POL,Poland,Long hours in paid work,PT_SAL,2014,7.25,A,long_hours,Work,lived,-1,core,False,pct,-7.25,,,
POL,Poland,Long hours in paid work,PT_SAL,2015,6.83,A,long_hours,Work,lived,-1,core,False,pct,-6.83,,,
POL,Poland,Long hours in paid work,PT_SAL,2016,6.67,A,long_hours,Work,lived,-1,core,False,pct,-6.67,,,
POL,Poland,Long hours in paid work,PT_SAL,2017,5.96,A,long_hours,Work,lived,-1,core,False,pct,-5.96,,,
POL,Poland,Long hours in paid work,PT_SAL,2018,5.59,A,long_hours,Work,lived,-1,core,False,pct,-5.59,,,
POL,Poland,Long hours in paid work,PT_SAL,2019,5.21,A,long_hours,Work,lived,-1,core,False,pct,-5.21,,,
POL,Poland,Long hours in paid work,PT_SAL,2020,4.16,A,long_hours,Work,lived,-1,core,False,pct,-4.16,,,
POL,Poland,Long hours in paid work,PT_SAL,2021,3.42,A,long_hours,Work,lived,-1,core,False,pct,-3.42,,,
POL,Poland,Long hours in paid work,PT_SAL,2022,2.98,A,long_hours,Work,lived,-1,core,False,pct,-2.98,,,
POL,Poland,Long hours in paid work,PT_SAL,2023,2.89,A,long_hours,Work,lived,-1,core,False,pct,-2.89,,,
POL,Poland,Long hours in paid work,PT_SAL,2024,3.04,A,long_hours,Work,lived,-1,core,False,pct,-3.04,,,
POL,Poland,Long hours in paid work,PT_SAL,2025,2.84,A,long_hours,Work,lived,-1,core,False,pct,-2.84,,,
PRT,Portugal,Long hours in paid work,PT_SAL,2010,4.94,A,long_hours,Work,lived,-1,core,False,pct,-4.94,,,
PRT,Portugal,Long hours in paid work,PT_SAL,2011,8.05,A,long_hours,Work,lived,-1,core,False,pct,-8.05,,,
PRT,Portugal,Long hours in paid work,PT_SAL,2012,8.76,A,long_hours,Work,lived,-1,core,False,pct,-8.76,,,
PRT,Portugal,Long hours in paid work,PT_SAL,2013,9.2,A,long_hours,Work,lived,-1,core,False,pct,-9.2,,,
PRT,Portugal,Long hours in paid work,PT_SAL,2014,9.44,A,long_hours,Work,lived,-1,core,False,pct,-9.44,,,
PRT,Portugal,Long hours in paid work,PT_SAL,2015,8.48,A,long_hours,Work,lived,-1,core,False,pct,-8.48,,,
PRT,Portugal,Long hours in paid work,PT_SAL,2016,8.0,A,long_hours,Work,lived,-1,core,False,pct,-8.0,,,
PRT,Portugal,Long hours in paid work,PT_SAL,2017,8.1,A,long_hours,Work,lived,-1,core,False,pct,-8.1,,,
PRT,Portugal,Long hours in paid work,PT_SAL,2018,7.71,A,long_hours,Work,lived,-1,core,False,pct,-7.71,,,
PRT,Portugal,Long hours in paid work,PT_SAL,2019,7.73,A,long_hours,Work,lived,-1,core,False,pct,-7.73,,,
PRT,Portugal,Long hours in paid work,PT_SAL,2020,6.15,A,long_hours,Work,lived,-1,core,False,pct,-6.15,,,
PRT,Portugal,Long hours in paid work,PT_SAL,2021,7.34,A,long_hours,Work,lived,-1,core,False,pct,-7.34,,,
PRT,Portugal,Long hours in paid work,PT_SAL,2022,6.98,A,long_hours,Work,lived,-1,core,False,pct,-6.98,,,
PRT,Portugal,Long hours in paid work,PT_SAL,2023,6.84,A,long_hours,Work,lived,-1,core,False,pct,-6.84,,,
PRT,Portugal,Long hours in paid work,PT_SAL,2024,6.88,A,long_hours,Work,lived,-1,core,False,pct,-6.88,,,
PRT,Portugal,Long hours in paid work,PT_SAL,2025,6.48,A,long_hours,Work,lived,-1,core,False,pct,-6.48,,,
ROU,Romania,Long hours in paid work,PT_SAL,2010,2.48,A,long_hours,Work,lived,-1,core,False,pct,-2.48,,,
ROU,Romania,Long hours in paid work,PT_SAL,2011,2.36,A,long_hours,Work,lived,-1,core,False,pct,-2.36,,,
ROU,Romania,Long hours in paid work,PT_SAL,2012,2.38,A,long_hours,Work,lived,-1,core,False,pct,-2.38,,,
ROU,Romania,Long hours in paid work,PT_SAL,2013,2.49,A,long_hours,Work,lived,-1,core,False,pct,-2.49,,,
ROU,Romania,Long hours in paid work,PT_SAL,2014,2.41,A,long_hours,Work,lived,-1,core,False,pct,-2.41,,,
ROU,Romania,Long hours in paid work,PT_SAL,2015,2.22,A,long_hours,Work,lived,-1,core,False,pct,-2.22,,,
ROU,Romania,Long hours in paid work,PT_SAL,2016,2.13,A,long_hours,Work,lived,-1,core,False,pct,-2.13,,,
ROU,Romania,Long hours in paid work,PT_SAL,2017,1.82,A,long_hours,Work,lived,-1,core,False,pct,-1.82,,,
ROU,Romania,Long hours in paid work,PT_SAL,2018,1.43,A,long_hours,Work,lived,-1,core,False,pct,-1.43,,,
ROU,Romania,Long hours in paid work,PT_SAL,2019,1.76,A,long_hours,Work,lived,-1,core,False,pct,-1.76,,,
ROU,Romania,Long hours in paid work,PT_SAL,2020,1.68,A,long_hours,Work,lived,-1,core,False,pct,-1.68,,,
ROU,Romania,Long hours in paid work,PT_SAL,2021,1.81,A,long_hours,Work,lived,-1,core,False,pct,-1.81,,,
ROU,Romania,Long hours in paid work,PT_SAL,2022,1.44,A,long_hours,Work,lived,-1,core,False,pct,-1.44,,,
ROU,Romania,Long hours in paid work,PT_SAL,2023,1.12,A,long_hours,Work,lived,-1,core,False,pct,-1.12,,,
ROU,Romania,Long hours in paid work,PT_SAL,2024,1.1,A,long_hours,Work,lived,-1,core,False,pct,-1.1,,,
ROU,Romania,Long hours in paid work,PT_SAL,2025,0.71,A,long_hours,Work,lived,-1,core,False,pct,-0.71,,,
SVK,Slovak Republic,Long hours in paid work,PT_SAL,2010,5.41,A,long_hours,Work,lived,-1,core,False,pct,-5.41,,,
SVK,Slovak Republic,Long hours in paid work,PT_SAL,2011,6.11,A,long_hours,Work,lived,-1,core,False,pct,-6.11,,,
SVK,Slovak Republic,Long hours in paid work,PT_SAL,2012,6.47,A,long_hours,Work,lived,-1,core,False,pct,-6.47,,,
SVK,Slovak Republic,Long hours in paid work,PT_SAL,2013,7.02,A,long_hours,Work,lived,-1,core,False,pct,-7.02,,,
SVK,Slovak Republic,Long hours in paid work,PT_SAL,2014,6.22,A,long_hours,Work,lived,-1,core,False,pct,-6.22,,,
SVK,Slovak Republic,Long hours in paid work,PT_SAL,2015,5.58,A,long_hours,Work,lived,-1,core,False,pct,-5.58,,,
SVK,Slovak Republic,Long hours in paid work,PT_SAL,2016,5.02,A,long_hours,Work,lived,-1,core,False,pct,-5.02,,,
SVK,Slovak Republic,Long hours in paid work,PT_SAL,2017,4.13,A,long_hours,Work,lived,-1,core,False,pct,-4.13,,,
SVK,Slovak Republic,Long hours in paid work,PT_SAL,2018,3.96,A,long_hours,Work,lived,-1,core,False,pct,-3.96,,,
SVK,Slovak Republic,Long hours in paid work,PT_SAL,2019,4.58,A,long_hours,Work,lived,-1,core,False,pct,-4.58,,,
SVK,Slovak Republic,Long hours in paid work,PT_SAL,2020,4.15,A,long_hours,Work,lived,-1,core,False,pct,-4.15,,,
SVK,Slovak Republic,Long hours in paid work,PT_SAL,2021,2.9,A,long_hours,Work,lived,-1,core,False,pct,-2.9,,,
SVK,Slovak Republic,Long hours in paid work,PT_SAL,2022,2.96,A,long_hours,Work,lived,-1,core,False,pct,-2.96,,,
SVK,Slovak Republic,Long hours in paid work,PT_SAL,2023,2.6,A,long_hours,Work,lived,-1,core,False,pct,-2.6,,,
SVK,Slovak Republic,Long hours in paid work,PT_SAL,2024,2.88,A,long_hours,Work,lived,-1,core,False,pct,-2.88,,,
SVK,Slovak Republic,Long hours in paid work,PT_SAL,2025,2.65,A,long_hours,Work,lived,-1,core,False,pct,-2.65,,,
SVN,Slovenia,Long hours in paid work,PT_SAL,2010,6.08,A,long_hours,Work,lived,-1,core,False,pct,-6.08,,,
SVN,Slovenia,Long hours in paid work,PT_SAL,2011,5.55,A,long_hours,Work,lived,-1,core,False,pct,-5.55,,,
SVN,Slovenia,Long hours in paid work,PT_SAL,2012,5.71,A,long_hours,Work,lived,-1,core,False,pct,-5.71,,,
SVN,Slovenia,Long hours in paid work,PT_SAL,2013,5.62,A,long_hours,Work,lived,-1,core,False,pct,-5.62,,,
SVN,Slovenia,Long hours in paid work,PT_SAL,2014,5.49,A,long_hours,Work,lived,-1,core,False,pct,-5.49,,,
SVN,Slovenia,Long hours in paid work,PT_SAL,2015,5.35,A,long_hours,Work,lived,-1,core,False,pct,-5.35,,,
SVN,Slovenia,Long hours in paid work,PT_SAL,2016,4.48,A,long_hours,Work,lived,-1,core,False,pct,-4.48,,,
SVN,Slovenia,Long hours in paid work,PT_SAL,2017,4.49,A,long_hours,Work,lived,-1,core,False,pct,-4.49,,,
SVN,Slovenia,Long hours in paid work,PT_SAL,2018,4.22,A,long_hours,Work,lived,-1,core,False,pct,-4.22,,,
SVN,Slovenia,Long hours in paid work,PT_SAL,2019,4.05,A,long_hours,Work,lived,-1,core,False,pct,-4.05,,,
SVN,Slovenia,Long hours in paid work,PT_SAL,2020,4.2,A,long_hours,Work,lived,-1,core,False,pct,-4.2,,,
SVN,Slovenia,Long hours in paid work,PT_SAL,2021,4.09,A,long_hours,Work,lived,-1,core,False,pct,-4.09,,,
SVN,Slovenia,Long hours in paid work,PT_SAL,2022,3.31,A,long_hours,Work,lived,-1,core,False,pct,-3.31,,,
SVN,Slovenia,Long hours in paid work,PT_SAL,2023,3.16,A,long_hours,Work,lived,-1,core,False,pct,-3.16,,,
SVN,Slovenia,Long hours in paid work,PT_SAL,2024,2.88,A,long_hours,Work,lived,-1,core,False,pct,-2.88,,,
SVN,Slovenia,Long hours in paid work,PT_SAL,2025,2.04,A,long_hours,Work,lived,-1,core,False,pct,-2.04,,,
SWE,Sweden,Long hours in paid work,PT_SAL,2010,1.28,A,long_hours,Work,lived,-1,core,False,pct,-1.28,,,
SWE,Sweden,Long hours in paid work,PT_SAL,2011,1.2,A,long_hours,Work,lived,-1,core,False,pct,-1.2,,,
SWE,Sweden,Long hours in paid work,PT_SAL,2012,1.14,A,long_hours,Work,lived,-1,core,False,pct,-1.14,,,
SWE,Sweden,Long hours in paid work,PT_SAL,2013,1.13,A,long_hours,Work,lived,-1,core,False,pct,-1.13,,,
SWE,Sweden,Long hours in paid work,PT_SAL,2014,1.09,A,long_hours,Work,lived,-1,core,False,pct,-1.09,,,
SWE,Sweden,Long hours in paid work,PT_SAL,2015,1.11,A,long_hours,Work,lived,-1,core,False,pct,-1.11,,,
SWE,Sweden,Long hours in paid work,PT_SAL,2016,1.11,A,long_hours,Work,lived,-1,core,False,pct,-1.11,,,
SWE,Sweden,Long hours in paid work,PT_SAL,2017,1.06,A,long_hours,Work,lived,-1,core,False,pct,-1.06,,,
SWE,Sweden,Long hours in paid work,PT_SAL,2018,0.97,A,long_hours,Work,lived,-1,core,False,pct,-0.97,,,
SWE,Sweden,Long hours in paid work,PT_SAL,2019,0.87,A,long_hours,Work,lived,-1,core,False,pct,-0.87,,,
SWE,Sweden,Long hours in paid work,PT_SAL,2020,0.92,A,long_hours,Work,lived,-1,core,False,pct,-0.92,,,
SWE,Sweden,Long hours in paid work,PT_SAL,2021,5.61,A,long_hours,Work,lived,-1,core,False,pct,-5.61,,,
SWE,Sweden,Long hours in paid work,PT_SAL,2022,5.59,A,long_hours,Work,lived,-1,core,False,pct,-5.59,,,
SWE,Sweden,Long hours in paid work,PT_SAL,2023,5.41,A,long_hours,Work,lived,-1,core,False,pct,-5.41,,,
SWE,Sweden,Long hours in paid work,PT_SAL,2024,5.16,A,long_hours,Work,lived,-1,core,False,pct,-5.16,,,
SWE,Sweden,Long hours in paid work,PT_SAL,2025,4.94,A,long_hours,Work,lived,-1,core,False,pct,-4.94,,,
TUR,Türkiye,Long hours in paid work,PT_SAL,2010,45.62,A,long_hours,Work,lived,-1,core,False,pct,-45.62,,,
TUR,Türkiye,Long hours in paid work,PT_SAL,2011,46.13,A,long_hours,Work,lived,-1,core,False,pct,-46.13,,,
TUR,Türkiye,Long hours in paid work,PT_SAL,2012,43.29,A,long_hours,Work,lived,-1,core,False,pct,-43.29,,,
TUR,Türkiye,Long hours in paid work,PT_SAL,2013,40.85,A,long_hours,Work,lived,-1,core,False,pct,-40.85,,,
TUR,Türkiye,Long hours in paid work,PT_SAL,2014,39.32,A,long_hours,Work,lived,-1,core,False,pct,-39.32,,,
TUR,Türkiye,Long hours in paid work,PT_SAL,2015,36.85,A,long_hours,Work,lived,-1,core,False,pct,-36.85,,,
TUR,Türkiye,Long hours in paid work,PT_SAL,2016,33.8,A,long_hours,Work,lived,-1,core,False,pct,-33.8,,,
TUR,Türkiye,Long hours in paid work,PT_SAL,2017,32.64,A,long_hours,Work,lived,-1,core,False,pct,-32.64,,,
TUR,Türkiye,Long hours in paid work,PT_SAL,2018,29.82,A,long_hours,Work,lived,-1,core,False,pct,-29.82,,,
TUR,Türkiye,Long hours in paid work,PT_SAL,2019,27.63,A,long_hours,Work,lived,-1,core,False,pct,-27.63,,,
TUR,Türkiye,Long hours in paid work,PT_SAL,2020,25.05,A,long_hours,Work,lived,-1,core,False,pct,-25.05,,,
TUR,Türkiye,Long hours in paid work,PT_SAL,2021,27.47,A,long_hours,Work,lived,-1,core,False,pct,-27.47,,,
TUR,Türkiye,Long hours in paid work,PT_SAL,2022,25.36,A,long_hours,Work,lived,-1,core,False,pct,-25.36,,,
TUR,Türkiye,Long hours in paid work,PT_SAL,2023,23.51,A,long_hours,Work,lived,-1,core,False,pct,-23.51,,,
TUR,Türkiye,Long hours in paid work,PT_SAL,2024,22.53,A,long_hours,Work,lived,-1,core,False,pct,-22.53,,,
TUR,Türkiye,Long hours in paid work,PT_SAL,2025,23.4,A,long_hours,Work,lived,-1,core,False,pct,-23.4,,,
USA,United States,Long hours in paid work,PT_SAL,2010,10.76,A,long_hours,Work,lived,-1,core,False,pct,-10.76,,,
USA,United States,Long hours in paid work,PT_SAL,2011,11.03,A,long_hours,Work,lived,-1,core,False,pct,-11.03,,,
USA,United States,Long hours in paid work,PT_SAL,2012,11.34,A,long_hours,Work,lived,-1,core,False,pct,-11.34,,,
USA,United States,Long hours in paid work,PT_SAL,2013,11.2,A,long_hours,Work,lived,-1,core,False,pct,-11.2,,,
USA,United States,Long hours in paid work,PT_SAL,2014,11.59,A,long_hours,Work,lived,-1,core,False,pct,-11.59,,,
USA,United States,Long hours in paid work,PT_SAL,2015,11.43,A,long_hours,Work,lived,-1,core,False,pct,-11.43,,,
USA,United States,Long hours in paid work,PT_SAL,2016,11.23,A,long_hours,Work,lived,-1,core,False,pct,-11.23,,,
USA,United States,Long hours in paid work,PT_SAL,2017,11.02,A,long_hours,Work,lived,-1,core,False,pct,-11.02,,,
USA,United States,Long hours in paid work,PT_SAL,2018,11.15,A,long_hours,Work,lived,-1,core,False,pct,-11.15,,,
USA,United States,Long hours in paid work,PT_SAL,2019,11.02,A,long_hours,Work,lived,-1,core,False,pct,-11.02,,,
USA,United States,Long hours in paid work,PT_SAL,2020,10.4,A,long_hours,Work,lived,-1,core,False,pct,-10.4,,,
USA,United States,Long hours in paid work,PT_SAL,2021,10.29,A,long_hours,Work,lived,-1,core,False,pct,-10.29,,,
USA,United States,Long hours in paid work,PT_SAL,2022,10.22,A,long_hours,Work,lived,-1,core,False,pct,-10.22,,,
USA,United States,Long hours in paid work,PT_SAL,2023,9.47,A,long_hours,Work,lived,-1,core,False,pct,-9.47,,,
USA,United States,Long hours in paid work,PT_SAL,2024,9.17,A,long_hours,Work,lived,-1,core,False,pct,-9.17,,,
USA,United States,Long hours in paid work,PT_SAL,2025,8.9,A,long_hours,Work,lived,-1,core,False,pct,-8.9,,,
ZAF,South Africa,Long hours in paid work,PT_SAL,2010,19.43,A,long_hours,Work,lived,-1,core,False,pct,-19.43,,,
ZAF,South Africa,Long hours in paid work,PT_SAL,2011,19.2,A,long_hours,Work,lived,-1,core,False,pct,-19.2,,,
ZAF,South Africa,Long hours in paid work,PT_SAL,2012,18.7,A,long_hours,Work,lived,-1,core,False,pct,-18.7,,,
ZAF,South Africa,Long hours in paid work,PT_SAL,2013,18.41,A,long_hours,Work,lived,-1,core,False,pct,-18.41,,,
ZAF,South Africa,Long hours in paid work,PT_SAL,2014,18.04,A,long_hours,Work,lived,-1,core,False,pct,-18.04,,,
ZAF,South Africa,Long hours in paid work,PT_SAL,2015,18.41,A,long_hours,Work,lived,-1,core,False,pct,-18.41,,,
ZAF,South Africa,Long hours in paid work,PT_SAL,2016,18.61,A,long_hours,Work,lived,-1,core,False,pct,-18.61,,,
ZAF,South Africa,Long hours in paid work,PT_SAL,2017,18.11,A,long_hours,Work,lived,-1,core,False,pct,-18.11,,,
ZAF,South Africa,Long hours in paid work,PT_SAL,2018,17.53,A,long_hours,Work,lived,-1,core,False,pct,-17.53,,,
ZAF,South Africa,Long hours in paid work,PT_SAL,2019,17.31,A,long_hours,Work,lived,-1,core,False,pct,-17.31,,,
ZAF,South Africa,Long hours in paid work,PT_SAL,2020,15.45,A,long_hours,Work,lived,-1,core,False,pct,-15.45,,,
ZAF,South Africa,Long hours in paid work,PT_SAL,2021,14.36,A,long_hours,Work,lived,-1,core,False,pct,-14.36,,,
ZAF,South Africa,Long hours in paid work,PT_SAL,2022,15.34,A,long_hours,Work,lived,-1,core,False,pct,-15.34,,,
ZAF,South Africa,Long hours in paid work,PT_SAL,2023,15.94,A,long_hours,Work,lived,-1,core,False,pct,-15.94,,,
ZAF,South Africa,Long hours in paid work,PT_SAL,2024,14.87,A,long_hours,Work,lived,-1,core,False,pct,-14.87,,,
ZAF,South Africa,Long hours in paid work,PT_SAL,2025,14.41,A,long_hours,Work,lived,-1,core,False,pct,-14.41,,,
ARG,Argentina,Negative affect balance,PT_POP_Y_GE15,2010,10.9102693605,A,negative_affect,Subjective,lived,-1,core,True,pct,-10.9102693605,2008-10,2009.0,0.0
ARG,Argentina,Negative affect balance,PT_POP_Y_GE15,2011,11.5187606986,A,negative_affect,Subjective,lived,-1,core,True,pct,-11.5187606986,2011-13,2012.0,1.0
ARG,Argentina,Negative affect balance,PT_POP_Y_GE15,2014,11.433124085,A,negative_affect,Subjective,lived,-1,core,True,pct,-11.433124085,2014-16,2015.0,2.0
ARG,Argentina,Negative affect balance,PT_POP_Y_GE15,2017,14.5769097193,A,negative_affect,Subjective,lived,-1,core,True,pct,-14.5769097193,2017-19,2018.0,3.0
ARG,Argentina,Negative affect balance,PT_POP_Y_GE15,2020,16.3238567112,A,negative_affect,Subjective,lived,-1,core,True,pct,-16.3238567112,2020-22,2021.0,4.0
ARG,Argentina,Negative affect balance,PT_POP_Y_GE15,2023,12.2693762673,A,negative_affect,Subjective,lived,-1,core,True,pct,-12.2693762673,2023-25,2024.0,5.0
AUT,Austria,Negative affect balance,PT_POP_Y_GE15,2010,8.5438249521,A,negative_affect,Subjective,lived,-1,core,True,pct,-8.5438249521,2008-10,2009.0,0.0
AUT,Austria,Negative affect balance,PT_POP_Y_GE15,2011,9.331131724,A,negative_affect,Subjective,lived,-1,core,True,pct,-9.331131724,2011-13,2012.0,1.0
AUT,Austria,Negative affect balance,PT_POP_Y_GE15,2014,9.7300379927,A,negative_affect,Subjective,lived,-1,core,True,pct,-9.7300379927,2014-16,2015.0,2.0
AUT,Austria,Negative affect balance,PT_POP_Y_GE15,2017,10.2375711153,A,negative_affect,Subjective,lived,-1,core,True,pct,-10.2375711153,2017-19,2018.0,3.0
AUT,Austria,Negative affect balance,PT_POP_Y_GE15,2020,7.6367416561,A,negative_affect,Subjective,lived,-1,core,True,pct,-7.6367416561,2020-22,2021.0,4.0
AUT,Austria,Negative affect balance,PT_POP_Y_GE15,2023,9.0010082006,A,negative_affect,Subjective,lived,-1,core,True,pct,-9.0010082006,2023-25,2024.0,5.0
BEL,Belgium,Negative affect balance,PT_POP_Y_GE15,2010,10.652678099,A,negative_affect,Subjective,lived,-1,core,True,pct,-10.652678099,2008-10,2009.0,0.0
BEL,Belgium,Negative affect balance,PT_POP_Y_GE15,2011,10.8041420918,A,negative_affect,Subjective,lived,-1,core,True,pct,-10.8041420918,2011-13,2012.0,1.0
BEL,Belgium,Negative affect balance,PT_POP_Y_GE15,2014,13.4463502485,A,negative_affect,Subjective,lived,-1,core,True,pct,-13.4463502485,2014-16,2015.0,2.0
BEL,Belgium,Negative affect balance,PT_POP_Y_GE15,2017,14.7568384479,A,negative_affect,Subjective,lived,-1,core,True,pct,-14.7568384479,2017-19,2018.0,3.0
BEL,Belgium,Negative affect balance,PT_POP_Y_GE15,2020,15.1666231405,A,negative_affect,Subjective,lived,-1,core,True,pct,-15.1666231405,2020-22,2021.0,4.0
BEL,Belgium,Negative affect balance,PT_POP_Y_GE15,2023,13.3287552873,A,negative_affect,Subjective,lived,-1,core,True,pct,-13.3287552873,2023-25,2024.0,5.0
BGR,Bulgaria,Negative affect balance,PT_POP_Y_GE15,2010,20.4351108917,A,negative_affect,Subjective,lived,-1,core,True,pct,-20.4351108917,2008-10,2009.0,0.0
BGR,Bulgaria,Negative affect balance,PT_POP_Y_GE15,2011,24.0037360073,A,negative_affect,Subjective,lived,-1,core,True,pct,-24.0037360073,2011-13,2012.0,1.0
BGR,Bulgaria,Negative affect balance,PT_POP_Y_GE15,2014,19.1753686526,A,negative_affect,Subjective,lived,-1,core,True,pct,-19.1753686526,2014-16,2015.0,2.0
BGR,Bulgaria,Negative affect balance,PT_POP_Y_GE15,2017,17.3040844452,A,negative_affect,Subjective,lived,-1,core,True,pct,-17.3040844452,2017-19,2018.0,3.0
BGR,Bulgaria,Negative affect balance,PT_POP_Y_GE15,2020,14.787190886,A,negative_affect,Subjective,lived,-1,core,True,pct,-14.787190886,2020-22,2021.0,4.0
BGR,Bulgaria,Negative affect balance,PT_POP_Y_GE15,2023,16.4152769776,A,negative_affect,Subjective,lived,-1,core,True,pct,-16.4152769776,2023-25,2024.0,5.0
BRA,Brazil,Negative affect balance,PT_POP_Y_GE15,2010,11.7844548707,A,negative_affect,Subjective,lived,-1,core,True,pct,-11.7844548707,2008-10,2009.0,0.0
BRA,Brazil,Negative affect balance,PT_POP_Y_GE15,2011,13.5569318468,A,negative_affect,Subjective,lived,-1,core,True,pct,-13.5569318468,2011-13,2012.0,1.0
BRA,Brazil,Negative affect balance,PT_POP_Y_GE15,2014,14.0127908663,A,negative_affect,Subjective,lived,-1,core,True,pct,-14.0127908663,2014-16,2015.0,2.0
BRA,Brazil,Negative affect balance,PT_POP_Y_GE15,2017,16.8672892605,A,negative_affect,Subjective,lived,-1,core,True,pct,-16.8672892605,2017-19,2018.0,3.0
BRA,Brazil,Negative affect balance,PT_POP_Y_GE15,2020,20.2347499097,A,negative_affect,Subjective,lived,-1,core,True,pct,-20.2347499097,2020-22,2021.0,4.0
BRA,Brazil,Negative affect balance,PT_POP_Y_GE15,2023,15.548109324,A,negative_affect,Subjective,lived,-1,core,True,pct,-15.548109324,2023-25,2024.0,5.0
CAN,Canada,Negative affect balance,PT_POP_Y_GE15,2010,9.2109096471,A,negative_affect,Subjective,lived,-1,core,True,pct,-9.2109096471,2008-10,2009.0,0.0
CAN,Canada,Negative affect balance,PT_POP_Y_GE15,2011,10.5957366346,A,negative_affect,Subjective,lived,-1,core,True,pct,-10.5957366346,2011-13,2012.0,1.0
CAN,Canada,Negative affect balance,PT_POP_Y_GE15,2014,11.6255447271,A,negative_affect,Subjective,lived,-1,core,True,pct,-11.6255447271,2014-16,2015.0,2.0
CAN,Canada,Negative affect balance,PT_POP_Y_GE15,2017,10.7896829677,A,negative_affect,Subjective,lived,-1,core,True,pct,-10.7896829677,2017-19,2018.0,3.0
CAN,Canada,Negative affect balance,PT_POP_Y_GE15,2020,14.9725255456,A,negative_affect,Subjective,lived,-1,core,True,pct,-14.9725255456,2020-22,2021.0,4.0
CAN,Canada,Negative affect balance,PT_POP_Y_GE15,2023,16.9396412309,A,negative_affect,Subjective,lived,-1,core,True,pct,-16.9396412309,2023-25,2024.0,5.0
CHE,Switzerland,Negative affect balance,PT_POP_Y_GE15,2010,9.9719990761,A,negative_affect,Subjective,lived,-1,core,True,pct,-9.9719990761,2008-10,2009.0,0.0
CHE,Switzerland,Negative affect balance,PT_POP_Y_GE15,2011,7.4364359103,A,negative_affect,Subjective,lived,-1,core,True,pct,-7.4364359103,2011-13,2012.0,1.0
CHE,Switzerland,Negative affect balance,PT_POP_Y_GE15,2014,9.7245227479,A,negative_affect,Subjective,lived,-1,core,True,pct,-9.7245227479,2014-16,2015.0,2.0
CHE,Switzerland,Negative affect balance,PT_POP_Y_GE15,2017,8.6053310178,A,negative_affect,Subjective,lived,-1,core,True,pct,-8.6053310178,2017-19,2018.0,3.0
CHE,Switzerland,Negative affect balance,PT_POP_Y_GE15,2020,5.9377538742,A,negative_affect,Subjective,lived,-1,core,True,pct,-5.9377538742,2020-22,2021.0,4.0
CHE,Switzerland,Negative affect balance,PT_POP_Y_GE15,2023,7.2299473229,A,negative_affect,Subjective,lived,-1,core,True,pct,-7.2299473229,2023-25,2024.0,5.0
CHL,Chile,Negative affect balance,PT_POP_Y_GE15,2010,16.6612656462,A,negative_affect,Subjective,lived,-1,core,True,pct,-16.6612656462,2008-10,2009.0,0.0
CHL,Chile,Negative affect balance,PT_POP_Y_GE15,2011,15.2059109064,A,negative_affect,Subjective,lived,-1,core,True,pct,-15.2059109064,2011-13,2012.0,1.0
CHL,Chile,Negative affect balance,PT_POP_Y_GE15,2014,13.8037326587,A,negative_affect,Subjective,lived,-1,core,True,pct,-13.8037326587,2014-16,2015.0,2.0
CHL,Chile,Negative affect balance,PT_POP_Y_GE15,2017,15.3031617754,A,negative_affect,Subjective,lived,-1,core,True,pct,-15.3031617754,2017-19,2018.0,3.0
CHL,Chile,Negative affect balance,PT_POP_Y_GE15,2020,13.9790925194,A,negative_affect,Subjective,lived,-1,core,True,pct,-13.9790925194,2020-22,2021.0,4.0
CHL,Chile,Negative affect balance,PT_POP_Y_GE15,2023,11.6528472067,A,negative_affect,Subjective,lived,-1,core,True,pct,-11.6528472067,2023-25,2024.0,5.0
COL,Colombia,Negative affect balance,PT_POP_Y_GE15,2010,13.6184409667,A,negative_affect,Subjective,lived,-1,core,True,pct,-13.6184409667,2008-10,2009.0,0.0
COL,Colombia,Negative affect balance,PT_POP_Y_GE15,2011,12.4091260044,A,negative_affect,Subjective,lived,-1,core,True,pct,-12.4091260044,2011-13,2012.0,1.0
COL,Colombia,Negative affect balance,PT_POP_Y_GE15,2014,12.2793348421,A,negative_affect,Subjective,lived,-1,core,True,pct,-12.2793348421,2014-16,2015.0,2.0
COL,Colombia,Negative affect balance,PT_POP_Y_GE15,2017,13.6090278954,A,negative_affect,Subjective,lived,-1,core,True,pct,-13.6090278954,2017-19,2018.0,3.0
COL,Colombia,Negative affect balance,PT_POP_Y_GE15,2020,15.6451540402,A,negative_affect,Subjective,lived,-1,core,True,pct,-15.6451540402,2020-22,2021.0,4.0
COL,Colombia,Negative affect balance,PT_POP_Y_GE15,2023,13.2604307224,A,negative_affect,Subjective,lived,-1,core,True,pct,-13.2604307224,2023-25,2024.0,5.0
CRI,Costa Rica,Negative affect balance,PT_POP_Y_GE15,2010,7.5830608634,A,negative_affect,Subjective,lived,-1,core,True,pct,-7.5830608634,2008-10,2009.0,0.0
CRI,Costa Rica,Negative affect balance,PT_POP_Y_GE15,2011,10.4437404154,A,negative_affect,Subjective,lived,-1,core,True,pct,-10.4437404154,2011-13,2012.0,1.0
CRI,Costa Rica,Negative affect balance,PT_POP_Y_GE15,2014,12.6010063629,A,negative_affect,Subjective,lived,-1,core,True,pct,-12.6010063629,2014-16,2015.0,2.0
CRI,Costa Rica,Negative affect balance,PT_POP_Y_GE15,2017,11.5476801348,A,negative_affect,Subjective,lived,-1,core,True,pct,-11.5476801348,2017-19,2018.0,3.0
CRI,Costa Rica,Negative affect balance,PT_POP_Y_GE15,2020,15.0933747746,A,negative_affect,Subjective,lived,-1,core,True,pct,-15.0933747746,2020-22,2021.0,4.0
CRI,Costa Rica,Negative affect balance,PT_POP_Y_GE15,2023,9.8797586332,A,negative_affect,Subjective,lived,-1,core,True,pct,-9.8797586332,2023-25,2024.0,5.0
CZE,Czechia,Negative affect balance,PT_POP_Y_GE15,2010,16.0710187402,A,negative_affect,Subjective,lived,-1,core,True,pct,-16.0710187402,2008-10,2009.0,0.0
CZE,Czechia,Negative affect balance,PT_POP_Y_GE15,2011,17.1326467837,A,negative_affect,Subjective,lived,-1,core,True,pct,-17.1326467837,2011-13,2012.0,1.0
CZE,Czechia,Negative affect balance,PT_POP_Y_GE15,2014,13.7510339505,A,negative_affect,Subjective,lived,-1,core,True,pct,-13.7510339505,2014-16,2015.0,2.0
CZE,Czechia,Negative affect balance,PT_POP_Y_GE15,2017,13.7521028924,A,negative_affect,Subjective,lived,-1,core,True,pct,-13.7521028924,2017-19,2018.0,3.0
CZE,Czechia,Negative affect balance,PT_POP_Y_GE15,2020,11.6980492898,A,negative_affect,Subjective,lived,-1,core,True,pct,-11.6980492898,2020-22,2021.0,4.0
CZE,Czechia,Negative affect balance,PT_POP_Y_GE15,2023,12.075335136,A,negative_affect,Subjective,lived,-1,core,True,pct,-12.075335136,2023-25,2024.0,5.0
DEU,Germany,Negative affect balance,PT_POP_Y_GE15,2010,12.3309166242,A,negative_affect,Subjective,lived,-1,core,True,pct,-12.3309166242,2008-10,2009.0,0.0
DEU,Germany,Negative affect balance,PT_POP_Y_GE15,2011,10.879060774,A,negative_affect,Subjective,lived,-1,core,True,pct,-10.879060774,2011-13,2012.0,1.0
DEU,Germany,Negative affect balance,PT_POP_Y_GE15,2014,10.1290796478,A,negative_affect,Subjective,lived,-1,core,True,pct,-10.1290796478,2014-16,2015.0,2.0
DEU,Germany,Negative affect balance,PT_POP_Y_GE15,2017,11.2972639465,A,negative_affect,Subjective,lived,-1,core,True,pct,-11.2972639465,2017-19,2018.0,3.0
DEU,Germany,Negative affect balance,PT_POP_Y_GE15,2020,10.517230314,A,negative_affect,Subjective,lived,-1,core,True,pct,-10.517230314,2020-22,2021.0,4.0
DEU,Germany,Negative affect balance,PT_POP_Y_GE15,2023,10.7184450425,A,negative_affect,Subjective,lived,-1,core,True,pct,-10.7184450425,2023-25,2024.0,5.0
DNK,Denmark,Negative affect balance,PT_POP_Y_GE15,2010,7.5128076989,A,negative_affect,Subjective,lived,-1,core,True,pct,-7.5128076989,2008-10,2009.0,0.0
DNK,Denmark,Negative affect balance,PT_POP_Y_GE15,2011,8.5026117917,A,negative_affect,Subjective,lived,-1,core,True,pct,-8.5026117917,2011-13,2012.0,1.0
DNK,Denmark,Negative affect balance,PT_POP_Y_GE15,2014,9.7601336391,A,negative_affect,Subjective,lived,-1,core,True,pct,-9.7601336391,2014-16,2015.0,2.0
DNK,Denmark,Negative affect balance,PT_POP_Y_GE15,2017,8.9294449541,A,negative_affect,Subjective,lived,-1,core,True,pct,-8.9294449541,2017-19,2018.0,3.0
DNK,Denmark,Negative affect balance,PT_POP_Y_GE15,2020,10.1990421427,A,negative_affect,Subjective,lived,-1,core,True,pct,-10.1990421427,2020-22,2021.0,4.0
DNK,Denmark,Negative affect balance,PT_POP_Y_GE15,2023,9.7416142734,A,negative_affect,Subjective,lived,-1,core,True,pct,-9.7416142734,2023-25,2024.0,5.0
ESP,Spain,Negative affect balance,PT_POP_Y_GE15,2010,14.96480984,A,negative_affect,Subjective,lived,-1,core,True,pct,-14.96480984,2008-10,2009.0,0.0
ESP,Spain,Negative affect balance,PT_POP_Y_GE15,2011,19.4165695793,A,negative_affect,Subjective,lived,-1,core,True,pct,-19.4165695793,2011-13,2012.0,1.0
ESP,Spain,Negative affect balance,PT_POP_Y_GE15,2014,16.627362272,A,negative_affect,Subjective,lived,-1,core,True,pct,-16.627362272,2014-16,2015.0,2.0
ESP,Spain,Negative affect balance,PT_POP_Y_GE15,2017,20.8186847401,A,negative_affect,Subjective,lived,-1,core,True,pct,-20.8186847401,2017-19,2018.0,3.0
ESP,Spain,Negative affect balance,PT_POP_Y_GE15,2020,12.3031515148,A,negative_affect,Subjective,lived,-1,core,True,pct,-12.3031515148,2020-22,2021.0,4.0
ESP,Spain,Negative affect balance,PT_POP_Y_GE15,2023,13.8016465741,A,negative_affect,Subjective,lived,-1,core,True,pct,-13.8016465741,2023-25,2024.0,5.0
EST,Estonia,Negative affect balance,PT_POP_Y_GE15,2010,18.2191170566,A,negative_affect,Subjective,lived,-1,core,True,pct,-18.2191170566,2008-10,2009.0,0.0
EST,Estonia,Negative affect balance,PT_POP_Y_GE15,2011,15.3341812577,A,negative_affect,Subjective,lived,-1,core,True,pct,-15.3341812577,2011-13,2012.0,1.0
EST,Estonia,Negative affect balance,PT_POP_Y_GE15,2014,13.4977953644,A,negative_affect,Subjective,lived,-1,core,True,pct,-13.4977953644,2014-16,2015.0,2.0
EST,Estonia,Negative affect balance,PT_POP_Y_GE15,2017,10.9711998295,A,negative_affect,Subjective,lived,-1,core,True,pct,-10.9711998295,2017-19,2018.0,3.0
EST,Estonia,Negative affect balance,PT_POP_Y_GE15,2020,9.4230251596,A,negative_affect,Subjective,lived,-1,core,True,pct,-9.4230251596,2020-22,2021.0,4.0
EST,Estonia,Negative affect balance,PT_POP_Y_GE15,2023,12.0453677164,A,negative_affect,Subjective,lived,-1,core,True,pct,-12.0453677164,2023-25,2024.0,5.0
FIN,Finland,Negative affect balance,PT_POP_Y_GE15,2010,7.3438710421,A,negative_affect,Subjective,lived,-1,core,True,pct,-7.3438710421,2008-10,2009.0,0.0
FIN,Finland,Negative affect balance,PT_POP_Y_GE15,2011,10.0544817825,A,negative_affect,Subjective,lived,-1,core,True,pct,-10.0544817825,2011-13,2012.0,1.0
FIN,Finland,Negative affect balance,PT_POP_Y_GE15,2014,7.5360244318,A,negative_affect,Subjective,lived,-1,core,True,pct,-7.5360244318,2014-16,2015.0,2.0
FIN,Finland,Negative affect balance,PT_POP_Y_GE15,2017,8.6627273969,A,negative_affect,Subjective,lived,-1,core,True,pct,-8.6627273969,2017-19,2018.0,3.0
FIN,Finland,Negative affect balance,PT_POP_Y_GE15,2020,8.7387141865,A,negative_affect,Subjective,lived,-1,core,True,pct,-8.7387141865,2020-22,2021.0,4.0
FIN,Finland,Negative affect balance,PT_POP_Y_GE15,2023,9.7881230589,A,negative_affect,Subjective,lived,-1,core,True,pct,-9.7881230589,2023-25,2024.0,5.0
FRA,France,Negative affect balance,PT_POP_Y_GE15,2010,15.4789175499,A,negative_affect,Subjective,lived,-1,core,True,pct,-15.4789175499,2008-10,2009.0,0.0
FRA,France,Negative affect balance,PT_POP_Y_GE15,2011,13.3134749693,A,negative_affect,Subjective,lived,-1,core,True,pct,-13.3134749693,2011-13,2012.0,1.0
FRA,France,Negative affect balance,PT_POP_Y_GE15,2014,11.9590770993,A,negative_affect,Subjective,lived,-1,core,True,pct,-11.9590770993,2014-16,2015.0,2.0
FRA,France,Negative affect balance,PT_POP_Y_GE15,2017,14.3022818353,A,negative_affect,Subjective,lived,-1,core,True,pct,-14.3022818353,2017-19,2018.0,3.0
FRA,France,Negative affect balance,PT_POP_Y_GE15,2020,11.1556373435,A,negative_affect,Subjective,lived,-1,core,True,pct,-11.1556373435,2020-22,2021.0,4.0
FRA,France,Negative affect balance,PT_POP_Y_GE15,2023,12.5386067284,A,negative_affect,Subjective,lived,-1,core,True,pct,-12.5386067284,2023-25,2024.0,5.0
GBR,United Kingdom,Negative affect balance,PT_POP_Y_GE15,2010,10.7159882092,A,negative_affect,Subjective,lived,-1,core,True,pct,-10.7159882092,2008-10,2009.0,0.0
GBR,United Kingdom,Negative affect balance,PT_POP_Y_GE15,2011,11.6032012533,A,negative_affect,Subjective,lived,-1,core,True,pct,-11.6032012533,2011-13,2012.0,1.0
GBR,United Kingdom,Negative affect balance,PT_POP_Y_GE15,2014,11.4174796068,A,negative_affect,Subjective,lived,-1,core,True,pct,-11.4174796068,2014-16,2015.0,2.0
GBR,United Kingdom,Negative affect balance,PT_POP_Y_GE15,2017,9.5009180259,A,negative_affect,Subjective,lived,-1,core,True,pct,-9.5009180259,2017-19,2018.0,3.0
GBR,United Kingdom,Negative affect balance,PT_POP_Y_GE15,2020,9.4970581393,A,negative_affect,Subjective,lived,-1,core,True,pct,-9.4970581393,2020-22,2021.0,4.0
GBR,United Kingdom,Negative affect balance,PT_POP_Y_GE15,2023,12.3919603935,A,negative_affect,Subjective,lived,-1,core,True,pct,-12.3919603935,2023-25,2024.0,5.0
GRC,Greece,Negative affect balance,PT_POP_Y_GE15,2010,16.7227546807,A,negative_affect,Subjective,lived,-1,core,True,pct,-16.7227546807,2008-10,2009.0,0.0
GRC,Greece,Negative affect balance,PT_POP_Y_GE15,2011,27.4862618479,A,negative_affect,Subjective,lived,-1,core,True,pct,-27.4862618479,2011-13,2012.0,1.0
GRC,Greece,Negative affect balance,PT_POP_Y_GE15,2014,21.2674492591,A,negative_affect,Subjective,lived,-1,core,True,pct,-21.2674492591,2014-16,2015.0,2.0
GRC,Greece,Negative affect balance,PT_POP_Y_GE15,2017,19.9140997234,A,negative_affect,Subjective,lived,-1,core,True,pct,-19.9140997234,2017-19,2018.0,3.0
GRC,Greece,Negative affect balance,PT_POP_Y_GE15,2020,19.2487037315,A,negative_affect,Subjective,lived,-1,core,True,pct,-19.2487037315,2020-22,2021.0,4.0
GRC,Greece,Negative affect balance,PT_POP_Y_GE15,2023,23.1402702847,A,negative_affect,Subjective,lived,-1,core,True,pct,-23.1402702847,2023-25,2024.0,5.0
HRV,Croatia,Negative affect balance,PT_POP_Y_GE15,2010,19.9961501689,A,negative_affect,Subjective,lived,-1,core,True,pct,-19.9961501689,2008-10,2009.0,0.0
HRV,Croatia,Negative affect balance,PT_POP_Y_GE15,2011,21.81452935,A,negative_affect,Subjective,lived,-1,core,True,pct,-21.81452935,2011-13,2012.0,1.0
HRV,Croatia,Negative affect balance,PT_POP_Y_GE15,2014,24.7540539795,A,negative_affect,Subjective,lived,-1,core,True,pct,-24.7540539795,2014-16,2015.0,2.0
HRV,Croatia,Negative affect balance,PT_POP_Y_GE15,2017,24.4588951245,A,negative_affect,Subjective,lived,-1,core,True,pct,-24.4588951245,2017-19,2018.0,3.0
HRV,Croatia,Negative affect balance,PT_POP_Y_GE15,2020,16.6104192242,A,negative_affect,Subjective,lived,-1,core,True,pct,-16.6104192242,2020-22,2021.0,4.0
HRV,Croatia,Negative affect balance,PT_POP_Y_GE15,2023,12.3377529565,A,negative_affect,Subjective,lived,-1,core,True,pct,-12.3377529565,2023-25,2024.0,5.0
HUN,Hungary,Negative affect balance,PT_POP_Y_GE15,2010,15.9493923415,A,negative_affect,Subjective,lived,-1,core,True,pct,-15.9493923415,2008-10,2009.0,0.0
HUN,Hungary,Negative affect balance,PT_POP_Y_GE15,2011,23.4150176916,A,negative_affect,Subjective,lived,-1,core,True,pct,-23.4150176916,2011-13,2012.0,1.0
HUN,Hungary,Negative affect balance,PT_POP_Y_GE15,2014,19.606294273,A,negative_affect,Subjective,lived,-1,core,True,pct,-19.606294273,2014-16,2015.0,2.0
HUN,Hungary,Negative affect balance,PT_POP_Y_GE15,2017,14.9140690094,A,negative_affect,Subjective,lived,-1,core,True,pct,-14.9140690094,2017-19,2018.0,3.0
HUN,Hungary,Negative affect balance,PT_POP_Y_GE15,2020,15.911496411,A,negative_affect,Subjective,lived,-1,core,True,pct,-15.911496411,2020-22,2021.0,4.0
HUN,Hungary,Negative affect balance,PT_POP_Y_GE15,2023,14.9336366391,A,negative_affect,Subjective,lived,-1,core,True,pct,-14.9336366391,2023-25,2024.0,5.0
IDN,Indonesia,Negative affect balance,PT_POP_Y_GE15,2010,7.7992047447,A,negative_affect,Subjective,lived,-1,core,True,pct,-7.7992047447,2008-10,2009.0,0.0
IDN,Indonesia,Negative affect balance,PT_POP_Y_GE15,2011,7.0947695441,A,negative_affect,Subjective,lived,-1,core,True,pct,-7.0947695441,2011-13,2012.0,1.0
IDN,Indonesia,Negative affect balance,PT_POP_Y_GE15,2014,9.3083735505,A,negative_affect,Subjective,lived,-1,core,True,pct,-9.3083735505,2014-16,2015.0,2.0
IDN,Indonesia,Negative affect balance,PT_POP_Y_GE15,2017,9.0010547115,A,negative_affect,Subjective,lived,-1,core,True,pct,-9.0010547115,2017-19,2018.0,3.0
IDN,Indonesia,Negative affect balance,PT_POP_Y_GE15,2020,10.500734135,A,negative_affect,Subjective,lived,-1,core,True,pct,-10.500734135,2020-22,2021.0,4.0
IDN,Indonesia,Negative affect balance,PT_POP_Y_GE15,2023,7.5515697057,A,negative_affect,Subjective,lived,-1,core,True,pct,-7.5515697057,2023-25,2024.0,5.0
IRL,Ireland,Negative affect balance,PT_POP_Y_GE15,2010,9.5615346327,A,negative_affect,Subjective,lived,-1,core,True,pct,-9.5615346327,2008-10,2009.0,0.0
IRL,Ireland,Negative affect balance,PT_POP_Y_GE15,2011,10.367993732,A,negative_affect,Subjective,lived,-1,core,True,pct,-10.367993732,2011-13,2012.0,1.0
IRL,Ireland,Negative affect balance,PT_POP_Y_GE15,2014,10.4577365608,A,negative_affect,Subjective,lived,-1,core,True,pct,-10.4577365608,2014-16,2015.0,2.0
IRL,Ireland,Negative affect balance,PT_POP_Y_GE15,2017,7.7685692821,A,negative_affect,Subjective,lived,-1,core,True,pct,-7.7685692821,2017-19,2018.0,3.0
IRL,Ireland,Negative affect balance,PT_POP_Y_GE15,2020,7.5467689878,A,negative_affect,Subjective,lived,-1,core,True,pct,-7.5467689878,2020-22,2021.0,4.0
IRL,Ireland,Negative affect balance,PT_POP_Y_GE15,2023,9.5192982285,A,negative_affect,Subjective,lived,-1,core,True,pct,-9.5192982285,2023-25,2024.0,5.0
ISL,Iceland,Negative affect balance,PT_POP_Y_GE15,2010,7.1791738905,A,negative_affect,Subjective,lived,-1,core,True,pct,-7.1791738905,2008-10,2009.0,0.0
ISL,Iceland,Negative affect balance,PT_POP_Y_GE15,2011,7.5164103072,A,negative_affect,Subjective,lived,-1,core,True,pct,-7.5164103072,2011-13,2012.0,1.0
ISL,Iceland,Negative affect balance,PT_POP_Y_GE15,2014,7.7187984558,A,negative_affect,Subjective,lived,-1,core,True,pct,-7.7187984558,2014-16,2015.0,2.0
ISL,Iceland,Negative affect balance,PT_POP_Y_GE15,2017,6.6070269144,A,negative_affect,Subjective,lived,-1,core,True,pct,-6.6070269144,2017-19,2018.0,3.0
ISL,Iceland,Negative affect balance,PT_POP_Y_GE15,2020,8.0715199819,A,negative_affect,Subjective,lived,-1,core,True,pct,-8.0715199819,2020-22,2021.0,4.0
ISL,Iceland,Negative affect balance,PT_POP_Y_GE15,2023,7.9470285338,A,negative_affect,Subjective,lived,-1,core,True,pct,-7.9470285338,2023-25,2024.0,5.0
ISR,Israel,Negative affect balance,PT_POP_Y_GE15,2010,20.1773168319,A,negative_affect,Subjective,lived,-1,core,True,pct,-20.1773168319,2008-10,2009.0,0.0
ISR,Israel,Negative affect balance,PT_POP_Y_GE15,2011,20.9752594502,A,negative_affect,Subjective,lived,-1,core,True,pct,-20.9752594502,2011-13,2012.0,1.0
ISR,Israel,Negative affect balance,PT_POP_Y_GE15,2014,18.1821259556,A,negative_affect,Subjective,lived,-1,core,True,pct,-18.1821259556,2014-16,2015.0,2.0
ISR,Israel,Negative affect balance,PT_POP_Y_GE15,2017,18.0083617448,A,negative_affect,Subjective,lived,-1,core,True,pct,-18.0083617448,2017-19,2018.0,3.0
ISR,Israel,Negative affect balance,PT_POP_Y_GE15,2020,14.4428920647,A,negative_affect,Subjective,lived,-1,core,True,pct,-14.4428920647,2020-22,2021.0,4.0
ISR,Israel,Negative affect balance,PT_POP_Y_GE15,2023,26.928062786,A,negative_affect,Subjective,lived,-1,core,True,pct,-26.928062786,2023-25,2024.0,5.0
ITA,Italy,Negative affect balance,PT_POP_Y_GE15,2010,16.0219490062,A,negative_affect,Subjective,lived,-1,core,True,pct,-16.0219490062,2008-10,2009.0,0.0
ITA,Italy,Negative affect balance,PT_POP_Y_GE15,2011,16.7204527209,A,negative_affect,Subjective,lived,-1,core,True,pct,-16.7204527209,2011-13,2012.0,1.0
ITA,Italy,Negative affect balance,PT_POP_Y_GE15,2014,19.7618325773,A,negative_affect,Subjective,lived,-1,core,True,pct,-19.7618325773,2014-16,2015.0,2.0
ITA,Italy,Negative affect balance,PT_POP_Y_GE15,2017,24.5367923283,A,negative_affect,Subjective,lived,-1,core,True,pct,-24.5367923283,2017-19,2018.0,3.0
ITA,Italy,Negative affect balance,PT_POP_Y_GE15,2020,13.5586930955,A,negative_affect,Subjective,lived,-1,core,True,pct,-13.5586930955,2020-22,2021.0,4.0
ITA,Italy,Negative affect balance,PT_POP_Y_GE15,2023,15.9573904542,A,negative_affect,Subjective,lived,-1,core,True,pct,-15.9573904542,2023-25,2024.0,5.0
JPN,Japan,Negative affect balance,PT_POP_Y_GE15,2010,6.9283764494,A,negative_affect,Subjective,lived,-1,core,True,pct,-6.9283764494,2008-10,2009.0,0.0
JPN,Japan,Negative affect balance,PT_POP_Y_GE15,2011,6.5004215865,A,negative_affect,Subjective,lived,-1,core,True,pct,-6.5004215865,2011-13,2012.0,1.0
JPN,Japan,Negative affect balance,PT_POP_Y_GE15,2014,9.1469140944,A,negative_affect,Subjective,lived,-1,core,True,pct,-9.1469140944,2014-16,2015.0,2.0
JPN,Japan,Negative affect balance,PT_POP_Y_GE15,2017,8.4396385186,A,negative_affect,Subjective,lived,-1,core,True,pct,-8.4396385186,2017-19,2018.0,3.0
JPN,Japan,Negative affect balance,PT_POP_Y_GE15,2020,8.2751045007,A,negative_affect,Subjective,lived,-1,core,True,pct,-8.2751045007,2020-22,2021.0,4.0
JPN,Japan,Negative affect balance,PT_POP_Y_GE15,2023,8.0952401628,A,negative_affect,Subjective,lived,-1,core,True,pct,-8.0952401628,2023-25,2024.0,5.0
KOR,Korea,Negative affect balance,PT_POP_Y_GE15,2010,12.7737625441,A,negative_affect,Subjective,lived,-1,core,True,pct,-12.7737625441,2008-10,2009.0,0.0
KOR,Korea,Negative affect balance,PT_POP_Y_GE15,2011,13.893705241,A,negative_affect,Subjective,lived,-1,core,True,pct,-13.893705241,2011-13,2012.0,1.0
KOR,Korea,Negative affect balance,PT_POP_Y_GE15,2014,17.4328098331,A,negative_affect,Subjective,lived,-1,core,True,pct,-17.4328098331,2014-16,2015.0,2.0
KOR,Korea,Negative affect balance,PT_POP_Y_GE15,2017,17.0808304725,A,negative_affect,Subjective,lived,-1,core,True,pct,-17.0808304725,2017-19,2018.0,3.0
KOR,Korea,Negative affect balance,PT_POP_Y_GE15,2020,15.5347119057,A,negative_affect,Subjective,lived,-1,core,True,pct,-15.5347119057,2020-22,2021.0,4.0
KOR,Korea,Negative affect balance,PT_POP_Y_GE15,2023,14.4040930898,A,negative_affect,Subjective,lived,-1,core,True,pct,-14.4040930898,2023-25,2024.0,5.0
LTU,Lithuania,Negative affect balance,PT_POP_Y_GE15,2010,23.5868660833,A,negative_affect,Subjective,lived,-1,core,True,pct,-23.5868660833,2008-10,2009.0,0.0
LTU,Lithuania,Negative affect balance,PT_POP_Y_GE15,2011,22.4707218816,A,negative_affect,Subjective,lived,-1,core,True,pct,-22.4707218816,2011-13,2012.0,1.0
LTU,Lithuania,Negative affect balance,PT_POP_Y_GE15,2014,21.634597209,A,negative_affect,Subjective,lived,-1,core,True,pct,-21.634597209,2014-16,2015.0,2.0
LTU,Lithuania,Negative affect balance,PT_POP_Y_GE15,2017,20.0138563982,A,negative_affect,Subjective,lived,-1,core,True,pct,-20.0138563982,2017-19,2018.0,3.0
LTU,Lithuania,Negative affect balance,PT_POP_Y_GE15,2020,13.6026002658,A,negative_affect,Subjective,lived,-1,core,True,pct,-13.6026002658,2020-22,2021.0,4.0
LTU,Lithuania,Negative affect balance,PT_POP_Y_GE15,2023,15.2353549126,A,negative_affect,Subjective,lived,-1,core,True,pct,-15.2353549126,2023-25,2024.0,5.0
LUX,Luxembourg,Negative affect balance,PT_POP_Y_GE15,2010,10.7718380664,A,negative_affect,Subjective,lived,-1,core,True,pct,-10.7718380664,2008-10,2009.0,0.0
LUX,Luxembourg,Negative affect balance,PT_POP_Y_GE15,2011,12.2872374948,A,negative_affect,Subjective,lived,-1,core,True,pct,-12.2872374948,2011-13,2012.0,1.0
LUX,Luxembourg,Negative affect balance,PT_POP_Y_GE15,2014,9.6495694235,A,negative_affect,Subjective,lived,-1,core,True,pct,-9.6495694235,2014-16,2015.0,2.0
LUX,Luxembourg,Negative affect balance,PT_POP_Y_GE15,2017,10.0766528732,A,negative_affect,Subjective,lived,-1,core,True,pct,-10.0766528732,2017-19,2018.0,3.0
LUX,Luxembourg,Negative affect balance,PT_POP_Y_GE15,2020,7.0827574548,A,negative_affect,Subjective,lived,-1,core,True,pct,-7.0827574548,2020-22,2021.0,4.0
LUX,Luxembourg,Negative affect balance,PT_POP_Y_GE15,2023,7.2946010359,A,negative_affect,Subjective,lived,-1,core,True,pct,-7.2946010359,2023-25,2024.0,5.0
LVA,Latvia,Negative affect balance,PT_POP_Y_GE15,2010,19.6652731845,A,negative_affect,Subjective,lived,-1,core,True,pct,-19.6652731845,2008-10,2009.0,0.0
LVA,Latvia,Negative affect balance,PT_POP_Y_GE15,2011,16.6660332403,A,negative_affect,Subjective,lived,-1,core,True,pct,-16.6660332403,2011-13,2012.0,1.0
LVA,Latvia,Negative affect balance,PT_POP_Y_GE15,2014,18.0593065218,A,negative_affect,Subjective,lived,-1,core,True,pct,-18.0593065218,2014-16,2015.0,2.0
LVA,Latvia,Negative affect balance,PT_POP_Y_GE15,2017,19.2318478982,A,negative_affect,Subjective,lived,-1,core,True,pct,-19.2318478982,2017-19,2018.0,3.0
LVA,Latvia,Negative affect balance,PT_POP_Y_GE15,2020,11.3591918284,A,negative_affect,Subjective,lived,-1,core,True,pct,-11.3591918284,2020-22,2021.0,4.0
LVA,Latvia,Negative affect balance,PT_POP_Y_GE15,2023,13.818749019,A,negative_affect,Subjective,lived,-1,core,True,pct,-13.818749019,2023-25,2024.0,5.0
MEX,Mexico,Negative affect balance,PT_POP_Y_GE15,2010,8.9993376787,A,negative_affect,Subjective,lived,-1,core,True,pct,-8.9993376787,2008-10,2009.0,0.0
MEX,Mexico,Negative affect balance,PT_POP_Y_GE15,2011,11.5544806246,A,negative_affect,Subjective,lived,-1,core,True,pct,-11.5544806246,2011-13,2012.0,1.0
MEX,Mexico,Negative affect balance,PT_POP_Y_GE15,2014,11.5006413841,A,negative_affect,Subjective,lived,-1,core,True,pct,-11.5006413841,2014-16,2015.0,2.0
MEX,Mexico,Negative affect balance,PT_POP_Y_GE15,2017,8.9558417323,A,negative_affect,Subjective,lived,-1,core,True,pct,-8.9558417323,2017-19,2018.0,3.0
MEX,Mexico,Negative affect balance,PT_POP_Y_GE15,2020,12.4155924734,A,negative_affect,Subjective,lived,-1,core,True,pct,-12.4155924734,2020-22,2021.0,4.0
MEX,Mexico,Negative affect balance,PT_POP_Y_GE15,2023,7.9481912706,A,negative_affect,Subjective,lived,-1,core,True,pct,-7.9481912706,2023-25,2024.0,5.0
NLD,Netherlands,Negative affect balance,PT_POP_Y_GE15,2010,8.6344240296,A,negative_affect,Subjective,lived,-1,core,True,pct,-8.6344240296,2008-10,2009.0,0.0
NLD,Netherlands,Negative affect balance,PT_POP_Y_GE15,2011,8.1562533893,A,negative_affect,Subjective,lived,-1,core,True,pct,-8.1562533893,2011-13,2012.0,1.0
NLD,Netherlands,Negative affect balance,PT_POP_Y_GE15,2014,8.7783044546,A,negative_affect,Subjective,lived,-1,core,True,pct,-8.7783044546,2014-16,2015.0,2.0
NLD,Netherlands,Negative affect balance,PT_POP_Y_GE15,2017,9.2755316848,A,negative_affect,Subjective,lived,-1,core,True,pct,-9.2755316848,2017-19,2018.0,3.0
NLD,Netherlands,Negative affect balance,PT_POP_Y_GE15,2020,10.9614298162,A,negative_affect,Subjective,lived,-1,core,True,pct,-10.9614298162,2020-22,2021.0,4.0
NLD,Netherlands,Negative affect balance,PT_POP_Y_GE15,2023,10.4697603072,A,negative_affect,Subjective,lived,-1,core,True,pct,-10.4697603072,2023-25,2024.0,5.0
NOR,Norway,Negative affect balance,PT_POP_Y_GE15,2010,8.4938088013,A,negative_affect,Subjective,lived,-1,core,True,pct,-8.4938088013,2008-10,2009.0,0.0
NOR,Norway,Negative affect balance,PT_POP_Y_GE15,2011,8.0859620965,A,negative_affect,Subjective,lived,-1,core,True,pct,-8.0859620965,2011-13,2012.0,1.0
NOR,Norway,Negative affect balance,PT_POP_Y_GE15,2014,8.0137449551,A,negative_affect,Subjective,lived,-1,core,True,pct,-8.0137449551,2014-16,2015.0,2.0
NOR,Norway,Negative affect balance,PT_POP_Y_GE15,2017,9.5069361994,A,negative_affect,Subjective,lived,-1,core,True,pct,-9.5069361994,2017-19,2018.0,3.0
NOR,Norway,Negative affect balance,PT_POP_Y_GE15,2020,10.390040042,A,negative_affect,Subjective,lived,-1,core,True,pct,-10.390040042,2020-22,2021.0,4.0
NOR,Norway,Negative affect balance,PT_POP_Y_GE15,2023,11.8992368455,A,negative_affect,Subjective,lived,-1,core,True,pct,-11.8992368455,2023-25,2024.0,5.0
NZL,New Zealand,Negative affect balance,PT_POP_Y_GE15,2010,11.029636852,A,negative_affect,Subjective,lived,-1,core,True,pct,-11.029636852,2008-10,2009.0,0.0
NZL,New Zealand,Negative affect balance,PT_POP_Y_GE15,2011,9.1436472797,A,negative_affect,Subjective,lived,-1,core,True,pct,-9.1436472797,2011-13,2012.0,1.0
NZL,New Zealand,Negative affect balance,PT_POP_Y_GE15,2014,9.1177822182,A,negative_affect,Subjective,lived,-1,core,True,pct,-9.1177822182,2014-16,2015.0,2.0
NZL,New Zealand,Negative affect balance,PT_POP_Y_GE15,2017,8.6426630693,A,negative_affect,Subjective,lived,-1,core,True,pct,-8.6426630693,2017-19,2018.0,3.0
NZL,New Zealand,Negative affect balance,PT_POP_Y_GE15,2020,11.8184764074,A,negative_affect,Subjective,lived,-1,core,True,pct,-11.8184764074,2020-22,2021.0,4.0
NZL,New Zealand,Negative affect balance,PT_POP_Y_GE15,2023,11.2184961882,A,negative_affect,Subjective,lived,-1,core,True,pct,-11.2184961882,2023-25,2024.0,5.0
PER,Peru,Negative affect balance,PT_POP_Y_GE15,2010,18.058867434,A,negative_affect,Subjective,lived,-1,core,True,pct,-18.058867434,2008-10,2009.0,0.0
PER,Peru,Negative affect balance,PT_POP_Y_GE15,2011,19.4808923615,A,negative_affect,Subjective,lived,-1,core,True,pct,-19.4808923615,2011-13,2012.0,1.0
PER,Peru,Negative affect balance,PT_POP_Y_GE15,2014,17.4773029564,A,negative_affect,Subjective,lived,-1,core,True,pct,-17.4773029564,2014-16,2015.0,2.0
PER,Peru,Negative affect balance,PT_POP_Y_GE15,2017,17.1642521709,A,negative_affect,Subjective,lived,-1,core,True,pct,-17.1642521709,2017-19,2018.0,3.0
PER,Peru,Negative affect balance,PT_POP_Y_GE15,2020,20.4685904616,A,negative_affect,Subjective,lived,-1,core,True,pct,-20.4685904616,2020-22,2021.0,4.0
PER,Peru,Negative affect balance,PT_POP_Y_GE15,2023,17.0600827864,A,negative_affect,Subjective,lived,-1,core,True,pct,-17.0600827864,2023-25,2024.0,5.0
POL,Poland,Negative affect balance,PT_POP_Y_GE15,2010,15.0140049939,A,negative_affect,Subjective,lived,-1,core,True,pct,-15.0140049939,2008-10,2009.0,0.0
POL,Poland,Negative affect balance,PT_POP_Y_GE15,2011,13.0045642,A,negative_affect,Subjective,lived,-1,core,True,pct,-13.0045642,2011-13,2012.0,1.0
POL,Poland,Negative affect balance,PT_POP_Y_GE15,2014,15.4905871927,A,negative_affect,Subjective,lived,-1,core,True,pct,-15.4905871927,2014-16,2015.0,2.0
POL,Poland,Negative affect balance,PT_POP_Y_GE15,2017,12.9907016078,A,negative_affect,Subjective,lived,-1,core,True,pct,-12.9907016078,2017-19,2018.0,3.0
POL,Poland,Negative affect balance,PT_POP_Y_GE15,2020,15.102963873,A,negative_affect,Subjective,lived,-1,core,True,pct,-15.102963873,2020-22,2021.0,4.0
POL,Poland,Negative affect balance,PT_POP_Y_GE15,2023,9.3157393006,A,negative_affect,Subjective,lived,-1,core,True,pct,-9.3157393006,2023-25,2024.0,5.0
PRT,Portugal,Negative affect balance,PT_POP_Y_GE15,2010,19.001745721,A,negative_affect,Subjective,lived,-1,core,True,pct,-19.001745721,2008-10,2009.0,0.0
PRT,Portugal,Negative affect balance,PT_POP_Y_GE15,2011,19.1345856647,A,negative_affect,Subjective,lived,-1,core,True,pct,-19.1345856647,2011-13,2012.0,1.0
PRT,Portugal,Negative affect balance,PT_POP_Y_GE15,2014,20.8778280929,A,negative_affect,Subjective,lived,-1,core,True,pct,-20.8778280929,2014-16,2015.0,2.0
PRT,Portugal,Negative affect balance,PT_POP_Y_GE15,2017,18.1722079859,A,negative_affect,Subjective,lived,-1,core,True,pct,-18.1722079859,2017-19,2018.0,3.0
PRT,Portugal,Negative affect balance,PT_POP_Y_GE15,2020,18.0087260822,A,negative_affect,Subjective,lived,-1,core,True,pct,-18.0087260822,2020-22,2021.0,4.0
PRT,Portugal,Negative affect balance,PT_POP_Y_GE15,2023,17.7503019773,A,negative_affect,Subjective,lived,-1,core,True,pct,-17.7503019773,2023-25,2024.0,5.0
ROU,Romania,Negative affect balance,PT_POP_Y_GE15,2010,25.7889493824,A,negative_affect,Subjective,lived,-1,core,True,pct,-25.7889493824,2008-10,2009.0,0.0
ROU,Romania,Negative affect balance,PT_POP_Y_GE15,2011,27.0540398516,A,negative_affect,Subjective,lived,-1,core,True,pct,-27.0540398516,2011-13,2012.0,1.0
ROU,Romania,Negative affect balance,PT_POP_Y_GE15,2014,23.9196609066,A,negative_affect,Subjective,lived,-1,core,True,pct,-23.9196609066,2014-16,2015.0,2.0
ROU,Romania,Negative affect balance,PT_POP_Y_GE15,2017,17.9939348033,A,negative_affect,Subjective,lived,-1,core,True,pct,-17.9939348033,2017-19,2018.0,3.0
ROU,Romania,Negative affect balance,PT_POP_Y_GE15,2020,15.3737752434,A,negative_affect,Subjective,lived,-1,core,True,pct,-15.3737752434,2020-22,2021.0,4.0
ROU,Romania,Negative affect balance,PT_POP_Y_GE15,2023,16.9771808613,A,negative_affect,Subjective,lived,-1,core,True,pct,-16.9771808613,2023-25,2024.0,5.0
SVK,Slovak Republic,Negative affect balance,PT_POP_Y_GE15,2010,16.4024580102,A,negative_affect,Subjective,lived,-1,core,True,pct,-16.4024580102,2008-10,2009.0,0.0
SVK,Slovak Republic,Negative affect balance,PT_POP_Y_GE15,2011,20.1301459058,A,negative_affect,Subjective,lived,-1,core,True,pct,-20.1301459058,2011-13,2012.0,1.0
SVK,Slovak Republic,Negative affect balance,PT_POP_Y_GE15,2014,15.6666060614,A,negative_affect,Subjective,lived,-1,core,True,pct,-15.6666060614,2014-16,2015.0,2.0
SVK,Slovak Republic,Negative affect balance,PT_POP_Y_GE15,2017,14.334917033,A,negative_affect,Subjective,lived,-1,core,True,pct,-14.334917033,2017-19,2018.0,3.0
SVK,Slovak Republic,Negative affect balance,PT_POP_Y_GE15,2020,13.3342441407,A,negative_affect,Subjective,lived,-1,core,True,pct,-13.3342441407,2020-22,2021.0,4.0
SVK,Slovak Republic,Negative affect balance,PT_POP_Y_GE15,2023,13.3454585379,A,negative_affect,Subjective,lived,-1,core,True,pct,-13.3454585379,2023-25,2024.0,5.0
SVN,Slovenia,Negative affect balance,PT_POP_Y_GE15,2010,19.1348690297,A,negative_affect,Subjective,lived,-1,core,True,pct,-19.1348690297,2008-10,2009.0,0.0
SVN,Slovenia,Negative affect balance,PT_POP_Y_GE15,2011,17.9678196671,A,negative_affect,Subjective,lived,-1,core,True,pct,-17.9678196671,2011-13,2012.0,1.0
SVN,Slovenia,Negative affect balance,PT_POP_Y_GE15,2014,18.0512834328,A,negative_affect,Subjective,lived,-1,core,True,pct,-18.0512834328,2014-16,2015.0,2.0
SVN,Slovenia,Negative affect balance,PT_POP_Y_GE15,2017,15.7314764351,A,negative_affect,Subjective,lived,-1,core,True,pct,-15.7314764351,2017-19,2018.0,3.0
SVN,Slovenia,Negative affect balance,PT_POP_Y_GE15,2020,13.6432108815,A,negative_affect,Subjective,lived,-1,core,True,pct,-13.6432108815,2020-22,2021.0,4.0
SVN,Slovenia,Negative affect balance,PT_POP_Y_GE15,2023,14.2218239079,A,negative_affect,Subjective,lived,-1,core,True,pct,-14.2218239079,2023-25,2024.0,5.0
SWE,Sweden,Negative affect balance,PT_POP_Y_GE15,2010,8.2370552458,A,negative_affect,Subjective,lived,-1,core,True,pct,-8.2370552458,2008-10,2009.0,0.0
SWE,Sweden,Negative affect balance,PT_POP_Y_GE15,2011,9.4585926484,A,negative_affect,Subjective,lived,-1,core,True,pct,-9.4585926484,2011-13,2012.0,1.0
SWE,Sweden,Negative affect balance,PT_POP_Y_GE15,2014,12.1255660689,A,negative_affect,Subjective,lived,-1,core,True,pct,-12.1255660689,2014-16,2015.0,2.0
SWE,Sweden,Negative affect balance,PT_POP_Y_GE15,2017,11.2006903902,A,negative_affect,Subjective,lived,-1,core,True,pct,-11.2006903902,2017-19,2018.0,3.0
SWE,Sweden,Negative affect balance,PT_POP_Y_GE15,2020,11.3651988851,A,negative_affect,Subjective,lived,-1,core,True,pct,-11.3651988851,2020-22,2021.0,4.0
SWE,Sweden,Negative affect balance,PT_POP_Y_GE15,2023,13.404964663,A,negative_affect,Subjective,lived,-1,core,True,pct,-13.404964663,2023-25,2024.0,5.0
THA,Thailand,Negative affect balance,PT_POP_Y_GE15,2010,6.0820983844,A,negative_affect,Subjective,lived,-1,core,True,pct,-6.0820983844,2008-10,2009.0,0.0
THA,Thailand,Negative affect balance,PT_POP_Y_GE15,2011,4.1349354772,A,negative_affect,Subjective,lived,-1,core,True,pct,-4.1349354772,2011-13,2012.0,1.0
THA,Thailand,Negative affect balance,PT_POP_Y_GE15,2014,7.5097123431,A,negative_affect,Subjective,lived,-1,core,True,pct,-7.5097123431,2014-16,2015.0,2.0
THA,Thailand,Negative affect balance,PT_POP_Y_GE15,2017,9.1376563754,A,negative_affect,Subjective,lived,-1,core,True,pct,-9.1376563754,2017-19,2018.0,3.0
THA,Thailand,Negative affect balance,PT_POP_Y_GE15,2020,12.7990710926,A,negative_affect,Subjective,lived,-1,core,True,pct,-12.7990710926,2020-22,2021.0,4.0
THA,Thailand,Negative affect balance,PT_POP_Y_GE15,2023,9.2721568223,A,negative_affect,Subjective,lived,-1,core,True,pct,-9.2721568223,2023-25,2024.0,5.0
TUR,Türkiye,Negative affect balance,PT_POP_Y_GE15,2010,24.0246768974,A,negative_affect,Subjective,lived,-1,core,True,pct,-24.0246768974,2008-10,2009.0,0.0
TUR,Türkiye,Negative affect balance,PT_POP_Y_GE15,2011,25.8643034731,A,negative_affect,Subjective,lived,-1,core,True,pct,-25.8643034731,2011-13,2012.0,1.0
TUR,Türkiye,Negative affect balance,PT_POP_Y_GE15,2014,31.9638570856,A,negative_affect,Subjective,lived,-1,core,True,pct,-31.9638570856,2014-16,2015.0,2.0
TUR,Türkiye,Negative affect balance,PT_POP_Y_GE15,2017,27.4684405115,A,negative_affect,Subjective,lived,-1,core,True,pct,-27.4684405115,2017-19,2018.0,3.0
TUR,Türkiye,Negative affect balance,PT_POP_Y_GE15,2020,38.5155028543,A,negative_affect,Subjective,lived,-1,core,True,pct,-38.5155028543,2020-22,2021.0,4.0
TUR,Türkiye,Negative affect balance,PT_POP_Y_GE15,2023,28.8685532415,A,negative_affect,Subjective,lived,-1,core,True,pct,-28.8685532415,2023-25,2024.0,5.0
USA,United States,Negative affect balance,PT_POP_Y_GE15,2010,11.1664541267,A,negative_affect,Subjective,lived,-1,core,True,pct,-11.1664541267,2008-10,2009.0,0.0
USA,United States,Negative affect balance,PT_POP_Y_GE15,2011,13.4444053363,A,negative_affect,Subjective,lived,-1,core,True,pct,-13.4444053363,2011-13,2012.0,1.0
USA,United States,Negative affect balance,PT_POP_Y_GE15,2014,13.7907111758,A,negative_affect,Subjective,lived,-1,core,True,pct,-13.7907111758,2014-16,2015.0,2.0
USA,United States,Negative affect balance,PT_POP_Y_GE15,2017,13.1701114402,A,negative_affect,Subjective,lived,-1,core,True,pct,-13.1701114402,2017-19,2018.0,3.0
USA,United States,Negative affect balance,PT_POP_Y_GE15,2020,14.7553195778,A,negative_affect,Subjective,lived,-1,core,True,pct,-14.7553195778,2020-22,2021.0,4.0
USA,United States,Negative affect balance,PT_POP_Y_GE15,2023,13.3709177398,A,negative_affect,Subjective,lived,-1,core,True,pct,-13.3709177398,2023-25,2024.0,5.0
ZAF,South Africa,Negative affect balance,PT_POP_Y_GE15,2010,10.9185177526,A,negative_affect,Subjective,lived,-1,core,True,pct,-10.9185177526,2008-10,2009.0,0.0
ZAF,South Africa,Negative affect balance,PT_POP_Y_GE15,2011,11.2191468027,A,negative_affect,Subjective,lived,-1,core,True,pct,-11.2191468027,2011-13,2012.0,1.0
ZAF,South Africa,Negative affect balance,PT_POP_Y_GE15,2014,10.6083797666,A,negative_affect,Subjective,lived,-1,core,True,pct,-10.6083797666,2014-16,2015.0,2.0
ZAF,South Africa,Negative affect balance,PT_POP_Y_GE15,2017,11.9380804256,A,negative_affect,Subjective,lived,-1,core,True,pct,-11.9380804256,2017-19,2018.0,3.0
ZAF,South Africa,Negative affect balance,PT_POP_Y_GE15,2020,10.6074513208,A,negative_affect,Subjective,lived,-1,core,True,pct,-10.6074513208,2020-22,2021.0,4.0
ZAF,South Africa,Negative affect balance,PT_POP_Y_GE15,2023,11.5896263384,A,negative_affect,Subjective,lived,-1,core,True,pct,-11.5896263384,2023-25,2024.0,5.0
